________________________________________________________________________________
Frame3DD version: 20140514+               http://frame3dd.sf.net/
GPL Copyright (C) 1992-2015, Henri P. Gavin 
Frame3DD is distributed in the hope that it will be useful but with no warranty.
For details see the GNU Public Licence: http://www.fsf.org/copyleft/gpl.html
________________________________________________________________________________

Ponte de palitos - Frame3DD linear estabilizado (N mm tonne) 
Mon May 04 19:36:11 2026
________________________________________________________________________________
In 2D problems the Y-axis is vertical.  In 3D problems the Z-axis is vertical.
________________________________________________________________________________
   60 NODES              4 FIXED NODES      234 FRAME ELEMENTS   1 LOAD CASES   
________________________________________________________________________________
N O D E   D A T A                                           R E S T R A I N T S
  Node       X              Y              Z         radius  Fx Fy Fz Mx My Mz
    1    -100.000000     -90.000000       0.000000    0.000   0  0  0  0  0  0
    2    -100.000000     -90.000000     100.000000    0.000   0  0  0  0  0  0
    3    -100.000000      90.000000       0.000000    0.000   0  0  0  0  0  0
    4    -100.000000      90.000000     100.000000    0.000   0  0  0  0  0  0
    5       0.000000     -90.000000       0.000000    0.000   0  0  1  1  1  1
    6       0.000000     -90.000000     100.000000    0.000   0  0  0  0  0  0
    7       0.000000      90.000000       0.000000    0.000   0  0  1  1  1  1
    8       0.000000      90.000000     100.000000    0.000   0  0  0  0  0  0
    9     100.000000     -90.000000       0.000000    0.000   0  0  0  0  0  0
   10     100.000000     -90.000000     150.000000    0.000   0  0  0  0  0  0
   11     100.000000      90.000000       0.000000    0.000   0  0  0  0  0  0
   12     100.000000      90.000000     150.000000    0.000   0  0  0  0  0  0
   13     200.000000     -90.000000       0.000000    0.000   0  0  0  0  0  0
   14     200.000000     -90.000000     200.000000    0.000   0  0  0  0  0  0
   15     200.000000      90.000000       0.000000    0.000   0  0  0  0  0  0
   16     200.000000      90.000000     200.000000    0.000   0  0  0  0  0  0
   17     300.000000     -90.000000       0.000000    0.000   0  0  0  0  0  0
   18     300.000000     -90.000000     250.000000    0.000   0  0  0  0  0  0
   19     300.000000      90.000000       0.000000    0.000   0  0  0  0  0  0
   20     300.000000      90.000000     250.000000    0.000   0  0  0  0  0  0
   21     400.000000     -90.000000       0.000000    0.000   0  0  0  0  0  0
   22     400.000000     -90.000000     300.000000    0.000   0  0  0  0  0  0
   23     400.000000      90.000000       0.000000    0.000   0  0  0  0  0  0
   24     400.000000      90.000000     300.000000    0.000   0  0  0  0  0  0
   25     500.000000     -90.000000       0.000000    0.000   0  0  0  0  0  0
   26     500.000000     -90.000000     300.000000    0.000   0  0  0  0  0  0
   27     500.000000      90.000000       0.000000    0.000   0  0  0  0  0  0
   28     500.000000      90.000000     300.000000    0.000   0  0  0  0  0  0
   29     600.000000     -90.000000       0.000000    0.000   0  0  0  0  0  0
   30     600.000000     -90.000000     300.000000    0.000   0  0  0  0  0  0
   31     600.000000      90.000000       0.000000    0.000   0  0  0  0  0  0
   32     600.000000      90.000000     300.000000    0.000   0  0  0  0  0  0
   33     700.000000     -90.000000       0.000000    0.000   0  0  0  0  0  0
   34     700.000000     -90.000000     300.000000    0.000   0  0  0  0  0  0
   35     700.000000      90.000000       0.000000    0.000   0  0  0  0  0  0
   36     700.000000      90.000000     300.000000    0.000   0  0  0  0  0  0
   37     800.000000     -90.000000       0.000000    0.000   0  0  0  0  0  0
   38     800.000000     -90.000000     300.000000    0.000   0  0  0  0  0  0
   39     800.000000      90.000000       0.000000    0.000   0  0  0  0  0  0
   40     800.000000      90.000000     300.000000    0.000   0  0  0  0  0  0
   41     900.000000     -90.000000       0.000000    0.000   0  0  0  0  0  0
   42     900.000000     -90.000000     250.000000    0.000   0  0  0  0  0  0
   43     900.000000      90.000000       0.000000    0.000   0  0  0  0  0  0
   44     900.000000      90.000000     250.000000    0.000   0  0  0  0  0  0
   45    1000.000000     -90.000000       0.000000    0.000   0  0  0  0  0  0
   46    1000.000000     -90.000000     200.000000    0.000   0  0  0  0  0  0
   47    1000.000000      90.000000       0.000000    0.000   0  0  0  0  0  0
   48    1000.000000      90.000000     200.000000    0.000   0  0  0  0  0  0
   49    1100.000000     -90.000000       0.000000    0.000   0  0  0  0  0  0
   50    1100.000000     -90.000000     150.000000    0.000   0  0  0  0  0  0
   51    1100.000000      90.000000       0.000000    0.000   0  0  0  0  0  0
   52    1100.000000      90.000000     150.000000    0.000   0  0  0  0  0  0
   53    1200.000000     -90.000000       0.000000    0.000   0  0  1  1  1  1
   54    1200.000000     -90.000000     100.000000    0.000   0  0  0  0  0  0
   55    1200.000000      90.000000       0.000000    0.000   0  0  1  1  1  1
   56    1200.000000      90.000000     100.000000    0.000   0  0  0  0  0  0
   57    1300.000000     -90.000000       0.000000    0.000   0  0  0  0  0  0
   58    1300.000000     -90.000000     100.000000    0.000   0  0  0  0  0  0
   59    1300.000000      90.000000       0.000000    0.000   0  0  0  0  0  0
   60    1300.000000      90.000000     100.000000    0.000   0  0  0  0  0  0
F R A M E   E L E M E N T   D A T A					(local)
  Elmnt  J1    J2     Ax   Asy   Asz    Jxx     Iyy     Izz       E       G roll  density
    1     1     5   42.0  42.0  42.0  104.1   126.0   171.5   6000.0   500.0   0 1.11e-009
    2     2     6   52.5  52.5  52.5 1348.6  1824.2  2028.8   6000.0   500.0   0 1.11e-009
    3     5     9   42.0  42.0  42.0  104.1   126.0   171.5   6000.0   500.0   0 1.11e-009
    4     6    10   52.5  52.5  52.5 1348.6  1824.2  2028.8   6000.0   500.0   0 1.11e-009
    5     9    13   42.0  42.0  42.0  104.1   126.0   171.5   6000.0   500.0   0 1.11e-009
    6    10    14   52.5  52.5  52.5 1348.6  1824.2  2028.8   6000.0   500.0   0 1.11e-009
    7    13    17   42.0  42.0  42.0  104.1   126.0   171.5   6000.0   500.0   0 1.11e-009
    8    14    18   52.5  52.5  52.5 1348.6  1824.2  2028.8   6000.0   500.0   0 1.11e-009
    9    17    21   42.0  42.0  42.0  104.1   126.0   171.5   6000.0   500.0   0 1.11e-009
   10    18    22   52.5  52.5  52.5 1348.6  1824.2  2028.8   6000.0   500.0   0 1.11e-009
   11    21    25   42.0  42.0  42.0  104.1   126.0   171.5   6000.0   500.0   0 1.11e-009
   12    22    26   52.5  52.5  52.5 1348.6  1824.2  2028.8   6000.0   500.0   0 1.11e-009
   13    25    29   42.0  42.0  42.0  104.1   126.0   171.5   6000.0   500.0   0 1.11e-009
   14    26    30   52.5  52.5  52.5 1348.6  1824.2  2028.8   6000.0   500.0   0 1.11e-009
   15    29    33   42.0  42.0  42.0  104.1   126.0   171.5   6000.0   500.0   0 1.11e-009
   16    30    34   52.5  52.5  52.5 1348.6  1824.2  2028.8   6000.0   500.0   0 1.11e-009
   17    33    37   42.0  42.0  42.0  104.1   126.0   171.5   6000.0   500.0   0 1.11e-009
   18    34    38   52.5  52.5  52.5 1348.6  1824.2  2028.8   6000.0   500.0   0 1.11e-009
   19    37    41   42.0  42.0  42.0  104.1   126.0   171.5   6000.0   500.0   0 1.11e-009
   20    38    42   52.5  52.5  52.5 1348.6  1824.2  2028.8   6000.0   500.0   0 1.11e-009
   21    41    45   42.0  42.0  42.0  104.1   126.0   171.5   6000.0   500.0   0 1.11e-009
   22    42    46   52.5  52.5  52.5 1348.6  1824.2  2028.8   6000.0   500.0   0 1.11e-009
   23    45    49   42.0  42.0  42.0  104.1   126.0   171.5   6000.0   500.0   0 1.11e-009
   24    46    50   52.5  52.5  52.5 1348.6  1824.2  2028.8   6000.0   500.0   0 1.11e-009
   25    49    53   42.0  42.0  42.0  104.1   126.0   171.5   6000.0   500.0   0 1.11e-009
   26    50    54   52.5  52.5  52.5 1348.6  1824.2  2028.8   6000.0   500.0   0 1.11e-009
   27    53    57   42.0  42.0  42.0  104.1   126.0   171.5   6000.0   500.0   0 1.11e-009
   28    54    58   52.5  52.5  52.5 1348.6  1824.2  2028.8   6000.0   500.0   0 1.11e-009
   29     1     2   31.5  31.5  31.5   63.6    53.2   128.6   6000.0   500.0   0 1.11e-009
   30     5     6   31.5  31.5  31.5   63.6    53.2   128.6   6000.0   500.0   0 1.11e-009
   31     9    10   31.5  31.5  31.5   63.6    53.2   128.6   6000.0   500.0   0 1.11e-009
   32    13    14   31.5  31.5  31.5   63.6    53.2   128.6   6000.0   500.0   0 1.11e-009
   33    17    18   31.5  31.5  31.5   63.6    53.2   128.6   6000.0   500.0   0 1.11e-009
   34    21    22   31.5  31.5  31.5   63.6    53.2   128.6   6000.0   500.0   0 1.11e-009
   35    25    26   31.5  31.5  31.5   63.6    53.2   128.6   6000.0   500.0   0 1.11e-009
   36    29    30   31.5  31.5  31.5   63.6    53.2   128.6   6000.0   500.0   0 1.11e-009
   37    33    34   31.5  31.5  31.5   63.6    53.2   128.6   6000.0   500.0   0 1.11e-009
   38    37    38   31.5  31.5  31.5   63.6    53.2   128.6   6000.0   500.0   0 1.11e-009
   39    41    42   31.5  31.5  31.5   63.6    53.2   128.6   6000.0   500.0   0 1.11e-009
   40    45    46   31.5  31.5  31.5   63.6    53.2   128.6   6000.0   500.0   0 1.11e-009
   41    49    50   31.5  31.5  31.5   63.6    53.2   128.6   6000.0   500.0   0 1.11e-009
   42    53    54   31.5  31.5  31.5   63.6    53.2   128.6   6000.0   500.0   0 1.11e-009
   43    57    58   31.5  31.5  31.5   63.6    53.2   128.6   6000.0   500.0   0 1.11e-009
   44     2     5   31.5  31.5  31.5   63.6    53.2   128.6   6000.0   500.0   0 1.11e-009
   45     6     9   31.5  31.5  31.5   63.6    53.2   128.6   6000.0   500.0   0 1.11e-009
   46    10    13   31.5  31.5  31.5   63.6    53.2   128.6   6000.0   500.0   0 1.11e-009
   47    14    17   31.5  31.5  31.5   63.6    53.2   128.6   6000.0   500.0   0 1.11e-009
   48    18    21   31.5  31.5  31.5   63.6    53.2   128.6   6000.0   500.0   0 1.11e-009
   49    22    25   31.5  31.5  31.5   63.6    53.2   128.6   6000.0   500.0   0 1.11e-009
   50    26    29   31.5  31.5  31.5   63.6    53.2   128.6   6000.0   500.0   0 1.11e-009
   51    29    34   31.5  31.5  31.5   63.6    53.2   128.6   6000.0   500.0   0 1.11e-009
   52    33    38   31.5  31.5  31.5   63.6    53.2   128.6   6000.0   500.0   0 1.11e-009
   53    37    42   31.5  31.5  31.5   63.6    53.2   128.6   6000.0   500.0   0 1.11e-009
   54    41    46   31.5  31.5  31.5   63.6    53.2   128.6   6000.0   500.0   0 1.11e-009
   55    45    50   31.5  31.5  31.5   63.6    53.2   128.6   6000.0   500.0   0 1.11e-009
   56    49    54   31.5  31.5  31.5   63.6    53.2   128.6   6000.0   500.0   0 1.11e-009
   57    53    58   31.5  31.5  31.5   63.6    53.2   128.6   6000.0   500.0   0 1.11e-009
   58     3     7   42.0  42.0  42.0  104.1   126.0   171.5   6000.0   500.0   0 1.11e-009
   59     4     8   52.5  52.5  52.5 1348.6  1824.2  2028.8   6000.0   500.0   0 1.11e-009
   60     7    11   42.0  42.0  42.0  104.1   126.0   171.5   6000.0   500.0   0 1.11e-009
   61     8    12   52.5  52.5  52.5 1348.6  1824.2  2028.8   6000.0   500.0   0 1.11e-009
   62    11    15   42.0  42.0  42.0  104.1   126.0   171.5   6000.0   500.0   0 1.11e-009
   63    12    16   52.5  52.5  52.5 1348.6  1824.2  2028.8   6000.0   500.0   0 1.11e-009
   64    15    19   42.0  42.0  42.0  104.1   126.0   171.5   6000.0   500.0   0 1.11e-009
   65    16    20   52.5  52.5  52.5 1348.6  1824.2  2028.8   6000.0   500.0   0 1.11e-009
   66    19    23   42.0  42.0  42.0  104.1   126.0   171.5   6000.0   500.0   0 1.11e-009
   67    20    24   52.5  52.5  52.5 1348.6  1824.2  2028.8   6000.0   500.0   0 1.11e-009
   68    23    27   42.0  42.0  42.0  104.1   126.0   171.5   6000.0   500.0   0 1.11e-009
   69    24    28   52.5  52.5  52.5 1348.6  1824.2  2028.8   6000.0   500.0   0 1.11e-009
   70    27    31   42.0  42.0  42.0  104.1   126.0   171.5   6000.0   500.0   0 1.11e-009
   71    28    32   52.5  52.5  52.5 1348.6  1824.2  2028.8   6000.0   500.0   0 1.11e-009
   72    31    35   42.0  42.0  42.0  104.1   126.0   171.5   6000.0   500.0   0 1.11e-009
   73    32    36   52.5  52.5  52.5 1348.6  1824.2  2028.8   6000.0   500.0   0 1.11e-009
   74    35    39   42.0  42.0  42.0  104.1   126.0   171.5   6000.0   500.0   0 1.11e-009
   75    36    40   52.5  52.5  52.5 1348.6  1824.2  2028.8   6000.0   500.0   0 1.11e-009
   76    39    43   42.0  42.0  42.0  104.1   126.0   171.5   6000.0   500.0   0 1.11e-009
   77    40    44   52.5  52.5  52.5 1348.6  1824.2  2028.8   6000.0   500.0   0 1.11e-009
   78    43    47   42.0  42.0  42.0  104.1   126.0   171.5   6000.0   500.0   0 1.11e-009
   79    44    48   52.5  52.5  52.5 1348.6  1824.2  2028.8   6000.0   500.0   0 1.11e-009
   80    47    51   42.0  42.0  42.0  104.1   126.0   171.5   6000.0   500.0   0 1.11e-009
   81    48    52   52.5  52.5  52.5 1348.6  1824.2  2028.8   6000.0   500.0   0 1.11e-009
   82    51    55   42.0  42.0  42.0  104.1   126.0   171.5   6000.0   500.0   0 1.11e-009
   83    52    56   52.5  52.5  52.5 1348.6  1824.2  2028.8   6000.0   500.0   0 1.11e-009
   84    55    59   42.0  42.0  42.0  104.1   126.0   171.5   6000.0   500.0   0 1.11e-009
   85    56    60   52.5  52.5  52.5 1348.6  1824.2  2028.8   6000.0   500.0   0 1.11e-009
   86     3     4   31.5  31.5  31.5   63.6    53.2   128.6   6000.0   500.0   0 1.11e-009
   87     7     8   31.5  31.5  31.5   63.6    53.2   128.6   6000.0   500.0   0 1.11e-009
   88    11    12   31.5  31.5  31.5   63.6    53.2   128.6   6000.0   500.0   0 1.11e-009
   89    15    16   31.5  31.5  31.5   63.6    53.2   128.6   6000.0   500.0   0 1.11e-009
   90    19    20   31.5  31.5  31.5   63.6    53.2   128.6   6000.0   500.0   0 1.11e-009
   91    23    24   31.5  31.5  31.5   63.6    53.2   128.6   6000.0   500.0   0 1.11e-009
   92    27    28   31.5  31.5  31.5   63.6    53.2   128.6   6000.0   500.0   0 1.11e-009
   93    31    32   31.5  31.5  31.5   63.6    53.2   128.6   6000.0   500.0   0 1.11e-009
   94    35    36   31.5  31.5  31.5   63.6    53.2   128.6   6000.0   500.0   0 1.11e-009
   95    39    40   31.5  31.5  31.5   63.6    53.2   128.6   6000.0   500.0   0 1.11e-009
   96    43    44   31.5  31.5  31.5   63.6    53.2   128.6   6000.0   500.0   0 1.11e-009
   97    47    48   31.5  31.5  31.5   63.6    53.2   128.6   6000.0   500.0   0 1.11e-009
   98    51    52   31.5  31.5  31.5   63.6    53.2   128.6   6000.0   500.0   0 1.11e-009
   99    55    56   31.5  31.5  31.5   63.6    53.2   128.6   6000.0   500.0   0 1.11e-009
  100    59    60   31.5  31.5  31.5   63.6    53.2   128.6   6000.0   500.0   0 1.11e-009
  101     4     7   31.5  31.5  31.5   63.6    53.2   128.6   6000.0   500.0   0 1.11e-009
  102     8    11   31.5  31.5  31.5   63.6    53.2   128.6   6000.0   500.0   0 1.11e-009
  103    12    15   31.5  31.5  31.5   63.6    53.2   128.6   6000.0   500.0   0 1.11e-009
  104    16    19   31.5  31.5  31.5   63.6    53.2   128.6   6000.0   500.0   0 1.11e-009
  105    20    23   31.5  31.5  31.5   63.6    53.2   128.6   6000.0   500.0   0 1.11e-009
  106    24    27   31.5  31.5  31.5   63.6    53.2   128.6   6000.0   500.0   0 1.11e-009
  107    28    31   31.5  31.5  31.5   63.6    53.2   128.6   6000.0   500.0   0 1.11e-009
  108    31    36   31.5  31.5  31.5   63.6    53.2   128.6   6000.0   500.0   0 1.11e-009
  109    35    40   31.5  31.5  31.5   63.6    53.2   128.6   6000.0   500.0   0 1.11e-009
  110    39    44   31.5  31.5  31.5   63.6    53.2   128.6   6000.0   500.0   0 1.11e-009
  111    43    48   31.5  31.5  31.5   63.6    53.2   128.6   6000.0   500.0   0 1.11e-009
  112    47    52   31.5  31.5  31.5   63.6    53.2   128.6   6000.0   500.0   0 1.11e-009
  113    51    56   31.5  31.5  31.5   63.6    53.2   128.6   6000.0   500.0   0 1.11e-009
  114    55    60   31.5  31.5  31.5   63.6    53.2   128.6   6000.0   500.0   0 1.11e-009
  115     1     3   21.0  21.0  21.0   35.5    15.8    85.8   6000.0   500.0   0 1.11e-009
  116     2     4   21.0  21.0  21.0   35.5    15.8    85.8   6000.0   500.0   0 1.11e-009
  117     5     7   21.0  21.0  21.0   35.5    15.8    85.8   6000.0   500.0   0 1.11e-009
  118     6     8   21.0  21.0  21.0   35.5    15.8    85.8   6000.0   500.0   0 1.11e-009
  119     9    11   21.0  21.0  21.0   35.5    15.8    85.8   6000.0   500.0   0 1.11e-009
  120    10    12   21.0  21.0  21.0   35.5    15.8    85.8   6000.0   500.0   0 1.11e-009
  121    13    15   21.0  21.0  21.0   35.5    15.8    85.8   6000.0   500.0   0 1.11e-009
  122    14    16   21.0  21.0  21.0   35.5    15.8    85.8   6000.0   500.0   0 1.11e-009
  123    17    19   21.0  21.0  21.0   35.5    15.8    85.8   6000.0   500.0   0 1.11e-009
  124    18    20   21.0  21.0  21.0   35.5    15.8    85.8   6000.0   500.0   0 1.11e-009
  125    21    23   21.0  21.0  21.0   35.5    15.8    85.8   6000.0   500.0   0 1.11e-009
  126    22    24   21.0  21.0  21.0   35.5    15.8    85.8   6000.0   500.0   0 1.11e-009
  127    25    27   21.0  21.0  21.0   35.5    15.8    85.8   6000.0   500.0   0 1.11e-009
  128    26    28   21.0  21.0  21.0   35.5    15.8    85.8   6000.0   500.0   0 1.11e-009
  129    29    31   21.0  21.0  21.0   35.5    15.8    85.8   6000.0   500.0   0 1.11e-009
  130    30    32   21.0  21.0  21.0   35.5    15.8    85.8   6000.0   500.0   0 1.11e-009
  131    33    35   21.0  21.0  21.0   35.5    15.8    85.8   6000.0   500.0   0 1.11e-009
  132    34    36   21.0  21.0  21.0   35.5    15.8    85.8   6000.0   500.0   0 1.11e-009
  133    37    39   21.0  21.0  21.0   35.5    15.8    85.8   6000.0   500.0   0 1.11e-009
  134    38    40   21.0  21.0  21.0   35.5    15.8    85.8   6000.0   500.0   0 1.11e-009
  135    41    43   21.0  21.0  21.0   35.5    15.8    85.8   6000.0   500.0   0 1.11e-009
  136    42    44   21.0  21.0  21.0   35.5    15.8    85.8   6000.0   500.0   0 1.11e-009
  137    45    47   21.0  21.0  21.0   35.5    15.8    85.8   6000.0   500.0   0 1.11e-009
  138    46    48   21.0  21.0  21.0   35.5    15.8    85.8   6000.0   500.0   0 1.11e-009
  139    49    51   21.0  21.0  21.0   35.5    15.8    85.8   6000.0   500.0   0 1.11e-009
  140    50    52   21.0  21.0  21.0   35.5    15.8    85.8   6000.0   500.0   0 1.11e-009
  141    53    55   21.0  21.0  21.0   35.5    15.8    85.8   6000.0   500.0   0 1.11e-009
  142    54    56   21.0  21.0  21.0   35.5    15.8    85.8   6000.0   500.0   0 1.11e-009
  143    57    59   21.0  21.0  21.0   35.5    15.8    85.8   6000.0   500.0   0 1.11e-009
  144    58    60   21.0  21.0  21.0   35.5    15.8    85.8   6000.0   500.0   0 1.11e-009
  145     1     7   10.5  10.5  10.5   15.7     2.0    42.9   6000.0   500.0   0 1.11e-009
  146     3     5   10.5  10.5  10.5   15.7     2.0    42.9   6000.0   500.0   0 1.11e-009
  147     2     8   10.5  10.5  10.5   15.7     2.0    42.9   6000.0   500.0   0 1.11e-009
  148     4     6   10.5  10.5  10.5   15.7     2.0    42.9   6000.0   500.0   0 1.11e-009
  149     5    11   10.5  10.5  10.5   15.7     2.0    42.9   6000.0   500.0   0 1.11e-009
  150     7     9   10.5  10.5  10.5   15.7     2.0    42.9   6000.0   500.0   0 1.11e-009
  151     6    12   10.5  10.5  10.5   15.7     2.0    42.9   6000.0   500.0   0 1.11e-009
  152     8    10   10.5  10.5  10.5   15.7     2.0    42.9   6000.0   500.0   0 1.11e-009
  153     9    15   10.5  10.5  10.5   15.7     2.0    42.9   6000.0   500.0   0 1.11e-009
  154    11    13   10.5  10.5  10.5   15.7     2.0    42.9   6000.0   500.0   0 1.11e-009
  155    10    16   10.5  10.5  10.5   15.7     2.0    42.9   6000.0   500.0   0 1.11e-009
  156    12    14   10.5  10.5  10.5   15.7     2.0    42.9   6000.0   500.0   0 1.11e-009
  157    13    19   10.5  10.5  10.5   15.7     2.0    42.9   6000.0   500.0   0 1.11e-009
  158    15    17   10.5  10.5  10.5   15.7     2.0    42.9   6000.0   500.0   0 1.11e-009
  159    14    20   10.5  10.5  10.5   15.7     2.0    42.9   6000.0   500.0   0 1.11e-009
  160    16    18   10.5  10.5  10.5   15.7     2.0    42.9   6000.0   500.0   0 1.11e-009
  161    17    23   10.5  10.5  10.5   15.7     2.0    42.9   6000.0   500.0   0 1.11e-009
  162    19    21   10.5  10.5  10.5   15.7     2.0    42.9   6000.0   500.0   0 1.11e-009
  163    18    24   10.5  10.5  10.5   15.7     2.0    42.9   6000.0   500.0   0 1.11e-009
  164    20    22   10.5  10.5  10.5   15.7     2.0    42.9   6000.0   500.0   0 1.11e-009
  165    21    27   10.5  10.5  10.5   15.7     2.0    42.9   6000.0   500.0   0 1.11e-009
  166    23    25   10.5  10.5  10.5   15.7     2.0    42.9   6000.0   500.0   0 1.11e-009
  167    22    28   10.5  10.5  10.5   15.7     2.0    42.9   6000.0   500.0   0 1.11e-009
  168    24    26   10.5  10.5  10.5   15.7     2.0    42.9   6000.0   500.0   0 1.11e-009
  169    25    31   10.5  10.5  10.5   15.7     2.0    42.9   6000.0   500.0   0 1.11e-009
  170    27    29   10.5  10.5  10.5   15.7     2.0    42.9   6000.0   500.0   0 1.11e-009
  171    26    32   10.5  10.5  10.5   15.7     2.0    42.9   6000.0   500.0   0 1.11e-009
  172    28    30   10.5  10.5  10.5   15.7     2.0    42.9   6000.0   500.0   0 1.11e-009
  173    29    35   10.5  10.5  10.5   15.7     2.0    42.9   6000.0   500.0   0 1.11e-009
  174    31    33   10.5  10.5  10.5   15.7     2.0    42.9   6000.0   500.0   0 1.11e-009
  175    30    36   10.5  10.5  10.5   15.7     2.0    42.9   6000.0   500.0   0 1.11e-009
  176    32    34   10.5  10.5  10.5   15.7     2.0    42.9   6000.0   500.0   0 1.11e-009
  177    33    39   10.5  10.5  10.5   15.7     2.0    42.9   6000.0   500.0   0 1.11e-009
  178    35    37   10.5  10.5  10.5   15.7     2.0    42.9   6000.0   500.0   0 1.11e-009
  179    34    40   10.5  10.5  10.5   15.7     2.0    42.9   6000.0   500.0   0 1.11e-009
  180    36    38   10.5  10.5  10.5   15.7     2.0    42.9   6000.0   500.0   0 1.11e-009
  181    37    43   10.5  10.5  10.5   15.7     2.0    42.9   6000.0   500.0   0 1.11e-009
  182    39    41   10.5  10.5  10.5   15.7     2.0    42.9   6000.0   500.0   0 1.11e-009
  183    38    44   10.5  10.5  10.5   15.7     2.0    42.9   6000.0   500.0   0 1.11e-009
  184    40    42   10.5  10.5  10.5   15.7     2.0    42.9   6000.0   500.0   0 1.11e-009
  185    41    47   10.5  10.5  10.5   15.7     2.0    42.9   6000.0   500.0   0 1.11e-009
  186    43    45   10.5  10.5  10.5   15.7     2.0    42.9   6000.0   500.0   0 1.11e-009
  187    42    48   10.5  10.5  10.5   15.7     2.0    42.9   6000.0   500.0   0 1.11e-009
  188    44    46   10.5  10.5  10.5   15.7     2.0    42.9   6000.0   500.0   0 1.11e-009
  189    45    51   10.5  10.5  10.5   15.7     2.0    42.9   6000.0   500.0   0 1.11e-009
  190    47    49   10.5  10.5  10.5   15.7     2.0    42.9   6000.0   500.0   0 1.11e-009
  191    46    52   10.5  10.5  10.5   15.7     2.0    42.9   6000.0   500.0   0 1.11e-009
  192    48    50   10.5  10.5  10.5   15.7     2.0    42.9   6000.0   500.0   0 1.11e-009
  193    49    55   10.5  10.5  10.5   15.7     2.0    42.9   6000.0   500.0   0 1.11e-009
  194    51    53   10.5  10.5  10.5   15.7     2.0    42.9   6000.0   500.0   0 1.11e-009
  195    50    56   10.5  10.5  10.5   15.7     2.0    42.9   6000.0   500.0   0 1.11e-009
  196    52    54   10.5  10.5  10.5   15.7     2.0    42.9   6000.0   500.0   0 1.11e-009
  197    53    59   10.5  10.5  10.5   15.7     2.0    42.9   6000.0   500.0   0 1.11e-009
  198    55    57   10.5  10.5  10.5   15.7     2.0    42.9   6000.0   500.0   0 1.11e-009
  199    54    60   10.5  10.5  10.5   15.7     2.0    42.9   6000.0   500.0   0 1.11e-009
  200    56    58   10.5  10.5  10.5   15.7     2.0    42.9   6000.0   500.0   0 1.11e-009
  201     1     4   10.5  10.5  10.5   15.7     2.0    42.9   6000.0   500.0   0 1.11e-009
  202     2     3   10.5  10.5  10.5   15.7     2.0    42.9   6000.0   500.0   0 1.11e-009
  203     5     8   10.5  10.5  10.5   15.7     2.0    42.9   6000.0   500.0   0 1.11e-009
  204     6     7   10.5  10.5  10.5   15.7     2.0    42.9   6000.0   500.0   0 1.11e-009
  205     9    12   10.5  10.5  10.5   15.7     2.0    42.9   6000.0   500.0   0 1.11e-009
  206    10    11   10.5  10.5  10.5   15.7     2.0    42.9   6000.0   500.0   0 1.11e-009
  207    13    16   10.5  10.5  10.5   15.7     2.0    42.9   6000.0   500.0   0 1.11e-009
  208    14    15   10.5  10.5  10.5   15.7     2.0    42.9   6000.0   500.0   0 1.11e-009
  209    17    20   10.5  10.5  10.5   15.7     2.0    42.9   6000.0   500.0   0 1.11e-009
  210    18    19   10.5  10.5  10.5   15.7     2.0    42.9   6000.0   500.0   0 1.11e-009
  211    21    24   10.5  10.5  10.5   15.7     2.0    42.9   6000.0   500.0   0 1.11e-009
  212    22    23   10.5  10.5  10.5   15.7     2.0    42.9   6000.0   500.0   0 1.11e-009
  213    25    28   10.5  10.5  10.5   15.7     2.0    42.9   6000.0   500.0   0 1.11e-009
  214    26    27   10.5  10.5  10.5   15.7     2.0    42.9   6000.0   500.0   0 1.11e-009
  215    29    32   10.5  10.5  10.5   15.7     2.0    42.9   6000.0   500.0   0 1.11e-009
  216    30    31   10.5  10.5  10.5   15.7     2.0    42.9   6000.0   500.0   0 1.11e-009
  217    33    36   10.5  10.5  10.5   15.7     2.0    42.9   6000.0   500.0   0 1.11e-009
  218    34    35   10.5  10.5  10.5   15.7     2.0    42.9   6000.0   500.0   0 1.11e-009
  219    37    40   10.5  10.5  10.5   15.7     2.0    42.9   6000.0   500.0   0 1.11e-009
  220    38    39   10.5  10.5  10.5   15.7     2.0    42.9   6000.0   500.0   0 1.11e-009
  221    41    44   10.5  10.5  10.5   15.7     2.0    42.9   6000.0   500.0   0 1.11e-009
  222    42    43   10.5  10.5  10.5   15.7     2.0    42.9   6000.0   500.0   0 1.11e-009
  223    45    48   10.5  10.5  10.5   15.7     2.0    42.9   6000.0   500.0   0 1.11e-009
  224    46    47   10.5  10.5  10.5   15.7     2.0    42.9   6000.0   500.0   0 1.11e-009
  225    49    52   10.5  10.5  10.5   15.7     2.0    42.9   6000.0   500.0   0 1.11e-009
  226    50    51   10.5  10.5  10.5   15.7     2.0    42.9   6000.0   500.0   0 1.11e-009
  227    53    56   10.5  10.5  10.5   15.7     2.0    42.9   6000.0   500.0   0 1.11e-009
  228    54    55   10.5  10.5  10.5   15.7     2.0    42.9   6000.0   500.0   0 1.11e-009
  229    57    60   10.5  10.5  10.5   15.7     2.0    42.9   6000.0   500.0   0 1.11e-009
  230    58    59   10.5  10.5  10.5   15.7     2.0    42.9   6000.0   500.0   0 1.11e-009
  231     1     5   42.0  42.0  42.0  963.2     7.9  2744.0   6000.0   500.0   0 1.11e-009
  232    53    57   42.0  42.0  42.0  963.2     7.9  2744.0   6000.0   500.0   0 1.11e-009
  233     3     7   42.0  42.0  42.0  963.2     7.9  2744.0   6000.0   500.0   0 1.11e-009
  234    55    59   42.0  42.0  42.0  963.2     7.9  2744.0   6000.0   500.0   0 1.11e-009
  Include shear deformations.
  Neglect geometric stiffness.

L O A D   C A S E   1   O F   1  ... 

   Gravity X =  0.0    Gravity Y =  0.0    Gravity Z =  0.0 
  10 concentrated loads
   0 uniformly distributed loads
   0 trapezoidally distributed loads
   0 concentrated point loads
   0 temperature loads
   0 prescribed displacements
 N O D A L   L O A D S  +  E Q U I V A L E N T   N O D A L   L O A D S  (global)
  Node        Fx          Fy          Fz          Mxx         Myy         Mzz
    22       0.000       0.000     -98.067       0.000       0.000       0.000
    24       0.000       0.000     -98.067       0.000       0.000       0.000
    26       0.000       0.000     -98.067       0.000       0.000       0.000
    28       0.000       0.000     -98.067       0.000       0.000       0.000
    30       0.000       0.000     -98.067       0.000       0.000       0.000
    32       0.000       0.000     -98.067       0.000       0.000       0.000
    34       0.000       0.000     -98.067       0.000       0.000       0.000
    36       0.000       0.000     -98.067       0.000       0.000       0.000
    38       0.000       0.000     -98.067       0.000       0.000       0.000
    40       0.000       0.000     -98.067       0.000       0.000       0.000

E L A S T I C   S T I F F N E S S   A N A L Y S I S   via  L D L'  decomposition


L O A D   C A S E   1   O F   1  ... 

N O D E   D I S P L A C E M E N T S  					(global)
  Node    X-dsp       Y-dsp       Z-dsp       X-rot       Y-rot       Z-rot
     1   -0.543215    0.000507    0.224463   -0.000009    0.002854   -0.000078
     2   -0.321046    0.001088    0.224955   -0.000002    0.003140   -0.000118
     3   -0.543215   -0.000509    0.224463    0.000009    0.002854    0.000078
     4   -0.321046   -0.001091    0.224955    0.000002    0.003140    0.000118
     5   -0.543301   -0.006360    0.0         0.0         0.0         0.0     
     6   -0.322025   -0.009753   -0.126110   -0.000009    0.004487   -0.000086
     7   -0.543301    0.006357    0.0         0.0         0.0         0.0     
     8   -0.322025    0.009750   -0.126110    0.000009    0.004487    0.000086
     9   -0.542944   -0.002255   -0.583638    0.000098    0.006024    0.000115
    10   -0.105180   -0.015364   -0.702237    0.000012    0.005356   -0.000040
    11   -0.542944    0.002253   -0.583638   -0.000098    0.006024   -0.000115
    12   -0.105180    0.015361   -0.702237   -0.000012    0.005356    0.000040
    13   -0.480780    0.003790   -1.122854    0.000138    0.004436    0.000070
    14    0.056551   -0.017884   -1.238945    0.000023    0.004558   -0.000012
    15   -0.480780   -0.003793   -1.122854   -0.000138    0.004436   -0.000070
    16    0.056551    0.017882   -1.238945   -0.000023    0.004558    0.000012
    17   -0.386203    0.007402   -1.604344    0.000142    0.004089    0.000056
    18    0.166554   -0.018822   -1.715254    0.000016    0.003681    0.000011
    19   -0.386203   -0.007404   -1.604344   -0.000142    0.004089   -0.000056
    20    0.166554    0.018820   -1.715254   -0.000016    0.003681   -0.000011
    21   -0.272425    0.010089   -2.032942    0.000133    0.004194    0.000036
    22    0.239670   -0.017479   -2.145671   -0.000028    0.004858   -0.000022
    23   -0.272425   -0.010091   -2.032942   -0.000133    0.004194   -0.000036
    24    0.239670    0.017476   -2.145671    0.000028    0.004858    0.000022
    25   -0.145211    0.008636   -2.530599    0.000106    0.004124    0.000073
    26    0.122277   -0.019574   -2.712520    0.000069    0.004565   -0.000006
    27   -0.145211   -0.008639   -2.530599   -0.000106    0.004124   -0.000073
    28    0.122277    0.019571   -2.712520   -0.000069    0.004565    0.000006
    29    0.000016    0.012847   -2.839170    0.000127    0.0         0.0     
    30    0.000016   -0.017478   -2.963140    0.000081    0.0         0.0     
    31    0.000016   -0.012850   -2.839170   -0.000127    0.0         0.0     
    32    0.000016    0.017476   -2.963140   -0.000081    0.0         0.0     
    33    0.145243    0.008636   -2.530599    0.000106   -0.004124   -0.000073
    34   -0.122245   -0.019574   -2.712520    0.000069   -0.004565    0.000006
    35    0.145243   -0.008639   -2.530599   -0.000106   -0.004124    0.000073
    36   -0.122245    0.019571   -2.712520   -0.000069   -0.004565   -0.000006
    37    0.272457    0.010089   -2.032942    0.000133   -0.004194   -0.000036
    38   -0.239639   -0.017479   -2.145671   -0.000028   -0.004858    0.000022
    39    0.272457   -0.010091   -2.032942   -0.000133   -0.004194    0.000036
    40   -0.239639    0.017476   -2.145671    0.000028   -0.004858   -0.000022
    41    0.386235    0.007402   -1.604344    0.000142   -0.004089   -0.000056
    42   -0.166523   -0.018822   -1.715254    0.000016   -0.003681   -0.000011
    43    0.386235   -0.007404   -1.604344   -0.000142   -0.004089    0.000056
    44   -0.166523    0.018820   -1.715254   -0.000016   -0.003681    0.000011
    45    0.480811    0.003790   -1.122854    0.000138   -0.004436   -0.000070
    46   -0.056519   -0.017884   -1.238945    0.000023   -0.004558    0.000012
    47    0.480811   -0.003793   -1.122854   -0.000138   -0.004436    0.000070
    48   -0.056519    0.017882   -1.238945   -0.000023   -0.004558   -0.000012
    49    0.542975   -0.002255   -0.583638    0.000098   -0.006024   -0.000115
    50    0.105212   -0.015364   -0.702237    0.000012   -0.005356    0.000040
    51    0.542975    0.002253   -0.583638   -0.000098   -0.006024    0.000115
    52    0.105212    0.015361   -0.702237   -0.000012   -0.005356   -0.000040
    53    0.543333   -0.006360    0.0         0.0         0.0         0.0     
    54    0.322056   -0.009753   -0.126110   -0.000009   -0.004487    0.000086
    55    0.543333    0.006357    0.0         0.0         0.0         0.0     
    56    0.322056    0.009750   -0.126110    0.000009   -0.004487   -0.000086
    57    0.543246    0.000507    0.224463   -0.000009   -0.002854    0.000078
    58    0.321078    0.001088    0.224955   -0.000002   -0.003140    0.000118
    59    0.543246   -0.000509    0.224463    0.000009   -0.002854   -0.000078
    60    0.321078   -0.001091    0.224955    0.000002   -0.003140   -0.000118
F R A M E   E L E M E N T   E N D   F O R C E S				(local)
  Elmnt  Node       Nx          Vy         Vz        Txx        Myy        Mzz
     1      1      0.217c      0.035      0.711     -0.005    -13.968      0.936
     1      5     -0.217c     -0.035     -0.711      0.005    -57.124      2.537
     2      2      3.083c      0.059     -2.651      0.046    -14.827     -0.925
     2      6     -3.083c     -0.059      2.651     -0.046    279.970      6.867
     3      5     -0.901t      0.019      2.456     -0.051   -168.347     -0.218
     3      9      0.901t     -0.019     -2.456      0.051    -77.260      2.156
     4      6    179.471c     -0.057      4.164     -0.235   -317.888     -6.629
     4     10   -179.471c      0.057     -4.164      0.235   -147.717      0.230
     5      9   -156.653t      0.038      0.141     -0.021      4.959      2.352
     5     13    156.653t     -0.038     -0.141      0.021    -19.057      1.426
     6     10    268.690c     -0.068     -0.122     -0.136     84.965     -6.110
     6     14   -268.690c      0.068      0.122      0.136    -71.341     -1.524
     7     13   -238.332t      0.032      0.480     -0.002    -21.393      1.730
     7     17    238.332t     -0.032     -0.480      0.002    -26.632      1.439
     8     14    322.941c     -0.003      0.985     -0.026     30.771     -2.722
     8     18   -322.941c      0.003     -0.985      0.026   -140.953      2.358
     9     17   -286.721t      0.023      0.125      0.005     -7.064      1.334
     9     21    286.721t     -0.023     -0.125     -0.005     -5.484      0.921
    10     18    358.074c     -0.115     -4.004      0.330    108.562     -5.316
    10     22   -358.074c      0.115      4.004     -0.330    339.133     -7.519
    11     21   -320.580t      0.081      0.711      0.014    -35.020      3.658
    11     25    320.580t     -0.081     -0.711     -0.014    -36.075      4.423
    12     22    369.789c      0.066      8.377     -0.657   -386.754      1.295
    12     26   -369.789c     -0.066     -8.377      0.657   -450.970      5.325
    13     25   -365.972t     -0.006      0.890     -0.011    -13.331      0.437
    13     29    365.972t      0.006     -0.890      0.011    -75.688     -1.072
    14     26    385.123c     -0.223      1.959     -0.076    401.705    -11.836
    14     30   -385.123c      0.223     -1.959      0.076   -597.590    -10.468
    15     29   -365.972t      0.006     -0.890      0.011     75.688      1.072
    15     33    365.972t     -0.006      0.890     -0.011     13.331     -0.437
    16     30    385.123c      0.223     -1.959      0.076    597.590     10.468
    16     34   -385.123c     -0.223      1.959     -0.076   -401.705     11.836
    17     33   -320.580t     -0.081     -0.711     -0.014     36.075     -4.423
    17     37    320.580t      0.081      0.711      0.014     35.020     -3.658
    18     34    369.789c     -0.066     -8.377      0.657    450.970     -5.325
    18     38   -369.789c      0.066      8.377     -0.657    386.754     -1.295
    19     37   -286.721t     -0.023     -0.125     -0.005      5.484     -0.921
    19     41    286.721t      0.023      0.125      0.005      7.064     -1.334
    20     38    358.074c      0.115      4.004     -0.330   -339.133      7.519
    20     42   -358.074c     -0.115     -4.004      0.330   -108.562      5.316
    21     41   -238.332t     -0.032     -0.480      0.002     26.632     -1.439
    21     45    238.332t      0.032      0.480     -0.002     21.393     -1.730
    22     42    322.941c      0.003     -0.985      0.026    140.953     -2.358
    22     46   -322.941c     -0.003      0.985     -0.026    -30.771      2.722
    23     45   -156.653t     -0.038     -0.141      0.021     19.057     -1.426
    23     49    156.653t      0.038      0.141     -0.021     -4.959     -2.352
    24     46    268.690c      0.068      0.122      0.136     71.341      1.524
    24     50   -268.690c     -0.068     -0.122     -0.136    -84.965      6.110
    25     49     -0.901t     -0.019     -2.456      0.051     77.260     -2.156
    25     53      0.901t      0.019      2.456     -0.051    168.347      0.218
    26     50    179.471c      0.057     -4.164      0.235    147.717     -0.230
    26     54   -179.471c     -0.057      4.164     -0.235    317.888      6.629
    27     53      0.217c     -0.035     -0.711      0.005     57.124     -2.537
    27     57     -0.217c      0.035      0.711     -0.005     13.968     -0.936
    28     54      3.083c     -0.059      2.651     -0.046   -279.970     -6.867
    28     58     -3.083c      0.059     -2.651      0.046     14.827      0.925
    29      1     -0.930t     -0.000     -0.290      0.013     13.577      0.034
    29      2      0.930t      0.000      0.290     -0.013     15.401     -0.071
    30      5    238.348c      0.034     -0.011      0.027    -13.737      1.609
    30      6   -238.348c     -0.034      0.011     -0.027     14.883      1.747
    31      9    149.435c      0.013     -0.466      0.033     36.403      0.535
    31     10   -149.435c     -0.013      0.466     -0.033     33.561      1.419
    32     13    109.706c      0.006     -0.172      0.013     17.021      0.192
    32     14   -109.706c     -0.006      0.172     -0.013     17.409      1.082
    33     17     83.848c      0.004     -0.102      0.006     13.286      0.085
    33     18    -83.848c     -0.004      0.102     -0.006     12.242      0.861
    34     21     71.019c      0.004     -0.120      0.006     17.228      0.188
    34     22    -71.019c     -0.004      0.120     -0.006     18.640      1.018
    35     25    114.610c      0.001     -0.146      0.008     21.497      0.009
    35     26   -114.610c     -0.001      0.146     -0.008     22.434      0.195
    36     29     78.101c     -0.000      0.0        0.0        0.0       -0.158
    36     30    -78.101c      0.000      0.0        0.0        0.0        0.079
    37     33    114.610c      0.001      0.146     -0.008    -21.497      0.009
    37     34   -114.610c     -0.001     -0.146      0.008    -22.434      0.195
    38     37     71.019c      0.004      0.120     -0.006    -17.228      0.188
    38     38    -71.019c     -0.004     -0.120      0.006    -18.640      1.018
    39     41     83.848c      0.004      0.102     -0.006    -13.286      0.085
    39     42    -83.848c     -0.004     -0.102      0.006    -12.242      0.861
    40     45    109.706c      0.006      0.172     -0.013    -17.021      0.192
    40     46   -109.706c     -0.006     -0.172      0.013    -17.409      1.082
    41     49    149.435c      0.013      0.466     -0.033    -36.403      0.535
    41     50   -149.435c     -0.013     -0.466      0.033    -33.561      1.419
    42     53    238.348c      0.034      0.011     -0.027     13.737      1.609
    42     54   -238.348c     -0.034     -0.011      0.027    -14.883      1.747
    43     57     -0.930t     -0.000      0.290     -0.013    -13.577      0.034
    43     58      0.930t      0.000     -0.290      0.013    -15.401     -0.071
    44      2     -2.552t      0.005      0.126      0.018     -1.821     -0.138
    44      5      2.552t     -0.005     -0.126     -0.018    -15.985      0.788
    45      6   -223.595t     -0.005     -0.352      0.015     21.443     -1.545
    45      9    223.595t      0.005      0.352     -0.015     28.378      0.833
    46     10   -148.482t     -0.010     -0.218      0.004     21.311     -1.608
    46     13    148.482t      0.010      0.218     -0.004     18.056     -0.183
    47     14   -108.880t     -0.005     -0.139      0.001     16.183     -1.075
    47     17    108.880t      0.005      0.139     -0.001     14.847     -0.129
    48     18    -92.608t     -0.004     -0.104     -0.002     13.455     -0.835
    48     21     92.608t      0.004      0.104      0.002     14.671     -0.159
    49     22   -145.512t     -0.003     -0.113      0.005     18.558     -0.933
    49     25    145.512t      0.003      0.113     -0.005     17.078     -0.167
    50     26    -48.703t     -0.001     -0.068     -0.001     15.404     -0.290
    50     29     48.703t      0.001      0.068      0.001      6.196     -0.015
    51     29    -48.703t      0.001      0.068      0.001     -6.196      0.015
    51     34     48.703t     -0.001     -0.068     -0.001    -15.404      0.290
    52     33   -145.512t      0.003      0.113     -0.005    -17.078      0.167
    52     38    145.512t     -0.003     -0.113      0.005    -18.558      0.933
    53     37    -92.608t      0.004      0.104      0.002    -14.671      0.159
    53     42     92.608t     -0.004     -0.104     -0.002    -13.455      0.835
    54     41   -108.880t      0.005      0.139     -0.001    -14.847      0.129
    54     46    108.880t     -0.005     -0.139      0.001    -16.183      1.075
    55     45   -148.482t      0.010      0.218     -0.004    -18.056      0.183
    55     50    148.482t     -0.010     -0.218      0.004    -21.311      1.608
    56     49   -223.595t      0.005      0.352     -0.015    -28.378     -0.833
    56     54    223.595t     -0.005     -0.352      0.015    -21.443      1.545
    57     53     -2.552t     -0.005     -0.126     -0.018     15.985     -0.788
    57     58      2.552t      0.005      0.126      0.018      1.821      0.138
    58      3      0.217c     -0.035      0.711      0.005    -13.968     -0.936
    58      7     -0.217c      0.035     -0.711     -0.005    -57.124     -2.537
    59      4      3.083c     -0.059     -2.651     -0.046    -14.827      0.925
    59      8     -3.083c      0.059      2.651      0.046    279.970     -6.867
    60      7     -0.901t     -0.019      2.456      0.051   -168.347      0.218
    60     11      0.901t      0.019     -2.456     -0.051    -77.260     -2.156
    61      8    179.471c      0.057      4.164      0.235   -317.888      6.629
    61     12   -179.471c     -0.057     -4.164     -0.235   -147.717     -0.230
    62     11   -156.653t     -0.038      0.141      0.021      4.959     -2.352
    62     15    156.653t      0.038     -0.141     -0.021    -19.057     -1.426
    63     12    268.690c      0.068     -0.122      0.136     84.965      6.110
    63     16   -268.690c     -0.068      0.122     -0.136    -71.341      1.524
    64     15   -238.332t     -0.032      0.480      0.002    -21.393     -1.730
    64     19    238.332t      0.032     -0.480     -0.002    -26.632     -1.439
    65     16    322.941c      0.003      0.985      0.026     30.771      2.722
    65     20   -322.941c     -0.003     -0.985     -0.026   -140.953     -2.358
    66     19   -286.721t     -0.023      0.125     -0.005     -7.064     -1.334
    66     23    286.721t      0.023     -0.125      0.005     -5.484     -0.921
    67     20    358.074c      0.115     -4.004     -0.330    108.562      5.316
    67     24   -358.074c     -0.115      4.004      0.330    339.133      7.519
    68     23   -320.580t     -0.081      0.711     -0.014    -35.020     -3.658
    68     27    320.580t      0.081     -0.711      0.014    -36.075     -4.423
    69     24    369.789c     -0.066      8.377      0.657   -386.754     -1.295
    69     28   -369.789c      0.066     -8.377     -0.657   -450.970     -5.325
    70     27   -365.972t      0.006      0.890      0.011    -13.331     -0.437
    70     31    365.972t     -0.006     -0.890     -0.011    -75.688      1.072
    71     28    385.123c      0.223      1.959      0.076    401.705     11.836
    71     32   -385.123c     -0.223     -1.959     -0.076   -597.590     10.468
    72     31   -365.972t     -0.006     -0.890     -0.011     75.688     -1.072
    72     35    365.972t      0.006      0.890      0.011     13.331      0.437
    73     32    385.123c     -0.223     -1.959     -0.076    597.590    -10.468
    73     36   -385.123c      0.223      1.959      0.076   -401.705    -11.836
    74     35   -320.580t      0.081     -0.711      0.014     36.075      4.423
    74     39    320.580t     -0.081      0.711     -0.014     35.020      3.658
    75     36    369.789c      0.066     -8.377     -0.657    450.970      5.325
    75     40   -369.789c     -0.066      8.377      0.657    386.754      1.295
    76     39   -286.721t      0.023     -0.125      0.005      5.484      0.921
    76     43    286.721t     -0.023      0.125     -0.005      7.064      1.334
    77     40    358.074c     -0.115      4.004      0.330   -339.133     -7.519
    77     44   -358.074c      0.115     -4.004     -0.330   -108.562     -5.316
    78     43   -238.332t      0.032     -0.480     -0.002     26.632      1.439
    78     47    238.332t     -0.032      0.480      0.002     21.393      1.730
    79     44    322.941c     -0.003     -0.985     -0.026    140.953      2.358
    79     48   -322.941c      0.003      0.985      0.026    -30.771     -2.722
    80     47   -156.653t      0.038     -0.141     -0.021     19.057      1.426
    80     51    156.653t     -0.038      0.141      0.021     -4.959      2.352
    81     48    268.690c     -0.068      0.122     -0.136     71.341     -1.524
    81     52   -268.690c      0.068     -0.122      0.136    -84.965     -6.110
    82     51     -0.901t      0.019     -2.456     -0.051     77.260      2.156
    82     55      0.901t     -0.019      2.456      0.051    168.347     -0.218
    83     52    179.471c     -0.057     -4.164     -0.235    147.717      0.230
    83     56   -179.471c      0.057      4.164      0.235    317.888     -6.629
    84     55      0.217c      0.035     -0.711     -0.005     57.124      2.537
    84     59     -0.217c     -0.035      0.711      0.005     13.968      0.936
    85     56      3.083c      0.059      2.651      0.046   -279.970      6.867
    85     60     -3.083c     -0.059     -2.651     -0.046     14.827     -0.925
    86      3     -0.930t      0.000     -0.290     -0.013     13.577     -0.034
    86      4      0.930t     -0.000      0.290      0.013     15.401      0.071
    87      7    238.348c     -0.034     -0.011     -0.027    -13.737     -1.609
    87      8   -238.348c      0.034      0.011      0.027     14.883     -1.747
    88     11    149.435c     -0.013     -0.466     -0.033     36.403     -0.535
    88     12   -149.435c      0.013      0.466      0.033     33.561     -1.419
    89     15    109.706c     -0.006     -0.172     -0.013     17.021     -0.192
    89     16   -109.706c      0.006      0.172      0.013     17.409     -1.082
    90     19     83.848c     -0.004     -0.102     -0.006     13.286     -0.085
    90     20    -83.848c      0.004      0.102      0.006     12.242     -0.861
    91     23     71.019c     -0.004     -0.120     -0.006     17.228     -0.188
    91     24    -71.019c      0.004      0.120      0.006     18.640     -1.018
    92     27    114.610c     -0.001     -0.146     -0.008     21.497     -0.009
    92     28   -114.610c      0.001      0.146      0.008     22.434     -0.195
    93     31     78.101c      0.000      0.0        0.0        0.0        0.158
    93     32    -78.101c     -0.000      0.0        0.0        0.0       -0.079
    94     35    114.610c     -0.001      0.146      0.008    -21.497     -0.009
    94     36   -114.610c      0.001     -0.146     -0.008    -22.434     -0.195
    95     39     71.019c     -0.004      0.120      0.006    -17.228     -0.188
    95     40    -71.019c      0.004     -0.120     -0.006    -18.640     -1.018
    96     43     83.848c     -0.004      0.102      0.006    -13.286     -0.085
    96     44    -83.848c      0.004     -0.102     -0.006    -12.242     -0.861
    97     47    109.706c     -0.006      0.172      0.013    -17.021     -0.192
    97     48   -109.706c      0.006     -0.172     -0.013    -17.409     -1.082
    98     51    149.435c     -0.013      0.466      0.033    -36.403     -0.535
    98     52   -149.435c      0.013     -0.466     -0.033    -33.561     -1.419
    99     55    238.348c     -0.034      0.011      0.027     13.737     -1.609
    99     56   -238.348c      0.034     -0.011     -0.027    -14.883     -1.747
   100     59     -0.930t      0.000      0.290      0.013    -13.577     -0.034
   100     60      0.930t     -0.000     -0.290     -0.013    -15.401      0.071
   101      4     -2.552t     -0.005      0.126     -0.018     -1.821      0.138
   101      7      2.552t      0.005     -0.126      0.018    -15.985     -0.788
   102      8   -223.595t      0.005     -0.352     -0.015     21.443      1.545
   102     11    223.595t     -0.005      0.352      0.015     28.378     -0.833
   103     12   -148.482t      0.010     -0.218     -0.004     21.311      1.608
   103     15    148.482t     -0.010      0.218      0.004     18.056      0.183
   104     16   -108.880t      0.005     -0.139     -0.001     16.183      1.075
   104     19    108.880t     -0.005      0.139      0.001     14.847      0.129
   105     20    -92.608t      0.004     -0.104      0.002     13.455      0.835
   105     23     92.608t     -0.004      0.104     -0.002     14.671      0.159
   106     24   -145.512t      0.003     -0.113     -0.005     18.558      0.933
   106     27    145.512t     -0.003      0.113      0.005     17.078      0.167
   107     28    -48.703t      0.001     -0.068      0.001     15.404      0.290
   107     31     48.703t     -0.001      0.068     -0.001      6.196      0.015
   108     31    -48.703t     -0.001      0.068     -0.001     -6.196     -0.015
   108     36     48.703t      0.001     -0.068      0.001    -15.404     -0.290
   109     35   -145.512t     -0.003      0.113      0.005    -17.078     -0.167
   109     40    145.512t      0.003     -0.113     -0.005    -18.558     -0.933
   110     39    -92.608t     -0.004      0.104     -0.002    -14.671     -0.159
   110     44     92.608t      0.004     -0.104      0.002    -13.455     -0.835
   111     43   -108.880t     -0.005      0.139      0.001    -14.847     -0.129
   111     48    108.880t      0.005     -0.139     -0.001    -16.183     -1.075
   112     47   -148.482t     -0.010      0.218      0.004    -18.056     -0.183
   112     52    148.482t      0.010     -0.218     -0.004    -21.311     -1.608
   113     51   -223.595t     -0.005      0.352      0.015    -28.378      0.833
   113     56    223.595t      0.005     -0.352     -0.015    -21.443     -1.545
   114     55     -2.552t      0.005     -0.126      0.018     15.985      0.788
   114     60      2.552t     -0.005      0.126     -0.018      1.821     -0.138
   115      1      0.711c      0.0        0.0        0.0        0.009     -0.445
   115      3     -0.711c      0.0        0.0        0.0       -0.009      0.445
   116      2      1.525c      0.0        0.0        0.0        0.002     -0.675
   116      4     -1.525c      0.0        0.0        0.0       -0.002      0.675
   117      5     -8.902t      0.0        0.0        0.0        0.0        0.0  
   117      7      8.902t      0.0        0.0        0.0        0.0        0.0  
   118      6    -13.652t      0.0        0.0        0.0        0.009     -0.492
   118      8     13.652t      0.0        0.0        0.0       -0.009      0.492
   119      9     -3.156t      0.0        0.0        0.0       -0.103      0.659
   119     11      3.156t      0.0        0.0        0.0        0.103     -0.659
   120     10    -21.508t      0.0        0.0        0.0       -0.013     -0.231
   120     12     21.508t      0.0        0.0        0.0        0.013      0.231
   121     13      5.308c      0.0        0.0        0.0       -0.145      0.402
   121     15     -5.308c      0.0        0.0        0.0        0.145     -0.402
   122     14    -25.036t      0.0        0.0        0.0       -0.024     -0.066
   122     16     25.036t      0.0        0.0        0.0        0.024      0.066
   123     17     10.364c      0.0        0.0        0.0       -0.149      0.321
   123     19    -10.364c      0.0        0.0        0.0        0.149     -0.321
   124     18    -26.349t      0.0        0.0        0.0       -0.017      0.065
   124     20     26.349t      0.0        0.0        0.0        0.017     -0.065
   125     21     14.126c      0.0        0.0        0.0       -0.140      0.207
   125     23    -14.126c      0.0        0.0        0.0        0.140     -0.207
   126     22    -24.469t      0.0        0.0        0.0        0.030     -0.127
   126     24     24.469t      0.0        0.0        0.0       -0.030      0.127
   127     25     12.092c      0.0        0.0        0.0       -0.111      0.419
   127     27    -12.092c      0.0        0.0        0.0        0.111     -0.419
   128     26    -27.402t      0.0        0.0        0.0       -0.073     -0.032
   128     28     27.402t      0.0        0.0        0.0        0.073      0.032
   129     29     17.988c      0.0        0.0        0.0       -0.133      0.0  
   129     31    -17.988c      0.0        0.0        0.0        0.133      0.0  
   130     30    -24.468t      0.0        0.0        0.0       -0.085      0.0  
   130     32     24.468t      0.0        0.0        0.0        0.085      0.0  
   131     33     12.092c      0.0        0.0        0.0       -0.111     -0.419
   131     35    -12.092c      0.0        0.0        0.0        0.111      0.419
   132     34    -27.402t      0.0        0.0        0.0       -0.073      0.032
   132     36     27.402t      0.0        0.0        0.0        0.073     -0.032
   133     37     14.126c      0.0        0.0        0.0       -0.140     -0.207
   133     39    -14.126c      0.0        0.0        0.0        0.140      0.207
   134     38    -24.469t      0.0        0.0        0.0        0.030      0.127
   134     40     24.469t      0.0        0.0        0.0       -0.030     -0.127
   135     41     10.364c      0.0        0.0        0.0       -0.149     -0.321
   135     43    -10.364c      0.0        0.0        0.0        0.149      0.321
   136     42    -26.349t      0.0        0.0        0.0       -0.017     -0.065
   136     44     26.349t      0.0        0.0        0.0        0.017      0.065
   137     45      5.308c      0.0        0.0        0.0       -0.145     -0.402
   137     47     -5.308c      0.0        0.0        0.0        0.145      0.402
   138     46    -25.036t      0.0        0.0        0.0       -0.024      0.066
   138     48     25.036t      0.0        0.0        0.0        0.024     -0.066
   139     49     -3.156t      0.0        0.0        0.0       -0.103     -0.659
   139     51      3.156t      0.0        0.0        0.0        0.103      0.659
   140     50    -21.508t      0.0        0.0        0.0       -0.013      0.231
   140     52     21.508t      0.0        0.0        0.0        0.013     -0.231
   141     53     -8.902t      0.0        0.0        0.0        0.0        0.0  
   141     55      8.902t      0.0        0.0        0.0        0.0        0.0  
   142     54    -13.652t      0.0        0.0        0.0        0.009      0.492
   142     56     13.652t      0.0        0.0        0.0       -0.009     -0.492
   143     57      0.711c      0.0        0.0        0.0        0.009      0.445
   143     59     -0.711c      0.0        0.0        0.0       -0.009     -0.445
   144     58      1.525c      0.0        0.0        0.0        0.002      0.675
   144     60     -1.525c      0.0        0.0        0.0       -0.002     -0.675
   145      1     -1.552t     -0.004      0.001      0.095     -0.055     -0.489
   145      7      1.552t      0.004     -0.001     -0.095     -0.215     -0.295
   146      3     -1.552t      0.004      0.001     -0.095     -0.055      0.489
   146      5      1.552t     -0.004     -0.001      0.095     -0.215      0.295
   147      2     -2.171t     -0.003     -0.000     -0.045      0.013     -0.555
   147      8      2.171t      0.003      0.000      0.045      0.087     -0.045
   148      4     -2.171t      0.003     -0.000      0.045      0.013      0.555
   148      6      2.171t     -0.003      0.000     -0.045      0.087      0.045
   149      5     -2.357t     -0.005      0.004     -0.199     -0.630     -0.421
   149     11      2.357t      0.005     -0.004      0.199     -0.284     -0.709
   150      7     -2.357t      0.005      0.004      0.199     -0.630      0.421
   150      9      2.357t     -0.005     -0.004     -0.199     -0.284      0.709
   151      6      3.650c     -0.014      0.001     -0.028     -0.152     -1.364
   151     12     -3.650c      0.014     -0.001      0.028     -0.105     -1.500
   152      8      3.650c      0.014      0.001      0.028     -0.152      1.364
   152     10     -3.650c     -0.014     -0.001     -0.028     -0.105      1.500
   153      9     -8.825t      0.021      0.000      0.057      0.011      2.376
   153     15      8.825t     -0.021     -0.000     -0.057     -0.053      1.912
   154     11     -8.825t     -0.021      0.000     -0.057      0.011     -2.376
   154     13      8.825t      0.021     -0.000      0.057     -0.053     -1.912
   155     10      6.564c     -0.030      0.001      0.025     -0.037     -3.465
   155     16     -6.564c      0.030     -0.001     -0.025     -0.076     -2.933
   156     12      6.564c      0.030      0.001     -0.025     -0.037      3.465
   156     14     -6.564c     -0.030     -0.001      0.025     -0.076      2.933
   157     13    -11.059t      0.031      0.001      0.017     -0.096      3.374
   157     19     11.059t     -0.031     -0.001     -0.017     -0.087      3.058
   158     15    -11.059t     -0.031      0.001     -0.017     -0.096     -3.374
   158     17     11.059t      0.031     -0.001      0.017     -0.087     -3.058
   159     14      8.711c     -0.033      0.001      0.028     -0.072     -3.759
   159     20     -8.711c      0.033     -0.001     -0.028     -0.116     -3.308
   160     16      8.711c      0.033      0.001     -0.028     -0.072      3.759
   160     18     -8.711c     -0.033     -0.001      0.028     -0.116      3.308
   161     17    -12.227t      0.038      0.000      0.002     -0.042      4.066
   161     23     12.227t     -0.038     -0.000     -0.002     -0.009      3.835
   162     19    -12.227t     -0.038      0.000     -0.002     -0.042     -4.066
   162     21     12.227t      0.038     -0.000      0.002     -0.009     -3.835
   163     18     10.770c     -0.044      0.0       -0.037     -0.030     -4.379
   163     24    -10.770c      0.044      0.0        0.037      0.033     -4.946
   164     20     10.770c      0.044      0.0        0.037     -0.030      4.379
   164     22    -10.770c     -0.044      0.0       -0.037      0.033      4.946
   165     21    -13.893t      0.041      0.001      0.007     -0.151      4.319
   165     27     13.893t     -0.041     -0.001     -0.007     -0.131      4.045
   166     23    -13.893t     -0.041      0.001     -0.007     -0.151     -4.319
   166     25     13.893t      0.041     -0.001      0.007     -0.131     -4.045
   167     22      7.534c     -0.043      0.001      0.011     -0.139     -4.427
   167     28     -7.534c      0.043     -0.001     -0.011     -0.151     -4.357
   168     24      7.534c      0.043      0.001     -0.011     -0.139      4.427
   168     26     -7.534c     -0.043     -0.001      0.011     -0.151      4.357
   169     25    -15.832t      0.051      0.002      0.142     -0.065      5.296
   169     31     15.832t     -0.051     -0.002     -0.142     -0.271      5.112
   170     27    -15.832t     -0.051      0.002     -0.142     -0.065     -5.296
   170     29     15.832t      0.051     -0.002      0.142     -0.271     -5.112
   171     26      8.257c     -0.044      0.000      0.155      0.084     -4.511
   171     32     -8.257c      0.044     -0.000     -0.155     -0.155     -4.497
   172     28      8.257c      0.044      0.000     -0.155      0.084      4.511
   172     30     -8.257c     -0.044     -0.000      0.155     -0.155      4.497
   173     29    -15.832t      0.051     -0.002      0.142      0.271      5.112
   173     35     15.832t     -0.051      0.002     -0.142      0.065      5.296
   174     31    -15.832t     -0.051     -0.002     -0.142      0.271     -5.112
   174     33     15.832t      0.051      0.002      0.142      0.065     -5.296
   175     30      8.257c     -0.044     -0.000      0.155      0.155     -4.497
   175     36     -8.257c      0.044      0.000     -0.155     -0.084     -4.511
   176     32      8.257c      0.044     -0.000     -0.155      0.155      4.497
   176     34     -8.257c     -0.044      0.000      0.155     -0.084      4.511
   177     33    -13.893t      0.041     -0.001      0.007      0.131      4.045
   177     39     13.893t     -0.041      0.001     -0.007      0.151      4.319
   178     35    -13.893t     -0.041     -0.001     -0.007      0.131     -4.045
   178     37     13.893t      0.041      0.001      0.007      0.151     -4.319
   179     34      7.534c     -0.043     -0.001      0.011      0.151     -4.357
   179     40     -7.534c      0.043      0.001     -0.011      0.139     -4.427
   180     36      7.534c      0.043     -0.001     -0.011      0.151      4.357
   180     38     -7.534c     -0.043      0.001      0.011      0.139      4.427
   181     37    -12.227t      0.038     -0.000      0.002      0.009      3.835
   181     43     12.227t     -0.038      0.000     -0.002      0.042      4.066
   182     39    -12.227t     -0.038     -0.000     -0.002      0.009     -3.835
   182     41     12.227t      0.038      0.000      0.002      0.042     -4.066
   183     38     10.770c     -0.044      0.0       -0.037     -0.033     -4.946
   183     44    -10.770c      0.044      0.0        0.037      0.030     -4.379
   184     40     10.770c      0.044      0.0        0.037     -0.033      4.946
   184     42    -10.770c     -0.044      0.0       -0.037      0.030      4.379
   185     41    -11.059t      0.031     -0.001      0.017      0.087      3.058
   185     47     11.059t     -0.031      0.001     -0.017      0.096      3.374
   186     43    -11.059t     -0.031     -0.001     -0.017      0.087     -3.058
   186     45     11.059t      0.031      0.001      0.017      0.096     -3.374
   187     42      8.711c     -0.033     -0.001      0.028      0.116     -3.308
   187     48     -8.711c      0.033      0.001     -0.028      0.072     -3.759
   188     44      8.711c      0.033     -0.001     -0.028      0.116      3.308
   188     46     -8.711c     -0.033      0.001      0.028      0.072      3.759
   189     45     -8.825t      0.021     -0.000      0.057      0.053      1.912
   189     51      8.825t     -0.021      0.000     -0.057     -0.011      2.376
   190     47     -8.825t     -0.021     -0.000     -0.057      0.053     -1.912
   190     49      8.825t      0.021      0.000      0.057     -0.011     -2.376
   191     46      6.564c     -0.030     -0.001      0.025      0.076     -2.933
   191     52     -6.564c      0.030      0.001     -0.025      0.037     -3.465
   192     48      6.564c      0.030     -0.001     -0.025      0.076      2.933
   192     50     -6.564c     -0.030      0.001      0.025      0.037      3.465
   193     49     -2.357t     -0.005     -0.004     -0.199      0.284     -0.709
   193     55      2.357t      0.005      0.004      0.199      0.630     -0.421
   194     51     -2.357t      0.005     -0.004      0.199      0.284      0.709
   194     53      2.357t     -0.005      0.004     -0.199      0.630      0.421
   195     50      3.650c     -0.014     -0.001     -0.028      0.105     -1.500
   195     56     -3.650c      0.014      0.001      0.028      0.152     -1.364
   196     52      3.650c      0.014     -0.001      0.028      0.105      1.500
   196     54     -3.650c     -0.014      0.001     -0.028      0.152      1.364
   197     53     -1.552t     -0.004     -0.001      0.095      0.215     -0.295
   197     59      1.552t      0.004      0.001     -0.095      0.055     -0.489
   198     55     -1.552t      0.004     -0.001     -0.095      0.215      0.295
   198     57      1.552t     -0.004      0.001      0.095      0.055      0.489
   199     54     -2.171t     -0.003      0.000     -0.045     -0.087     -0.045
   199     60      2.171t      0.003     -0.000      0.045     -0.013     -0.555
   200     56     -2.171t      0.003      0.000      0.045     -0.087      0.045
   200     58      2.171t     -0.003     -0.000     -0.045     -0.013      0.555
   201      1      0.354c     -0.026      0.0       -0.013      0.004     -2.695
   201      4     -0.354c      0.026      0.0        0.013      0.003     -2.614
   202      2      0.354c      0.026      0.0        0.013     -0.003      2.614
   202      3     -0.354c     -0.026      0.0       -0.013     -0.004      2.695
   203      5     14.429c      0.002      0.002     -0.151     -0.198      2.796
   203      8    -14.429c     -0.002     -0.002      0.151     -0.199     -2.460
   204      6     14.429c     -0.002     -0.002      0.151      0.199      2.460
   204      7    -14.429c      0.002      0.002     -0.151      0.198     -2.796
   205      9     16.776c     -0.095      0.001      0.019     -0.151    -11.581
   205     12    -16.776c      0.095     -0.001     -0.019     -0.140    -10.768
   206     10     16.776c      0.095     -0.001     -0.019      0.140     10.768
   206     11    -16.776c     -0.095      0.001      0.019      0.151     11.581
   207     13     17.996c     -0.056      0.001     -0.001     -0.109     -7.376
   207     16    -17.996c      0.056     -0.001      0.001     -0.094     -7.624
   208     14     17.996c      0.056     -0.001      0.001      0.094      7.624
   208     15    -17.996c     -0.056      0.001     -0.001      0.109      7.376
   209     17     17.043c     -0.043      0.000      0.007     -0.076     -6.944
   209     20    -17.043c      0.043     -0.000     -0.007     -0.064     -6.455
   210     18     17.043c      0.043     -0.000     -0.007      0.064      6.455
   210     19    -17.043c     -0.043      0.000      0.007      0.076      6.944
   211     21     16.722c     -0.060      0.000     -0.007     -0.057    -10.124
   211     24    -16.722c      0.060     -0.000      0.007     -0.050    -10.972
   212     22     16.722c      0.060     -0.000      0.007      0.050     10.972
   212     23    -16.722c     -0.060      0.000     -0.007      0.057     10.124
   213     25     27.078c     -0.074      0.000     -0.004     -0.069    -12.607
   213     28    -27.078c      0.074     -0.000      0.004     -0.057    -13.214
   214     26     27.078c      0.074     -0.000      0.004      0.057     13.214
   214     27    -27.078c     -0.074      0.000     -0.004      0.069     12.607
   215     29     18.714c      0.0        0.000      0.0       -0.051      0.0  
   215     32    -18.714c      0.0       -0.000      0.0       -0.037      0.0  
   216     30     18.714c      0.0       -0.000      0.0        0.037      0.0  
   216     31    -18.714c      0.0        0.000      0.0        0.051      0.0  
   217     33     27.078c      0.074      0.000      0.004     -0.069     12.607
   217     36    -27.078c     -0.074     -0.000     -0.004     -0.057     13.214
   218     34     27.078c     -0.074     -0.000     -0.004      0.057    -13.214
   218     35    -27.078c      0.074      0.000      0.004      0.069    -12.607
   219     37     16.722c      0.060      0.000      0.007     -0.057     10.124
   219     40    -16.722c     -0.060     -0.000     -0.007     -0.050     10.972
   220     38     16.722c     -0.060     -0.000     -0.007      0.050    -10.972
   220     39    -16.722c      0.060      0.000      0.007      0.057    -10.124
   221     41     17.043c      0.043      0.000     -0.007     -0.076      6.944
   221     44    -17.043c     -0.043     -0.000      0.007     -0.064      6.455
   222     42     17.043c     -0.043     -0.000      0.007      0.064     -6.455
   222     43    -17.043c      0.043      0.000     -0.007      0.076     -6.944
   223     45     17.996c      0.056      0.001      0.001     -0.109      7.376
   223     48    -17.996c     -0.056     -0.001     -0.001     -0.094      7.624
   224     46     17.996c     -0.056     -0.001     -0.001      0.094     -7.624
   224     47    -17.996c      0.056      0.001      0.001      0.109     -7.376
   225     49     16.776c      0.095      0.001     -0.019     -0.151     11.581
   225     52    -16.776c     -0.095     -0.001      0.019     -0.140     10.768
   226     50     16.776c     -0.095     -0.001      0.019      0.140    -10.768
   226     51    -16.776c      0.095      0.001     -0.019      0.151    -11.581
   227     53     14.429c     -0.002      0.002      0.151     -0.198     -2.796
   227     56    -14.429c      0.002     -0.002     -0.151     -0.199      2.460
   228     54     14.429c      0.002     -0.002     -0.151      0.199     -2.460
   228     55    -14.429c     -0.002      0.002      0.151      0.198      2.796
   229     57      0.354c      0.026      0.0        0.013      0.004      2.695
   229     60     -0.354c     -0.026      0.0       -0.013      0.003      2.614
   230     58      0.354c     -0.026      0.0       -0.013     -0.003     -2.614
   230     59     -0.354c      0.026      0.0        0.013     -0.004     -2.695
   231      1      0.217c      0.303      0.046     -0.042     -0.963      2.348
   231      5     -0.217c     -0.303     -0.046      0.042     -3.660     27.961
   232     53      0.217c     -0.303     -0.046      0.042      3.660    -27.961
   232     57     -0.217c      0.303      0.046     -0.042      0.963     -2.348
   233      3      0.217c     -0.303      0.046      0.042     -0.963     -2.348
   233      7     -0.217c      0.303     -0.046     -0.042     -3.660    -27.961
   234     55      0.217c      0.303     -0.046     -0.042      3.660     27.961
   234     59     -0.217c     -0.303      0.046      0.042      0.963      2.348
R E A C T I O N S							(global)
  Node        Fx          Fy          Fz         Mxx         Myy         Mzz
     5       0.0         0.0       245.166      -0.559    -261.010      33.123
     7       0.0         0.0       245.166       0.559    -261.010     -33.123
    53       0.0         0.0       245.166      -0.559     261.010     -33.123
    55       0.0         0.0       245.166       0.559     261.010      33.123
R M S    R E L A T I V E    E Q U I L I B R I U M    E R R O R: 1.472e-006

P E A K   F R A M E   E L E M E N T   I N T E R N A L   F O R C E S(local)", 
  Elmnt   .         Nx          Vy         Vz        Txx        Myy        Mzz
     1   max      -0.217      -0.035     -0.711      0.005     57.124      2.537
     1   min      -0.217      -0.035     -0.711      0.005    -13.968     -0.936
     2   max      -3.083      -0.059      2.651     -0.046    -14.827      6.867
     2   min      -3.083      -0.059      2.651     -0.046   -279.970      0.925
     3   max       0.901      -0.019     -2.456      0.051     77.260      2.156
     3   min       0.901      -0.019     -2.456      0.051   -168.347      0.218
     4   max    -179.471       0.057     -4.164      0.235    147.717      6.629
     4   min    -179.471       0.057     -4.164      0.235   -317.888      0.230
     5   max     156.653      -0.038     -0.141      0.021     19.057      1.426
     5   min     156.653      -0.038     -0.141      0.021      4.959     -2.352
     6   max    -268.690       0.068      0.122      0.136     84.965      6.110
     6   min    -268.690       0.068      0.122      0.136     71.341     -1.524
     7   max     238.332      -0.032     -0.480      0.002     26.632      1.439
     7   min     238.332      -0.032     -0.480      0.002    -21.393     -1.730
     8   max    -322.941       0.003     -0.985      0.026    140.953      2.722
     8   min    -322.941       0.003     -0.985      0.026     30.771      2.358
     9   max     286.721      -0.023     -0.125     -0.005      5.484      0.921
     9   min     286.721      -0.023     -0.125     -0.005     -7.064     -1.334
    10   max    -358.074       0.115      4.004     -0.330    108.562      5.316
    10   min    -358.074       0.115      4.004     -0.330   -339.133     -7.519
    11   max     320.580      -0.081     -0.711     -0.014     36.075      4.423
    11   min     320.580      -0.081     -0.711     -0.014    -35.020     -3.658
    12   max    -369.789      -0.066     -8.377      0.657    450.970      5.325
    12   min    -369.789      -0.066     -8.377      0.657   -386.754     -1.295
    13   max     365.972       0.006     -0.890      0.011     75.688     -0.437
    13   min     365.972       0.006     -0.890      0.011    -13.331     -1.072
    14   max    -385.123       0.223     -1.959      0.076    597.590     11.836
    14   min    -385.123       0.223     -1.959      0.076    401.705    -10.468
    15   max     365.972      -0.006      0.890     -0.011     75.688     -0.437
    15   min     365.972      -0.006      0.890     -0.011    -13.331     -1.072
    16   max    -385.123      -0.223      1.959     -0.076    597.590     11.836
    16   min    -385.123      -0.223      1.959     -0.076    401.705    -10.468
    17   max     320.580       0.081      0.711      0.014     36.075      4.423
    17   min     320.580       0.081      0.711      0.014    -35.020     -3.658
    18   max    -369.789       0.066      8.377     -0.657    450.970      5.325
    18   min    -369.789       0.066      8.377     -0.657   -386.754     -1.295
    19   max     286.721       0.023      0.125      0.005      5.484      0.921
    19   min     286.721       0.023      0.125      0.005     -7.064     -1.334
    20   max    -358.074      -0.115     -4.004      0.330    108.562      5.316
    20   min    -358.074      -0.115     -4.004      0.330   -339.133     -7.519
    21   max     238.332       0.032      0.480     -0.002     26.632      1.439
    21   min     238.332       0.032      0.480     -0.002    -21.393     -1.730
    22   max    -322.941      -0.003      0.985     -0.026    140.953      2.722
    22   min    -322.941      -0.003      0.985     -0.026     30.771      2.358
    23   max     156.653       0.038      0.141     -0.021     19.057      1.426
    23   min     156.653       0.038      0.141     -0.021      4.959     -2.352
    24   max    -268.690      -0.068     -0.122     -0.136     84.965      6.110
    24   min    -268.690      -0.068     -0.122     -0.136     71.341     -1.524
    25   max       0.901       0.019      2.456     -0.051     77.260      2.156
    25   min       0.901       0.019      2.456     -0.051   -168.347      0.218
    26   max    -179.471      -0.057      4.164     -0.235    147.717      6.629
    26   min    -179.471      -0.057      4.164     -0.235   -317.888      0.230
    27   max      -0.217       0.035      0.711     -0.005     57.124      2.537
    27   min      -0.217       0.035      0.711     -0.005    -13.968     -0.936
    28   max      -3.083       0.059     -2.651      0.046    -14.827      6.867
    28   min      -3.083       0.059     -2.651      0.046   -279.970      0.925
    29   max       0.930       0.000      0.290     -0.013     13.577     -0.034
    29   min       0.930       0.000      0.290     -0.013    -15.401     -0.071
    30   max    -238.348      -0.034      0.011     -0.027    -13.737      1.747
    30   min    -238.348      -0.034      0.011     -0.027    -14.883     -1.609
    31   max    -149.435      -0.013      0.466     -0.033     36.403      1.419
    31   min    -149.435      -0.013      0.466     -0.033    -33.561     -0.535
    32   max    -109.706      -0.006      0.172     -0.013     17.021      1.082
    32   min    -109.706      -0.006      0.172     -0.013    -17.409     -0.192
    33   max     -83.848      -0.004      0.102     -0.006     13.286      0.861
    33   min     -83.848      -0.004      0.102     -0.006    -12.242     -0.085
    34   max     -71.019      -0.004      0.120     -0.006     17.228      1.018
    34   min     -71.019      -0.004      0.120     -0.006    -18.640     -0.188
    35   max    -114.610      -0.001      0.146     -0.008     21.497      0.195
    35   min    -114.610      -0.001      0.146     -0.008    -22.434     -0.009
    36   max     -78.101       0.000     -0.000      0.000      0.000      0.158
    36   min     -78.101       0.000     -0.000      0.000     -0.000      0.079
    37   max    -114.610      -0.001     -0.146      0.008     22.434      0.195
    37   min    -114.610      -0.001     -0.146      0.008    -21.497     -0.009
    38   max     -71.019      -0.004     -0.120      0.006     18.640      1.018
    38   min     -71.019      -0.004     -0.120      0.006    -17.228     -0.188
    39   max     -83.848      -0.004     -0.102      0.006     12.242      0.861
    39   min     -83.848      -0.004     -0.102      0.006    -13.286     -0.085
    40   max    -109.706      -0.006     -0.172      0.013     17.409      1.082
    40   min    -109.706      -0.006     -0.172      0.013    -17.021     -0.192
    41   max    -149.435      -0.013     -0.466      0.033     33.561      1.419
    41   min    -149.435      -0.013     -0.466      0.033    -36.403     -0.535
    42   max    -238.348      -0.034     -0.011      0.027     14.883      1.747
    42   min    -238.348      -0.034     -0.011      0.027     13.737     -1.609
    43   max       0.930       0.000     -0.290      0.013     15.401     -0.034
    43   min       0.930       0.000     -0.290      0.013    -13.577     -0.071
    44   max       2.552      -0.005     -0.126     -0.018     15.985      0.788
    44   min       2.552      -0.005     -0.126     -0.018     -1.821      0.138
    45   max     223.595       0.005      0.352     -0.015     21.443      1.545
    45   min     223.595       0.005      0.352     -0.015    -28.378      0.833
    46   max     148.482       0.010      0.218     -0.004     21.311      1.608
    46   min     148.482       0.010      0.218     -0.004    -18.056     -0.183
    47   max     108.880       0.005      0.139     -0.001     16.183      1.075
    47   min     108.880       0.005      0.139     -0.001    -14.847     -0.129
    48   max      92.608       0.004      0.104      0.002     13.455      0.835
    48   min      92.608       0.004      0.104      0.002    -14.671     -0.159
    49   max     145.512       0.003      0.113     -0.005     18.558      0.933
    49   min     145.512       0.003      0.113     -0.005    -17.078     -0.167
    50   max      48.703       0.001      0.068      0.001     15.404      0.290
    50   min      48.703       0.001      0.068      0.001     -6.196     -0.015
    51   max      48.703      -0.001     -0.068     -0.001     15.404      0.290
    51   min      48.703      -0.001     -0.068     -0.001     -6.196     -0.015
    52   max     145.512      -0.003     -0.113      0.005     18.558      0.933
    52   min     145.512      -0.003     -0.113      0.005    -17.078     -0.167
    53   max      92.608      -0.004     -0.104     -0.002     13.455      0.835
    53   min      92.608      -0.004     -0.104     -0.002    -14.671     -0.159
    54   max     108.880      -0.005     -0.139      0.001     16.183      1.075
    54   min     108.880      -0.005     -0.139      0.001    -14.847     -0.129
    55   max     148.482      -0.010     -0.218      0.004     21.311      1.608
    55   min     148.482      -0.010     -0.218      0.004    -18.056     -0.183
    56   max     223.595      -0.005     -0.352      0.015     21.443      1.545
    56   min     223.595      -0.005     -0.352      0.015    -28.378      0.833
    57   max       2.552       0.005      0.126      0.018     15.985      0.788
    57   min       2.552       0.005      0.126      0.018     -1.821      0.138
    58   max      -0.217       0.035     -0.711     -0.005     57.124      0.936
    58   min      -0.217       0.035     -0.711     -0.005    -13.968     -2.537
    59   max      -3.083       0.059      2.651      0.046    -14.827     -0.925
    59   min      -3.083       0.059      2.651      0.046   -279.970     -6.867
    60   max       0.901       0.019     -2.456     -0.051     77.260     -0.218
    60   min       0.901       0.019     -2.456     -0.051   -168.347     -2.156
    61   max    -179.471      -0.057     -4.164     -0.235    147.717     -0.230
    61   min    -179.471      -0.057     -4.164     -0.235   -317.888     -6.629
    62   max     156.653       0.038     -0.141     -0.021     19.057      2.352
    62   min     156.653       0.038     -0.141     -0.021      4.959     -1.426
    63   max    -268.690      -0.068      0.122     -0.136     84.965      1.524
    63   min    -268.690      -0.068      0.122     -0.136     71.341     -6.110
    64   max     238.332       0.032     -0.480     -0.002     26.632      1.730
    64   min     238.332       0.032     -0.480     -0.002    -21.393     -1.439
    65   max    -322.941      -0.003     -0.985     -0.026    140.953     -2.358
    65   min    -322.941      -0.003     -0.985     -0.026     30.771     -2.722
    66   max     286.721       0.023     -0.125      0.005      5.484      1.334
    66   min     286.721       0.023     -0.125      0.005     -7.064     -0.921
    67   max    -358.074      -0.115      4.004      0.330    108.562      7.519
    67   min    -358.074      -0.115      4.004      0.330   -339.133     -5.316
    68   max     320.580       0.081     -0.711      0.014     36.075      3.658
    68   min     320.580       0.081     -0.711      0.014    -35.020     -4.423
    69   max    -369.789       0.066     -8.377     -0.657    450.970      1.295
    69   min    -369.789       0.066     -8.377     -0.657   -386.754     -5.325
    70   max     365.972      -0.006     -0.890     -0.011     75.688      1.072
    70   min     365.972      -0.006     -0.890     -0.011    -13.331      0.437
    71   max    -385.123      -0.223     -1.959     -0.076    597.590     10.468
    71   min    -385.123      -0.223     -1.959     -0.076    401.705    -11.836
    72   max     365.972       0.006      0.890      0.011     75.688      1.072
    72   min     365.972       0.006      0.890      0.011    -13.331      0.437
    73   max    -385.123       0.223      1.959      0.076    597.590     10.468
    73   min    -385.123       0.223      1.959      0.076    401.705    -11.836
    74   max     320.580      -0.081      0.711     -0.014     36.075      3.658
    74   min     320.580      -0.081      0.711     -0.014    -35.020     -4.423
    75   max    -369.789      -0.066      8.377      0.657    450.970      1.295
    75   min    -369.789      -0.066      8.377      0.657   -386.754     -5.325
    76   max     286.721      -0.023      0.125     -0.005      5.484      1.334
    76   min     286.721      -0.023      0.125     -0.005     -7.064     -0.921
    77   max    -358.074       0.115     -4.004     -0.330    108.562      7.519
    77   min    -358.074       0.115     -4.004     -0.330   -339.133     -5.316
    78   max     238.332      -0.032      0.480      0.002     26.632      1.730
    78   min     238.332      -0.032      0.480      0.002    -21.393     -1.439
    79   max    -322.941       0.003      0.985      0.026    140.953     -2.358
    79   min    -322.941       0.003      0.985      0.026     30.771     -2.722
    80   max     156.653      -0.038      0.141      0.021     19.057      2.352
    80   min     156.653      -0.038      0.141      0.021      4.959     -1.426
    81   max    -268.690       0.068     -0.122      0.136     84.965      1.524
    81   min    -268.690       0.068     -0.122      0.136     71.341     -6.110
    82   max       0.901      -0.019      2.456      0.051     77.260     -0.218
    82   min       0.901      -0.019      2.456      0.051   -168.347     -2.156
    83   max    -179.471       0.057      4.164      0.235    147.717     -0.230
    83   min    -179.471       0.057      4.164      0.235   -317.888     -6.629
    84   max      -0.217      -0.035      0.711      0.005     57.124      0.936
    84   min      -0.217      -0.035      0.711      0.005    -13.968     -2.537
    85   max      -3.083      -0.059     -2.651     -0.046    -14.827     -0.925
    85   min      -3.083      -0.059     -2.651     -0.046   -279.970     -6.867
    86   max       0.930      -0.000      0.290      0.013     13.577      0.071
    86   min       0.930      -0.000      0.290      0.013    -15.401      0.034
    87   max    -238.348       0.034      0.011      0.027    -13.737      1.609
    87   min    -238.348       0.034      0.011      0.027    -14.883     -1.747
    88   max    -149.435       0.013      0.466      0.033     36.403      0.535
    88   min    -149.435       0.013      0.466      0.033    -33.561     -1.419
    89   max    -109.706       0.006      0.172      0.013     17.021      0.192
    89   min    -109.706       0.006      0.172      0.013    -17.409     -1.082
    90   max     -83.848       0.004      0.102      0.006     13.286      0.085
    90   min     -83.848       0.004      0.102      0.006    -12.242     -0.861
    91   max     -71.019       0.004      0.120      0.006     17.228      0.188
    91   min     -71.019       0.004      0.120      0.006    -18.640     -1.018
    92   max    -114.610       0.001      0.146      0.008     21.497      0.009
    92   min    -114.610       0.001      0.146      0.008    -22.434     -0.195
    93   max     -78.101      -0.000      0.000      0.000      0.000     -0.079
    93   min     -78.101      -0.000      0.000      0.000     -0.000     -0.158
    94   max    -114.610       0.001     -0.146     -0.008     22.434      0.009
    94   min    -114.610       0.001     -0.146     -0.008    -21.497     -0.195
    95   max     -71.019       0.004     -0.120     -0.006     18.640      0.188
    95   min     -71.019       0.004     -0.120     -0.006    -17.228     -1.018
    96   max     -83.848       0.004     -0.102     -0.006     12.242      0.085
    96   min     -83.848       0.004     -0.102     -0.006    -13.286     -0.861
    97   max    -109.706       0.006     -0.172     -0.013     17.409      0.192
    97   min    -109.706       0.006     -0.172     -0.013    -17.021     -1.082
    98   max    -149.435       0.013     -0.466     -0.033     33.561      0.535
    98   min    -149.435       0.013     -0.466     -0.033    -36.403     -1.419
    99   max    -238.348       0.034     -0.011     -0.027     14.883      1.609
    99   min    -238.348       0.034     -0.011     -0.027     13.737     -1.747
   100   max       0.930      -0.000     -0.290     -0.013     15.401      0.071
   100   min       0.930      -0.000     -0.290     -0.013    -13.577      0.034
   101   max       2.552       0.005     -0.126      0.018     15.985     -0.138
   101   min       2.552       0.005     -0.126      0.018     -1.821     -0.788
   102   max     223.595      -0.005      0.352      0.015     21.443     -0.833
   102   min     223.595      -0.005      0.352      0.015    -28.378     -1.545
   103   max     148.482      -0.010      0.218      0.004     21.311      0.183
   103   min     148.482      -0.010      0.218      0.004    -18.056     -1.608
   104   max     108.880      -0.005      0.139      0.001     16.183      0.129
   104   min     108.880      -0.005      0.139      0.001    -14.847     -1.075
   105   max      92.608      -0.004      0.104     -0.002     13.455      0.159
   105   min      92.608      -0.004      0.104     -0.002    -14.671     -0.835
   106   max     145.512      -0.003      0.113      0.005     18.558      0.167
   106   min     145.512      -0.003      0.113      0.005    -17.078     -0.933
   107   max      48.703      -0.001      0.068     -0.001     15.404      0.015
   107   min      48.703      -0.001      0.068     -0.001     -6.196     -0.290
   108   max      48.703       0.001     -0.068      0.001     15.404      0.015
   108   min      48.703       0.001     -0.068      0.001     -6.196     -0.290
   109   max     145.512       0.003     -0.113     -0.005     18.558      0.167
   109   min     145.512       0.003     -0.113     -0.005    -17.078     -0.933
   110   max      92.608       0.004     -0.104      0.002     13.455      0.159
   110   min      92.608       0.004     -0.104      0.002    -14.671     -0.835
   111   max     108.880       0.005     -0.139     -0.001     16.183      0.129
   111   min     108.880       0.005     -0.139     -0.001    -14.847     -1.075
   112   max     148.482       0.010     -0.218     -0.004     21.311      0.183
   112   min     148.482       0.010     -0.218     -0.004    -18.056     -1.608
   113   max     223.595       0.005     -0.352     -0.015     21.443     -0.833
   113   min     223.595       0.005     -0.352     -0.015    -28.378     -1.545
   114   max       2.552      -0.005      0.126     -0.018     15.985     -0.138
   114   min       2.552      -0.005      0.126     -0.018     -1.821     -0.788
   115   max      -0.711       0.000      0.000      0.000      0.009      0.445
   115   min      -0.711       0.000      0.000      0.000      0.009      0.445
   116   max      -1.525       0.000      0.000      0.000      0.002      0.675
   116   min      -1.525       0.000      0.000      0.000      0.002      0.675
   117   max       8.902      -0.000      0.000      0.000      0.000     -0.000
   117   min       8.902      -0.000      0.000      0.000      0.000     -0.000
   118   max      13.652      -0.000     -0.000      0.000      0.009      0.492
   118   min      13.652      -0.000     -0.000      0.000      0.009      0.492
   119   max       3.156       0.000     -0.000      0.000     -0.103     -0.659
   119   min       3.156       0.000     -0.000      0.000     -0.103     -0.659
   120   max      21.508      -0.000     -0.000      0.000     -0.013      0.231
   120   min      21.508      -0.000     -0.000      0.000     -0.013      0.231
   121   max      -5.308       0.000      0.000      0.000     -0.145     -0.402
   121   min      -5.308       0.000      0.000      0.000     -0.145     -0.402
   122   max      25.036       0.000     -0.000      0.000     -0.024      0.066
   122   min      25.036       0.000     -0.000      0.000     -0.024      0.066
   123   max     -10.364       0.000     -0.000      0.000     -0.149     -0.321
   123   min     -10.364       0.000     -0.000      0.000     -0.149     -0.321
   124   max      26.349       0.000     -0.000      0.000     -0.017     -0.065
   124   min      26.349       0.000     -0.000      0.000     -0.017     -0.065
   125   max     -14.126      -0.000     -0.000      0.000     -0.140     -0.207
   125   min     -14.126      -0.000     -0.000      0.000     -0.140     -0.207
   126   max      24.469      -0.000     -0.000      0.000      0.030      0.127
   126   min      24.469      -0.000     -0.000      0.000      0.030      0.127
   127   max     -12.092       0.000     -0.000      0.000     -0.111     -0.419
   127   min     -12.092       0.000     -0.000      0.000     -0.111     -0.419
   128   max      27.402       0.000     -0.000      0.000     -0.073      0.032
   128   min      27.402       0.000     -0.000      0.000     -0.073      0.032
   129   max     -17.988       0.000      0.000      0.000     -0.133      0.000
   129   min     -17.988       0.000      0.000      0.000     -0.133     -0.000
   130   max      24.468      -0.000     -0.000      0.000     -0.085      0.000
   130   min      24.468      -0.000     -0.000      0.000     -0.085     -0.000
   131   max     -12.092       0.000     -0.000      0.000     -0.111      0.419
   131   min     -12.092       0.000     -0.000      0.000     -0.111      0.419
   132   max      27.402      -0.000     -0.000      0.000     -0.073     -0.032
   132   min      27.402      -0.000     -0.000      0.000     -0.073     -0.032
   133   max     -14.126       0.000     -0.000      0.000     -0.140      0.207
   133   min     -14.126       0.000     -0.000      0.000     -0.140      0.207
   134   max      24.469       0.000     -0.000      0.000      0.030     -0.127
   134   min      24.469       0.000     -0.000      0.000      0.030     -0.127
   135   max     -10.364       0.000     -0.000      0.000     -0.149      0.321
   135   min     -10.364       0.000     -0.000      0.000     -0.149      0.321
   136   max      26.349      -0.000     -0.000      0.000     -0.017      0.065
   136   min      26.349      -0.000     -0.000      0.000     -0.017      0.065
   137   max      -5.308       0.000     -0.000      0.000     -0.145      0.402
   137   min      -5.308       0.000     -0.000      0.000     -0.145      0.402
   138   max      25.036       0.000     -0.000      0.000     -0.024     -0.066
   138   min      25.036       0.000     -0.000      0.000     -0.024     -0.066
   139   max       3.156      -0.000     -0.000      0.000     -0.103      0.659
   139   min       3.156      -0.000     -0.000      0.000     -0.103      0.659
   140   max      21.508      -0.000     -0.000      0.000     -0.013     -0.231
   140   min      21.508      -0.000     -0.000      0.000     -0.013     -0.231
   141   max       8.902      -0.000      0.000      0.000      0.000      0.000
   141   min       8.902      -0.000      0.000      0.000      0.000     -0.000
   142   max      13.652      -0.000     -0.000      0.000      0.009     -0.492
   142   min      13.652      -0.000     -0.000      0.000      0.009     -0.492
   143   max      -0.711       0.000     -0.000      0.000      0.009     -0.445
   143   min      -0.711       0.000     -0.000      0.000      0.009     -0.445
   144   max      -1.525       0.000      0.000      0.000      0.002     -0.675
   144   min      -1.525       0.000      0.000      0.000      0.002     -0.675
   145   max       1.552       0.004     -0.001     -0.095      0.215      0.489
   145   min       1.552       0.004     -0.001     -0.095     -0.055     -0.295
   146   max       1.552      -0.004     -0.001      0.095      0.215      0.295
   146   min       1.552      -0.004     -0.001      0.095     -0.055     -0.489
   147   max       2.171       0.003      0.000      0.045      0.013      0.555
   147   min       2.171       0.003      0.000      0.045     -0.087     -0.045
   148   max       2.171      -0.003      0.000     -0.045      0.013      0.045
   148   min       2.171      -0.003      0.000     -0.045     -0.087     -0.555
   149   max       2.357       0.005     -0.004      0.199      0.284      0.421
   149   min       2.357       0.005     -0.004      0.199     -0.630     -0.709
   150   max       2.357      -0.005     -0.004     -0.199      0.284      0.709
   150   min       2.357      -0.005     -0.004     -0.199     -0.630     -0.421
   151   max      -3.650       0.014     -0.001      0.028      0.105      1.364
   151   min      -3.650       0.014     -0.001      0.028     -0.152     -1.500
   152   max      -3.650      -0.014     -0.001     -0.028      0.105      1.500
   152   min      -3.650      -0.014     -0.001     -0.028     -0.152     -1.364
   153   max       8.825      -0.021     -0.000     -0.057      0.053      1.912
   153   min       8.825      -0.021     -0.000     -0.057      0.011     -2.376
   154   max       8.825       0.021     -0.000      0.057      0.053      2.376
   154   min       8.825       0.021     -0.000      0.057      0.011     -1.912
   155   max      -6.564       0.030     -0.001     -0.025      0.076      3.465
   155   min      -6.564       0.030     -0.001     -0.025     -0.037     -2.933
   156   max      -6.564      -0.030     -0.001      0.025      0.076      2.933
   156   min      -6.564      -0.030     -0.001      0.025     -0.037     -3.465
   157   max      11.059      -0.031     -0.001     -0.017      0.087      3.058
   157   min      11.059      -0.031     -0.001     -0.017     -0.096     -3.374
   158   max      11.059       0.031     -0.001      0.017      0.087      3.374
   158   min      11.059       0.031     -0.001      0.017     -0.096     -3.058
   159   max      -8.711       0.033     -0.001     -0.028      0.116      3.759
   159   min      -8.711       0.033     -0.001     -0.028     -0.072     -3.308
   160   max      -8.711      -0.033     -0.001      0.028      0.116      3.308
   160   min      -8.711      -0.033     -0.001      0.028     -0.072     -3.759
   161   max      12.227      -0.038     -0.000     -0.002      0.009      3.835
   161   min      12.227      -0.038     -0.000     -0.002     -0.042     -4.066
   162   max      12.227       0.038     -0.000      0.002      0.009      4.066
   162   min      12.227       0.038     -0.000      0.002     -0.042     -3.835
   163   max     -10.770       0.044      0.000      0.037     -0.030      4.379
   163   min     -10.770       0.044      0.000      0.037     -0.033     -4.946
   164   max     -10.770      -0.044      0.000     -0.037     -0.030      4.946
   164   min     -10.770      -0.044      0.000     -0.037     -0.033     -4.379
   165   max      13.893      -0.041     -0.001     -0.007      0.131      4.045
   165   min      13.893      -0.041     -0.001     -0.007     -0.151     -4.319
   166   max      13.893       0.041     -0.001      0.007      0.131      4.319
   166   min      13.893       0.041     -0.001      0.007     -0.151     -4.045
   167   max      -7.534       0.043     -0.001     -0.011      0.151      4.427
   167   min      -7.534       0.043     -0.001     -0.011     -0.139     -4.357
   168   max      -7.534      -0.043     -0.001      0.011      0.151      4.357
   168   min      -7.534      -0.043     -0.001      0.011     -0.139     -4.427
   169   max      15.832      -0.051     -0.002     -0.142      0.271      5.112
   169   min      15.832      -0.051     -0.002     -0.142     -0.065     -5.296
   170   max      15.832       0.051     -0.002      0.142      0.271      5.296
   170   min      15.832       0.051     -0.002      0.142     -0.065     -5.112
   171   max      -8.257       0.044     -0.000     -0.155      0.155      4.511
   171   min      -8.257       0.044     -0.000     -0.155      0.084     -4.497
   172   max      -8.257      -0.044     -0.000      0.155      0.155      4.497
   172   min      -8.257      -0.044     -0.000      0.155      0.084     -4.511
   173   max      15.832      -0.051      0.002     -0.142      0.271      5.296
   173   min      15.832      -0.051      0.002     -0.142     -0.065     -5.112
   174   max      15.832       0.051      0.002      0.142      0.271      5.112
   174   min      15.832       0.051      0.002      0.142     -0.065     -5.296
   175   max      -8.257       0.044      0.000     -0.155      0.155      4.497
   175   min      -8.257       0.044      0.000     -0.155      0.084     -4.511
   176   max      -8.257      -0.044      0.000      0.155      0.155      4.511
   176   min      -8.257      -0.044      0.000      0.155      0.084     -4.497
   177   max      13.893      -0.041      0.001     -0.007      0.131      4.319
   177   min      13.893      -0.041      0.001     -0.007     -0.151     -4.045
   178   max      13.893       0.041      0.001      0.007      0.131      4.045
   178   min      13.893       0.041      0.001      0.007     -0.151     -4.319
   179   max      -7.534       0.043      0.001     -0.011      0.151      4.357
   179   min      -7.534       0.043      0.001     -0.011     -0.139     -4.427
   180   max      -7.534      -0.043      0.001      0.011      0.151      4.427
   180   min      -7.534      -0.043      0.001      0.011     -0.139     -4.357
   181   max      12.227      -0.038      0.000     -0.002      0.009      4.066
   181   min      12.227      -0.038      0.000     -0.002     -0.042     -3.835
   182   max      12.227       0.038      0.000      0.002      0.009      3.835
   182   min      12.227       0.038      0.000      0.002     -0.042     -4.066
   183   max     -10.770       0.044     -0.000      0.037     -0.030      4.946
   183   min     -10.770       0.044     -0.000      0.037     -0.033     -4.379
   184   max     -10.770      -0.044     -0.000     -0.037     -0.030      4.379
   184   min     -10.770      -0.044     -0.000     -0.037     -0.033     -4.946
   185   max      11.059      -0.031      0.001     -0.017      0.087      3.374
   185   min      11.059      -0.031      0.001     -0.017     -0.096     -3.058
   186   max      11.059       0.031      0.001      0.017      0.087      3.058
   186   min      11.059       0.031      0.001      0.017     -0.096     -3.374
   187   max      -8.711       0.033      0.001     -0.028      0.116      3.308
   187   min      -8.711       0.033      0.001     -0.028     -0.072     -3.759
   188   max      -8.711      -0.033      0.001      0.028      0.116      3.759
   188   min      -8.711      -0.033      0.001      0.028     -0.072     -3.308
   189   max       8.825      -0.021      0.000     -0.057      0.053      2.376
   189   min       8.825      -0.021      0.000     -0.057      0.011     -1.912
   190   max       8.825       0.021      0.000      0.057      0.053      1.912
   190   min       8.825       0.021      0.000      0.057      0.011     -2.376
   191   max      -6.564       0.030      0.001     -0.025      0.076      2.933
   191   min      -6.564       0.030      0.001     -0.025     -0.037     -3.465
   192   max      -6.564      -0.030      0.001      0.025      0.076      3.465
   192   min      -6.564      -0.030      0.001      0.025     -0.037     -2.933
   193   max       2.357       0.005      0.004      0.199      0.284      0.709
   193   min       2.357       0.005      0.004      0.199     -0.630     -0.421
   194   max       2.357      -0.005      0.004     -0.199      0.284      0.421
   194   min       2.357      -0.005      0.004     -0.199     -0.630     -0.709
   195   max      -3.650       0.014      0.001      0.028      0.105      1.500
   195   min      -3.650       0.014      0.001      0.028     -0.152     -1.364
   196   max      -3.650      -0.014      0.001     -0.028      0.105      1.364
   196   min      -3.650      -0.014      0.001     -0.028     -0.152     -1.500
   197   max       1.552       0.004      0.001     -0.095      0.215      0.295
   197   min       1.552       0.004      0.001     -0.095     -0.055     -0.489
   198   max       1.552      -0.004      0.001      0.095      0.215      0.489
   198   min       1.552      -0.004      0.001      0.095     -0.055     -0.295
   199   max       2.171       0.003     -0.000      0.045      0.013      0.045
   199   min       2.171       0.003     -0.000      0.045     -0.087     -0.555
   200   max       2.171      -0.003     -0.000     -0.045      0.013      0.555
   200   min       2.171      -0.003     -0.000     -0.045     -0.087     -0.045
   201   max      -0.354       0.026      0.000      0.013      0.004      2.695
   201   min      -0.354       0.026      0.000      0.013     -0.003     -2.614
   202   max      -0.354      -0.026     -0.000     -0.013      0.004      2.695
   202   min      -0.354      -0.026     -0.000     -0.013     -0.003     -2.614
   203   max     -14.429      -0.002     -0.002      0.151      0.199     -2.460
   203   min     -14.429      -0.002     -0.002      0.151     -0.198     -2.796
   204   max     -14.429       0.002      0.002     -0.151      0.199     -2.460
   204   min     -14.429       0.002      0.002     -0.151     -0.198     -2.796
   205   max     -16.776       0.095     -0.001     -0.019      0.140     11.581
   205   min     -16.776       0.095     -0.001     -0.019     -0.151    -10.768
   206   max     -16.776      -0.095      0.001      0.019      0.140     11.581
   206   min     -16.776      -0.095      0.001      0.019     -0.151    -10.768
   207   max     -17.996       0.056     -0.001      0.001      0.094      7.376
   207   min     -17.996       0.056     -0.001      0.001     -0.109     -7.624
   208   max     -17.996      -0.056      0.001     -0.001      0.094      7.376
   208   min     -17.996      -0.056      0.001     -0.001     -0.109     -7.624
   209   max     -17.043       0.043     -0.000     -0.007      0.064      6.944
   209   min     -17.043       0.043     -0.000     -0.007     -0.076     -6.455
   210   max     -17.043      -0.043      0.000      0.007      0.064      6.944
   210   min     -17.043      -0.043      0.000      0.007     -0.076     -6.455
   211   max     -16.722       0.060     -0.000      0.007      0.050     10.124
   211   min     -16.722       0.060     -0.000      0.007     -0.057    -10.972
   212   max     -16.722      -0.060      0.000     -0.007      0.050     10.124
   212   min     -16.722      -0.060      0.000     -0.007     -0.057    -10.972
   213   max     -27.078       0.074     -0.000      0.004      0.057     12.607
   213   min     -27.078       0.074     -0.000      0.004     -0.069    -13.214
   214   max     -27.078      -0.074      0.000     -0.004      0.057     12.607
   214   min     -27.078      -0.074      0.000     -0.004     -0.069    -13.214
   215   max     -18.714       0.000     -0.000      0.000      0.037      0.000
   215   min     -18.714       0.000     -0.000      0.000     -0.051     -0.000
   216   max     -18.714       0.000      0.000      0.000      0.037     -0.000
   216   min     -18.714       0.000      0.000      0.000     -0.051     -0.000
   217   max     -27.078      -0.074     -0.000     -0.004      0.057     13.214
   217   min     -27.078      -0.074     -0.000     -0.004     -0.069    -12.607
   218   max     -27.078       0.074      0.000      0.004      0.057     13.214
   218   min     -27.078       0.074      0.000      0.004     -0.069    -12.607
   219   max     -16.722      -0.060     -0.000     -0.007      0.050     10.972
   219   min     -16.722      -0.060     -0.000     -0.007     -0.057    -10.124
   220   max     -16.722       0.060      0.000      0.007      0.050     10.972
   220   min     -16.722       0.060      0.000      0.007     -0.057    -10.124
   221   max     -17.043      -0.043     -0.000      0.007      0.064      6.455
   221   min     -17.043      -0.043     -0.000      0.007     -0.076     -6.944
   222   max     -17.043       0.043      0.000     -0.007      0.064      6.455
   222   min     -17.043       0.043      0.000     -0.007     -0.076     -6.944
   223   max     -17.996      -0.056     -0.001     -0.001      0.094      7.624
   223   min     -17.996      -0.056     -0.001     -0.001     -0.109     -7.376
   224   max     -17.996       0.056      0.001      0.001      0.094      7.624
   224   min     -17.996       0.056      0.001      0.001     -0.109     -7.376
   225   max     -16.776      -0.095     -0.001      0.019      0.140     10.768
   225   min     -16.776      -0.095     -0.001      0.019     -0.151    -11.581
   226   max     -16.776       0.095      0.001     -0.019      0.140     10.768
   226   min     -16.776       0.095      0.001     -0.019     -0.151    -11.581
   227   max     -14.429       0.002     -0.002     -0.151      0.199      2.796
   227   min     -14.429       0.002     -0.002     -0.151     -0.198      2.460
   228   max     -14.429      -0.002      0.002      0.151      0.199      2.796
   228   min     -14.429      -0.002      0.002      0.151     -0.198      2.460
   229   max      -0.354      -0.026      0.000     -0.013      0.004      2.614
   229   min      -0.354      -0.026      0.000     -0.013     -0.003     -2.695
   230   max      -0.354       0.026     -0.000      0.013      0.004      2.614
   230   min      -0.354       0.026     -0.000      0.013     -0.003     -2.695
   231   max      -0.217      -0.303     -0.046      0.042      3.660     27.961
   231   min      -0.217      -0.303     -0.046      0.042     -0.963     -2.348
   232   max      -0.217       0.303      0.046     -0.042      3.660     27.961
   232   min      -0.217       0.303      0.046     -0.042     -0.963     -2.348
   233   max      -0.217       0.303     -0.046     -0.042      3.660      2.348
   233   min      -0.217       0.303     -0.046     -0.042     -0.963    -27.961
   234   max      -0.217      -0.303      0.046      0.042      3.660      2.348
   234   min      -0.217      -0.303      0.046      0.042     -0.963    -27.961

________________________________________________________________________________
Frame3DD version: 20140514+               http://frame3dd.sf.net/
GPL Copyright (C) 1992-2015, Henri P. Gavin 
Frame3DD is distributed in the hope that it will be useful but with no warranty.
For details see the GNU Public Licence: http://www.fsf.org/copyleft/gpl.html
________________________________________________________________________________

Ponte de palitos - Frame3DD linear estabilizado (N mm tonne) 
Mon May 04 19:37:25 2026
________________________________________________________________________________
In 2D problems the Y-axis is vertical.  In 3D problems the Z-axis is vertical.
________________________________________________________________________________
   60 NODES              4 FIXED NODES      234 FRAME ELEMENTS   1 LOAD CASES   
________________________________________________________________________________
N O D E   D A T A                                           R E S T R A I N T S
  Node       X              Y              Z         radius  Fx Fy Fz Mx My Mz
    1    -100.000000     -90.000000       0.000000    0.000   0  0  0  0  0  0
    2    -100.000000     -90.000000     100.000000    0.000   0  0  0  0  0  0
    3    -100.000000      90.000000       0.000000    0.000   0  0  0  0  0  0
    4    -100.000000      90.000000     100.000000    0.000   0  0  0  0  0  0
    5       0.000000     -90.000000       0.000000    0.000   0  0  1  1  1  1
    6       0.000000     -90.000000     100.000000    0.000   0  0  0  0  0  0
    7       0.000000      90.000000       0.000000    0.000   0  0  1  1  1  1
    8       0.000000      90.000000     100.000000    0.000   0  0  0  0  0  0
    9     100.000000     -90.000000       0.000000    0.000   0  0  0  0  0  0
   10     100.000000     -90.000000     150.000000    0.000   0  0  0  0  0  0
   11     100.000000      90.000000       0.000000    0.000   0  0  0  0  0  0
   12     100.000000      90.000000     150.000000    0.000   0  0  0  0  0  0
   13     200.000000     -90.000000       0.000000    0.000   0  0  0  0  0  0
   14     200.000000     -90.000000     200.000000    0.000   0  0  0  0  0  0
   15     200.000000      90.000000       0.000000    0.000   0  0  0  0  0  0
   16     200.000000      90.000000     200.000000    0.000   0  0  0  0  0  0
   17     300.000000     -90.000000       0.000000    0.000   0  0  0  0  0  0
   18     300.000000     -90.000000     250.000000    0.000   0  0  0  0  0  0
   19     300.000000      90.000000       0.000000    0.000   0  0  0  0  0  0
   20     300.000000      90.000000     250.000000    0.000   0  0  0  0  0  0
   21     400.000000     -90.000000       0.000000    0.000   0  0  0  0  0  0
   22     400.000000     -90.000000     300.000000    0.000   0  0  0  0  0  0
   23     400.000000      90.000000       0.000000    0.000   0  0  0  0  0  0
   24     400.000000      90.000000     300.000000    0.000   0  0  0  0  0  0
   25     500.000000     -90.000000       0.000000    0.000   0  0  0  0  0  0
   26     500.000000     -90.000000     300.000000    0.000   0  0  0  0  0  0
   27     500.000000      90.000000       0.000000    0.000   0  0  0  0  0  0
   28     500.000000      90.000000     300.000000    0.000   0  0  0  0  0  0
   29     600.000000     -90.000000       0.000000    0.000   0  0  0  0  0  0
   30     600.000000     -90.000000     300.000000    0.000   0  0  0  0  0  0
   31     600.000000      90.000000       0.000000    0.000   0  0  0  0  0  0
   32     600.000000      90.000000     300.000000    0.000   0  0  0  0  0  0
   33     700.000000     -90.000000       0.000000    0.000   0  0  0  0  0  0
   34     700.000000     -90.000000     300.000000    0.000   0  0  0  0  0  0
   35     700.000000      90.000000       0.000000    0.000   0  0  0  0  0  0
   36     700.000000      90.000000     300.000000    0.000   0  0  0  0  0  0
   37     800.000000     -90.000000       0.000000    0.000   0  0  0  0  0  0
   38     800.000000     -90.000000     300.000000    0.000   0  0  0  0  0  0
   39     800.000000      90.000000       0.000000    0.000   0  0  0  0  0  0
   40     800.000000      90.000000     300.000000    0.000   0  0  0  0  0  0
   41     900.000000     -90.000000       0.000000    0.000   0  0  0  0  0  0
   42     900.000000     -90.000000     250.000000    0.000   0  0  0  0  0  0
   43     900.000000      90.000000       0.000000    0.000   0  0  0  0  0  0
   44     900.000000      90.000000     250.000000    0.000   0  0  0  0  0  0
   45    1000.000000     -90.000000       0.000000    0.000   0  0  0  0  0  0
   46    1000.000000     -90.000000     200.000000    0.000   0  0  0  0  0  0
   47    1000.000000      90.000000       0.000000    0.000   0  0  0  0  0  0
   48    1000.000000      90.000000     200.000000    0.000   0  0  0  0  0  0
   49    1100.000000     -90.000000       0.000000    0.000   0  0  0  0  0  0
   50    1100.000000     -90.000000     150.000000    0.000   0  0  0  0  0  0
   51    1100.000000      90.000000       0.000000    0.000   0  0  0  0  0  0
   52    1100.000000      90.000000     150.000000    0.000   0  0  0  0  0  0
   53    1200.000000     -90.000000       0.000000    0.000   0  0  1  1  1  1
   54    1200.000000     -90.000000     100.000000    0.000   0  0  0  0  0  0
   55    1200.000000      90.000000       0.000000    0.000   0  0  1  1  1  1
   56    1200.000000      90.000000     100.000000    0.000   0  0  0  0  0  0
   57    1300.000000     -90.000000       0.000000    0.000   0  0  0  0  0  0
   58    1300.000000     -90.000000     100.000000    0.000   0  0  0  0  0  0
   59    1300.000000      90.000000       0.000000    0.000   0  0  0  0  0  0
   60    1300.000000      90.000000     100.000000    0.000   0  0  0  0  0  0
F R A M E   E L E M E N T   D A T A					(local)
  Elmnt  J1    J2     Ax   Asy   Asz    Jxx     Iyy     Izz       E       G roll  density
    1     1     5   42.0  42.0  42.0  104.1   126.0   171.5   6000.0   500.0   0 1.11e-009
    2     2     6   52.5  52.5  52.5 1348.6  1824.2  2028.8   6000.0   500.0   0 1.11e-009
    3     5     9   42.0  42.0  42.0  104.1   126.0   171.5   6000.0   500.0   0 1.11e-009
    4     6    10   52.5  52.5  52.5 1348.6  1824.2  2028.8   6000.0   500.0   0 1.11e-009
    5     9    13   42.0  42.0  42.0  104.1   126.0   171.5   6000.0   500.0   0 1.11e-009
    6    10    14   52.5  52.5  52.5 1348.6  1824.2  2028.8   6000.0   500.0   0 1.11e-009
    7    13    17   42.0  42.0  42.0  104.1   126.0   171.5   6000.0   500.0   0 1.11e-009
    8    14    18   52.5  52.5  52.5 1348.6  1824.2  2028.8   6000.0   500.0   0 1.11e-009
    9    17    21   42.0  42.0  42.0  104.1   126.0   171.5   6000.0   500.0   0 1.11e-009
   10    18    22   52.5  52.5  52.5 1348.6  1824.2  2028.8   6000.0   500.0   0 1.11e-009
   11    21    25   42.0  42.0  42.0  104.1   126.0   171.5   6000.0   500.0   0 1.11e-009
   12    22    26   52.5  52.5  52.5 1348.6  1824.2  2028.8   6000.0   500.0   0 1.11e-009
   13    25    29   42.0  42.0  42.0  104.1   126.0   171.5   6000.0   500.0   0 1.11e-009
   14    26    30   52.5  52.5  52.5 1348.6  1824.2  2028.8   6000.0   500.0   0 1.11e-009
   15    29    33   42.0  42.0  42.0  104.1   126.0   171.5   6000.0   500.0   0 1.11e-009
   16    30    34   52.5  52.5  52.5 1348.6  1824.2  2028.8   6000.0   500.0   0 1.11e-009
   17    33    37   42.0  42.0  42.0  104.1   126.0   171.5   6000.0   500.0   0 1.11e-009
   18    34    38   52.5  52.5  52.5 1348.6  1824.2  2028.8   6000.0   500.0   0 1.11e-009
   19    37    41   42.0  42.0  42.0  104.1   126.0   171.5   6000.0   500.0   0 1.11e-009
   20    38    42   52.5  52.5  52.5 1348.6  1824.2  2028.8   6000.0   500.0   0 1.11e-009
   21    41    45   42.0  42.0  42.0  104.1   126.0   171.5   6000.0   500.0   0 1.11e-009
   22    42    46   52.5  52.5  52.5 1348.6  1824.2  2028.8   6000.0   500.0   0 1.11e-009
   23    45    49   42.0  42.0  42.0  104.1   126.0   171.5   6000.0   500.0   0 1.11e-009
   24    46    50   52.5  52.5  52.5 1348.6  1824.2  2028.8   6000.0   500.0   0 1.11e-009
   25    49    53   42.0  42.0  42.0  104.1   126.0   171.5   6000.0   500.0   0 1.11e-009
   26    50    54   52.5  52.5  52.5 1348.6  1824.2  2028.8   6000.0   500.0   0 1.11e-009
   27    53    57   42.0  42.0  42.0  104.1   126.0   171.5   6000.0   500.0   0 1.11e-009
   28    54    58   52.5  52.5  52.5 1348.6  1824.2  2028.8   6000.0   500.0   0 1.11e-009
   29     1     2   31.5  31.5  31.5   63.6    53.2   128.6   6000.0   500.0   0 1.11e-009
   30     5     6   31.5  31.5  31.5   63.6    53.2   128.6   6000.0   500.0   0 1.11e-009
   31     9    10   31.5  31.5  31.5   63.6    53.2   128.6   6000.0   500.0   0 1.11e-009
   32    13    14   31.5  31.5  31.5   63.6    53.2   128.6   6000.0   500.0   0 1.11e-009
   33    17    18   31.5  31.5  31.5   63.6    53.2   128.6   6000.0   500.0   0 1.11e-009
   34    21    22   31.5  31.5  31.5   63.6    53.2   128.6   6000.0   500.0   0 1.11e-009
   35    25    26   31.5  31.5  31.5   63.6    53.2   128.6   6000.0   500.0   0 1.11e-009
   36    29    30   31.5  31.5  31.5   63.6    53.2   128.6   6000.0   500.0   0 1.11e-009
   37    33    34   31.5  31.5  31.5   63.6    53.2   128.6   6000.0   500.0   0 1.11e-009
   38    37    38   31.5  31.5  31.5   63.6    53.2   128.6   6000.0   500.0   0 1.11e-009
   39    41    42   31.5  31.5  31.5   63.6    53.2   128.6   6000.0   500.0   0 1.11e-009
   40    45    46   31.5  31.5  31.5   63.6    53.2   128.6   6000.0   500.0   0 1.11e-009
   41    49    50   31.5  31.5  31.5   63.6    53.2   128.6   6000.0   500.0   0 1.11e-009
   42    53    54   31.5  31.5  31.5   63.6    53.2   128.6   6000.0   500.0   0 1.11e-009
   43    57    58   31.5  31.5  31.5   63.6    53.2   128.6   6000.0   500.0   0 1.11e-009
   44     2     5   31.5  31.5  31.5   63.6    53.2   128.6   6000.0   500.0   0 1.11e-009
   45     6     9   31.5  31.5  31.5   63.6    53.2   128.6   6000.0   500.0   0 1.11e-009
   46    10    13   31.5  31.5  31.5   63.6    53.2   128.6   6000.0   500.0   0 1.11e-009
   47    14    17   31.5  31.5  31.5   63.6    53.2   128.6   6000.0   500.0   0 1.11e-009
   48    18    21   31.5  31.5  31.5   63.6    53.2   128.6   6000.0   500.0   0 1.11e-009
   49    22    25   31.5  31.5  31.5   63.6    53.2   128.6   6000.0   500.0   0 1.11e-009
   50    26    29   31.5  31.5  31.5   63.6    53.2   128.6   6000.0   500.0   0 1.11e-009
   51    29    34   31.5  31.5  31.5   63.6    53.2   128.6   6000.0   500.0   0 1.11e-009
   52    33    38   31.5  31.5  31.5   63.6    53.2   128.6   6000.0   500.0   0 1.11e-009
   53    37    42   31.5  31.5  31.5   63.6    53.2   128.6   6000.0   500.0   0 1.11e-009
   54    41    46   31.5  31.5  31.5   63.6    53.2   128.6   6000.0   500.0   0 1.11e-009
   55    45    50   31.5  31.5  31.5   63.6    53.2   128.6   6000.0   500.0   0 1.11e-009
   56    49    54   31.5  31.5  31.5   63.6    53.2   128.6   6000.0   500.0   0 1.11e-009
   57    53    58   31.5  31.5  31.5   63.6    53.2   128.6   6000.0   500.0   0 1.11e-009
   58     3     7   42.0  42.0  42.0  104.1   126.0   171.5   6000.0   500.0   0 1.11e-009
   59     4     8   52.5  52.5  52.5 1348.6  1824.2  2028.8   6000.0   500.0   0 1.11e-009
   60     7    11   42.0  42.0  42.0  104.1   126.0   171.5   6000.0   500.0   0 1.11e-009
   61     8    12   52.5  52.5  52.5 1348.6  1824.2  2028.8   6000.0   500.0   0 1.11e-009
   62    11    15   42.0  42.0  42.0  104.1   126.0   171.5   6000.0   500.0   0 1.11e-009
   63    12    16   52.5  52.5  52.5 1348.6  1824.2  2028.8   6000.0   500.0   0 1.11e-009
   64    15    19   42.0  42.0  42.0  104.1   126.0   171.5   6000.0   500.0   0 1.11e-009
   65    16    20   52.5  52.5  52.5 1348.6  1824.2  2028.8   6000.0   500.0   0 1.11e-009
   66    19    23   42.0  42.0  42.0  104.1   126.0   171.5   6000.0   500.0   0 1.11e-009
   67    20    24   52.5  52.5  52.5 1348.6  1824.2  2028.8   6000.0   500.0   0 1.11e-009
   68    23    27   42.0  42.0  42.0  104.1   126.0   171.5   6000.0   500.0   0 1.11e-009
   69    24    28   52.5  52.5  52.5 1348.6  1824.2  2028.8   6000.0   500.0   0 1.11e-009
   70    27    31   42.0  42.0  42.0  104.1   126.0   171.5   6000.0   500.0   0 1.11e-009
   71    28    32   52.5  52.5  52.5 1348.6  1824.2  2028.8   6000.0   500.0   0 1.11e-009
   72    31    35   42.0  42.0  42.0  104.1   126.0   171.5   6000.0   500.0   0 1.11e-009
   73    32    36   52.5  52.5  52.5 1348.6  1824.2  2028.8   6000.0   500.0   0 1.11e-009
   74    35    39   42.0  42.0  42.0  104.1   126.0   171.5   6000.0   500.0   0 1.11e-009
   75    36    40   52.5  52.5  52.5 1348.6  1824.2  2028.8   6000.0   500.0   0 1.11e-009
   76    39    43   42.0  42.0  42.0  104.1   126.0   171.5   6000.0   500.0   0 1.11e-009
   77    40    44   52.5  52.5  52.5 1348.6  1824.2  2028.8   6000.0   500.0   0 1.11e-009
   78    43    47   42.0  42.0  42.0  104.1   126.0   171.5   6000.0   500.0   0 1.11e-009
   79    44    48   52.5  52.5  52.5 1348.6  1824.2  2028.8   6000.0   500.0   0 1.11e-009
   80    47    51   42.0  42.0  42.0  104.1   126.0   171.5   6000.0   500.0   0 1.11e-009
   81    48    52   52.5  52.5  52.5 1348.6  1824.2  2028.8   6000.0   500.0   0 1.11e-009
   82    51    55   42.0  42.0  42.0  104.1   126.0   171.5   6000.0   500.0   0 1.11e-009
   83    52    56   52.5  52.5  52.5 1348.6  1824.2  2028.8   6000.0   500.0   0 1.11e-009
   84    55    59   42.0  42.0  42.0  104.1   126.0   171.5   6000.0   500.0   0 1.11e-009
   85    56    60   52.5  52.5  52.5 1348.6  1824.2  2028.8   6000.0   500.0   0 1.11e-009
   86     3     4   31.5  31.5  31.5   63.6    53.2   128.6   6000.0   500.0   0 1.11e-009
   87     7     8   31.5  31.5  31.5   63.6    53.2   128.6   6000.0   500.0   0 1.11e-009
   88    11    12   31.5  31.5  31.5   63.6    53.2   128.6   6000.0   500.0   0 1.11e-009
   89    15    16   31.5  31.5  31.5   63.6    53.2   128.6   6000.0   500.0   0 1.11e-009
   90    19    20   31.5  31.5  31.5   63.6    53.2   128.6   6000.0   500.0   0 1.11e-009
   91    23    24   31.5  31.5  31.5   63.6    53.2   128.6   6000.0   500.0   0 1.11e-009
   92    27    28   31.5  31.5  31.5   63.6    53.2   128.6   6000.0   500.0   0 1.11e-009
   93    31    32   31.5  31.5  31.5   63.6    53.2   128.6   6000.0   500.0   0 1.11e-009
   94    35    36   31.5  31.5  31.5   63.6    53.2   128.6   6000.0   500.0   0 1.11e-009
   95    39    40   31.5  31.5  31.5   63.6    53.2   128.6   6000.0   500.0   0 1.11e-009
   96    43    44   31.5  31.5  31.5   63.6    53.2   128.6   6000.0   500.0   0 1.11e-009
   97    47    48   31.5  31.5  31.5   63.6    53.2   128.6   6000.0   500.0   0 1.11e-009
   98    51    52   31.5  31.5  31.5   63.6    53.2   128.6   6000.0   500.0   0 1.11e-009
   99    55    56   31.5  31.5  31.5   63.6    53.2   128.6   6000.0   500.0   0 1.11e-009
  100    59    60   31.5  31.5  31.5   63.6    53.2   128.6   6000.0   500.0   0 1.11e-009
  101     4     7   31.5  31.5  31.5   63.6    53.2   128.6   6000.0   500.0   0 1.11e-009
  102     8    11   31.5  31.5  31.5   63.6    53.2   128.6   6000.0   500.0   0 1.11e-009
  103    12    15   31.5  31.5  31.5   63.6    53.2   128.6   6000.0   500.0   0 1.11e-009
  104    16    19   31.5  31.5  31.5   63.6    53.2   128.6   6000.0   500.0   0 1.11e-009
  105    20    23   31.5  31.5  31.5   63.6    53.2   128.6   6000.0   500.0   0 1.11e-009
  106    24    27   31.5  31.5  31.5   63.6    53.2   128.6   6000.0   500.0   0 1.11e-009
  107    28    31   31.5  31.5  31.5   63.6    53.2   128.6   6000.0   500.0   0 1.11e-009
  108    31    36   31.5  31.5  31.5   63.6    53.2   128.6   6000.0   500.0   0 1.11e-009
  109    35    40   31.5  31.5  31.5   63.6    53.2   128.6   6000.0   500.0   0 1.11e-009
  110    39    44   31.5  31.5  31.5   63.6    53.2   128.6   6000.0   500.0   0 1.11e-009
  111    43    48   31.5  31.5  31.5   63.6    53.2   128.6   6000.0   500.0   0 1.11e-009
  112    47    52   31.5  31.5  31.5   63.6    53.2   128.6   6000.0   500.0   0 1.11e-009
  113    51    56   31.5  31.5  31.5   63.6    53.2   128.6   6000.0   500.0   0 1.11e-009
  114    55    60   31.5  31.5  31.5   63.6    53.2   128.6   6000.0   500.0   0 1.11e-009
  115     1     3   21.0  21.0  21.0   35.5    15.8    85.8   6000.0   500.0   0 1.11e-009
  116     2     4   21.0  21.0  21.0   35.5    15.8    85.8   6000.0   500.0   0 1.11e-009
  117     5     7   21.0  21.0  21.0   35.5    15.8    85.8   6000.0   500.0   0 1.11e-009
  118     6     8   21.0  21.0  21.0   35.5    15.8    85.8   6000.0   500.0   0 1.11e-009
  119     9    11   21.0  21.0  21.0   35.5    15.8    85.8   6000.0   500.0   0 1.11e-009
  120    10    12   21.0  21.0  21.0   35.5    15.8    85.8   6000.0   500.0   0 1.11e-009
  121    13    15   21.0  21.0  21.0   35.5    15.8    85.8   6000.0   500.0   0 1.11e-009
  122    14    16   21.0  21.0  21.0   35.5    15.8    85.8   6000.0   500.0   0 1.11e-009
  123    17    19   21.0  21.0  21.0   35.5    15.8    85.8   6000.0   500.0   0 1.11e-009
  124    18    20   21.0  21.0  21.0   35.5    15.8    85.8   6000.0   500.0   0 1.11e-009
  125    21    23   21.0  21.0  21.0   35.5    15.8    85.8   6000.0   500.0   0 1.11e-009
  126    22    24   21.0  21.0  21.0   35.5    15.8    85.8   6000.0   500.0   0 1.11e-009
  127    25    27   21.0  21.0  21.0   35.5    15.8    85.8   6000.0   500.0   0 1.11e-009
  128    26    28   21.0  21.0  21.0   35.5    15.8    85.8   6000.0   500.0   0 1.11e-009
  129    29    31   21.0  21.0  21.0   35.5    15.8    85.8   6000.0   500.0   0 1.11e-009
  130    30    32   21.0  21.0  21.0   35.5    15.8    85.8   6000.0   500.0   0 1.11e-009
  131    33    35   21.0  21.0  21.0   35.5    15.8    85.8   6000.0   500.0   0 1.11e-009
  132    34    36   21.0  21.0  21.0   35.5    15.8    85.8   6000.0   500.0   0 1.11e-009
  133    37    39   21.0  21.0  21.0   35.5    15.8    85.8   6000.0   500.0   0 1.11e-009
  134    38    40   21.0  21.0  21.0   35.5    15.8    85.8   6000.0   500.0   0 1.11e-009
  135    41    43   21.0  21.0  21.0   35.5    15.8    85.8   6000.0   500.0   0 1.11e-009
  136    42    44   21.0  21.0  21.0   35.5    15.8    85.8   6000.0   500.0   0 1.11e-009
  137    45    47   21.0  21.0  21.0   35.5    15.8    85.8   6000.0   500.0   0 1.11e-009
  138    46    48   21.0  21.0  21.0   35.5    15.8    85.8   6000.0   500.0   0 1.11e-009
  139    49    51   21.0  21.0  21.0   35.5    15.8    85.8   6000.0   500.0   0 1.11e-009
  140    50    52   21.0  21.0  21.0   35.5    15.8    85.8   6000.0   500.0   0 1.11e-009
  141    53    55   21.0  21.0  21.0   35.5    15.8    85.8   6000.0   500.0   0 1.11e-009
  142    54    56   21.0  21.0  21.0   35.5    15.8    85.8   6000.0   500.0   0 1.11e-009
  143    57    59   21.0  21.0  21.0   35.5    15.8    85.8   6000.0   500.0   0 1.11e-009
  144    58    60   21.0  21.0  21.0   35.5    15.8    85.8   6000.0   500.0   0 1.11e-009
  145     1     7   10.5  10.5  10.5   15.7     2.0    42.9   6000.0   500.0   0 1.11e-009
  146     3     5   10.5  10.5  10.5   15.7     2.0    42.9   6000.0   500.0   0 1.11e-009
  147     2     8   10.5  10.5  10.5   15.7     2.0    42.9   6000.0   500.0   0 1.11e-009
  148     4     6   10.5  10.5  10.5   15.7     2.0    42.9   6000.0   500.0   0 1.11e-009
  149     5    11   10.5  10.5  10.5   15.7     2.0    42.9   6000.0   500.0   0 1.11e-009
  150     7     9   10.5  10.5  10.5   15.7     2.0    42.9   6000.0   500.0   0 1.11e-009
  151     6    12   10.5  10.5  10.5   15.7     2.0    42.9   6000.0   500.0   0 1.11e-009
  152     8    10   10.5  10.5  10.5   15.7     2.0    42.9   6000.0   500.0   0 1.11e-009
  153     9    15   10.5  10.5  10.5   15.7     2.0    42.9   6000.0   500.0   0 1.11e-009
  154    11    13   10.5  10.5  10.5   15.7     2.0    42.9   6000.0   500.0   0 1.11e-009
  155    10    16   10.5  10.5  10.5   15.7     2.0    42.9   6000.0   500.0   0 1.11e-009
  156    12    14   10.5  10.5  10.5   15.7     2.0    42.9   6000.0   500.0   0 1.11e-009
  157    13    19   10.5  10.5  10.5   15.7     2.0    42.9   6000.0   500.0   0 1.11e-009
  158    15    17   10.5  10.5  10.5   15.7     2.0    42.9   6000.0   500.0   0 1.11e-009
  159    14    20   10.5  10.5  10.5   15.7     2.0    42.9   6000.0   500.0   0 1.11e-009
  160    16    18   10.5  10.5  10.5   15.7     2.0    42.9   6000.0   500.0   0 1.11e-009
  161    17    23   10.5  10.5  10.5   15.7     2.0    42.9   6000.0   500.0   0 1.11e-009
  162    19    21   10.5  10.5  10.5   15.7     2.0    42.9   6000.0   500.0   0 1.11e-009
  163    18    24   10.5  10.5  10.5   15.7     2.0    42.9   6000.0   500.0   0 1.11e-009
  164    20    22   10.5  10.5  10.5   15.7     2.0    42.9   6000.0   500.0   0 1.11e-009
  165    21    27   10.5  10.5  10.5   15.7     2.0    42.9   6000.0   500.0   0 1.11e-009
  166    23    25   10.5  10.5  10.5   15.7     2.0    42.9   6000.0   500.0   0 1.11e-009
  167    22    28   10.5  10.5  10.5   15.7     2.0    42.9   6000.0   500.0   0 1.11e-009
  168    24    26   10.5  10.5  10.5   15.7     2.0    42.9   6000.0   500.0   0 1.11e-009
  169    25    31   10.5  10.5  10.5   15.7     2.0    42.9   6000.0   500.0   0 1.11e-009
  170    27    29   10.5  10.5  10.5   15.7     2.0    42.9   6000.0   500.0   0 1.11e-009
  171    26    32   10.5  10.5  10.5   15.7     2.0    42.9   6000.0   500.0   0 1.11e-009
  172    28    30   10.5  10.5  10.5   15.7     2.0    42.9   6000.0   500.0   0 1.11e-009
  173    29    35   10.5  10.5  10.5   15.7     2.0    42.9   6000.0   500.0   0 1.11e-009
  174    31    33   10.5  10.5  10.5   15.7     2.0    42.9   6000.0   500.0   0 1.11e-009
  175    30    36   10.5  10.5  10.5   15.7     2.0    42.9   6000.0   500.0   0 1.11e-009
  176    32    34   10.5  10.5  10.5   15.7     2.0    42.9   6000.0   500.0   0 1.11e-009
  177    33    39   10.5  10.5  10.5   15.7     2.0    42.9   6000.0   500.0   0 1.11e-009
  178    35    37   10.5  10.5  10.5   15.7     2.0    42.9   6000.0   500.0   0 1.11e-009
  179    34    40   10.5  10.5  10.5   15.7     2.0    42.9   6000.0   500.0   0 1.11e-009
  180    36    38   10.5  10.5  10.5   15.7     2.0    42.9   6000.0   500.0   0 1.11e-009
  181    37    43   10.5  10.5  10.5   15.7     2.0    42.9   6000.0   500.0   0 1.11e-009
  182    39    41   10.5  10.5  10.5   15.7     2.0    42.9   6000.0   500.0   0 1.11e-009
  183    38    44   10.5  10.5  10.5   15.7     2.0    42.9   6000.0   500.0   0 1.11e-009
  184    40    42   10.5  10.5  10.5   15.7     2.0    42.9   6000.0   500.0   0 1.11e-009
  185    41    47   10.5  10.5  10.5   15.7     2.0    42.9   6000.0   500.0   0 1.11e-009
  186    43    45   10.5  10.5  10.5   15.7     2.0    42.9   6000.0   500.0   0 1.11e-009
  187    42    48   10.5  10.5  10.5   15.7     2.0    42.9   6000.0   500.0   0 1.11e-009
  188    44    46   10.5  10.5  10.5   15.7     2.0    42.9   6000.0   500.0   0 1.11e-009
  189    45    51   10.5  10.5  10.5   15.7     2.0    42.9   6000.0   500.0   0 1.11e-009
  190    47    49   10.5  10.5  10.5   15.7     2.0    42.9   6000.0   500.0   0 1.11e-009
  191    46    52   10.5  10.5  10.5   15.7     2.0    42.9   6000.0   500.0   0 1.11e-009
  192    48    50   10.5  10.5  10.5   15.7     2.0    42.9   6000.0   500.0   0 1.11e-009
  193    49    55   10.5  10.5  10.5   15.7     2.0    42.9   6000.0   500.0   0 1.11e-009
  194    51    53   10.5  10.5  10.5   15.7     2.0    42.9   6000.0   500.0   0 1.11e-009
  195    50    56   10.5  10.5  10.5   15.7     2.0    42.9   6000.0   500.0   0 1.11e-009
  196    52    54   10.5  10.5  10.5   15.7     2.0    42.9   6000.0   500.0   0 1.11e-009
  197    53    59   10.5  10.5  10.5   15.7     2.0    42.9   6000.0   500.0   0 1.11e-009
  198    55    57   10.5  10.5  10.5   15.7     2.0    42.9   6000.0   500.0   0 1.11e-009
  199    54    60   10.5  10.5  10.5   15.7     2.0    42.9   6000.0   500.0   0 1.11e-009
  200    56    58   10.5  10.5  10.5   15.7     2.0    42.9   6000.0   500.0   0 1.11e-009
  201     1     4   10.5  10.5  10.5   15.7     2.0    42.9   6000.0   500.0   0 1.11e-009
  202     2     3   10.5  10.5  10.5   15.7     2.0    42.9   6000.0   500.0   0 1.11e-009
  203     5     8   10.5  10.5  10.5   15.7     2.0    42.9   6000.0   500.0   0 1.11e-009
  204     6     7   10.5  10.5  10.5   15.7     2.0    42.9   6000.0   500.0   0 1.11e-009
  205     9    12   10.5  10.5  10.5   15.7     2.0    42.9   6000.0   500.0   0 1.11e-009
  206    10    11   10.5  10.5  10.5   15.7     2.0    42.9   6000.0   500.0   0 1.11e-009
  207    13    16   10.5  10.5  10.5   15.7     2.0    42.9   6000.0   500.0   0 1.11e-009
  208    14    15   10.5  10.5  10.5   15.7     2.0    42.9   6000.0   500.0   0 1.11e-009
  209    17    20   10.5  10.5  10.5   15.7     2.0    42.9   6000.0   500.0   0 1.11e-009
  210    18    19   10.5  10.5  10.5   15.7     2.0    42.9   6000.0   500.0   0 1.11e-009
  211    21    24   10.5  10.5  10.5   15.7     2.0    42.9   6000.0   500.0   0 1.11e-009
  212    22    23   10.5  10.5  10.5   15.7     2.0    42.9   6000.0   500.0   0 1.11e-009
  213    25    28   10.5  10.5  10.5   15.7     2.0    42.9   6000.0   500.0   0 1.11e-009
  214    26    27   10.5  10.5  10.5   15.7     2.0    42.9   6000.0   500.0   0 1.11e-009
  215    29    32   10.5  10.5  10.5   15.7     2.0    42.9   6000.0   500.0   0 1.11e-009
  216    30    31   10.5  10.5  10.5   15.7     2.0    42.9   6000.0   500.0   0 1.11e-009
  217    33    36   10.5  10.5  10.5   15.7     2.0    42.9   6000.0   500.0   0 1.11e-009
  218    34    35   10.5  10.5  10.5   15.7     2.0    42.9   6000.0   500.0   0 1.11e-009
  219    37    40   10.5  10.5  10.5   15.7     2.0    42.9   6000.0   500.0   0 1.11e-009
  220    38    39   10.5  10.5  10.5   15.7     2.0    42.9   6000.0   500.0   0 1.11e-009
  221    41    44   10.5  10.5  10.5   15.7     2.0    42.9   6000.0   500.0   0 1.11e-009
  222    42    43   10.5  10.5  10.5   15.7     2.0    42.9   6000.0   500.0   0 1.11e-009
  223    45    48   10.5  10.5  10.5   15.7     2.0    42.9   6000.0   500.0   0 1.11e-009
  224    46    47   10.5  10.5  10.5   15.7     2.0    42.9   6000.0   500.0   0 1.11e-009
  225    49    52   10.5  10.5  10.5   15.7     2.0    42.9   6000.0   500.0   0 1.11e-009
  226    50    51   10.5  10.5  10.5   15.7     2.0    42.9   6000.0   500.0   0 1.11e-009
  227    53    56   10.5  10.5  10.5   15.7     2.0    42.9   6000.0   500.0   0 1.11e-009
  228    54    55   10.5  10.5  10.5   15.7     2.0    42.9   6000.0   500.0   0 1.11e-009
  229    57    60   10.5  10.5  10.5   15.7     2.0    42.9   6000.0   500.0   0 1.11e-009
  230    58    59   10.5  10.5  10.5   15.7     2.0    42.9   6000.0   500.0   0 1.11e-009
  231     1     5   42.0  42.0  42.0  963.2     7.9  2744.0   6000.0   500.0   0 1.11e-009
  232    53    57   42.0  42.0  42.0  963.2     7.9  2744.0   6000.0   500.0   0 1.11e-009
  233     3     7   42.0  42.0  42.0  963.2     7.9  2744.0   6000.0   500.0   0 1.11e-009
  234    55    59   42.0  42.0  42.0  963.2     7.9  2744.0   6000.0   500.0   0 1.11e-009
  Include shear deformations.
  Neglect geometric stiffness.

L O A D   C A S E   1   O F   1  ... 

   Gravity X =  0.0    Gravity Y =  0.0    Gravity Z =  0.0 
  10 concentrated loads
   0 uniformly distributed loads
   0 trapezoidally distributed loads
   0 concentrated point loads
   0 temperature loads
   0 prescribed displacements
 N O D A L   L O A D S  +  E Q U I V A L E N T   N O D A L   L O A D S  (global)
  Node        Fx          Fy          Fz          Mxx         Myy         Mzz
    22       0.000       0.000     -88.260       0.000       0.000       0.000
    24       0.000       0.000     -88.260       0.000       0.000       0.000
    26       0.000       0.000     -88.260       0.000       0.000       0.000
    28       0.000       0.000     -88.260       0.000       0.000       0.000
    30       0.000       0.000     -88.260       0.000       0.000       0.000
    32       0.000       0.000     -88.260       0.000       0.000       0.000
    34       0.000       0.000     -88.260       0.000       0.000       0.000
    36       0.000       0.000     -88.260       0.000       0.000       0.000
    38       0.000       0.000     -88.260       0.000       0.000       0.000
    40       0.000       0.000     -88.260       0.000       0.000       0.000

E L A S T I C   S T I F F N E S S   A N A L Y S I S   via  L D L'  decomposition


L O A D   C A S E   1   O F   1  ... 

N O D E   D I S P L A C E M E N T S  					(global)
  Node    X-dsp       Y-dsp       Z-dsp       X-rot       Y-rot       Z-rot
     1   -0.488903    0.000464    0.202017   -0.000008    0.002569   -0.000070
     2   -0.288952    0.000988    0.202460   -0.000002    0.002826   -0.000106
     3   -0.488903   -0.000450    0.202017    0.000008    0.002569    0.000070
     4   -0.288952   -0.000974    0.202460    0.000002    0.002826    0.000106
     5   -0.488981   -0.005716    0.0         0.0         0.0         0.0     
     6   -0.289832   -0.008769   -0.113499   -0.000008    0.004038   -0.000077
     7   -0.488981    0.005730    0.0         0.0         0.0         0.0     
     8   -0.289832    0.008783   -0.113499    0.000008    0.004038    0.000077
     9   -0.488659   -0.002022   -0.525274    0.000088    0.005422    0.000104
    10   -0.094672   -0.013819   -0.632013    0.000011    0.004820   -0.000036
    11   -0.488659    0.002036   -0.525274   -0.000088    0.005422   -0.000104
    12   -0.094672    0.013833   -0.632013   -0.000011    0.004820    0.000036
    13   -0.432712    0.003419   -1.010569    0.000124    0.003992    0.000063
    14    0.050886   -0.016088   -1.115050    0.000020    0.004102   -0.000010
    15   -0.432712   -0.003405   -1.010569   -0.000124    0.003992   -0.000063
    16    0.050886    0.016102   -1.115050   -0.000020    0.004102    0.000010
    17   -0.347593    0.006669   -1.443909    0.000128    0.003680    0.000051
    18    0.149889   -0.016932   -1.543729    0.000015    0.003313    0.000010
    19   -0.347593   -0.006656   -1.443909   -0.000128    0.003680   -0.000051
    20    0.149889    0.016946   -1.543729   -0.000015    0.003313   -0.000010
    21   -0.245193    0.009088   -1.829648    0.000120    0.003775    0.000033
    22    0.215693   -0.015723   -1.931104   -0.000025    0.004372   -0.000020
    23   -0.245193   -0.009074   -1.829648   -0.000120    0.003775   -0.000033
    24    0.215693    0.015737   -1.931104    0.000025    0.004372    0.000020
    25   -0.130700    0.007781   -2.277539    0.000095    0.003712    0.000066
    26    0.110039   -0.017608   -2.441268    0.000062    0.004108   -0.000005
    27   -0.130700   -0.007767   -2.277539   -0.000095    0.003712   -0.000066
    28    0.110039    0.017622   -2.441268   -0.000062    0.004108    0.000005
    29    0.000004    0.011571   -2.555253    0.000114    0.0         0.0     
    30    0.000004   -0.015722   -2.666826    0.000073    0.0         0.0     
    31    0.000004   -0.011557   -2.555253   -0.000114    0.0         0.0     
    32    0.000004    0.015736   -2.666826   -0.000073    0.0         0.0     
    33    0.130708    0.007781   -2.277539    0.000095   -0.003712   -0.000066
    34   -0.110031   -0.017608   -2.441268    0.000062   -0.004108    0.000005
    35    0.130708   -0.007767   -2.277539   -0.000095   -0.003712    0.000066
    36   -0.110031    0.017622   -2.441268   -0.000062   -0.004108   -0.000005
    37    0.245201    0.009088   -1.829648    0.000120   -0.003775   -0.000033
    38   -0.215685   -0.015723   -1.931104   -0.000025   -0.004372    0.000020
    39    0.245201   -0.009074   -1.829648   -0.000120   -0.003775    0.000033
    40   -0.215685    0.015737   -1.931104    0.000025   -0.004372   -0.000020
    41    0.347601    0.006669   -1.443909    0.000128   -0.003680   -0.000051
    42   -0.149881   -0.016932   -1.543729    0.000015   -0.003313   -0.000010
    43    0.347601   -0.006656   -1.443909   -0.000128   -0.003680    0.000051
    44   -0.149881    0.016946   -1.543729   -0.000015   -0.003313    0.000010
    45    0.432720    0.003419   -1.010569    0.000124   -0.003992   -0.000063
    46   -0.050878   -0.016088   -1.115050    0.000020   -0.004102    0.000010
    47    0.432720   -0.003405   -1.010569   -0.000124   -0.003992    0.000063
    48   -0.050878    0.016102   -1.115050   -0.000020   -0.004102   -0.000010
    49    0.488668   -0.002022   -0.525274    0.000088   -0.005422   -0.000104
    50    0.094680   -0.013819   -0.632013    0.000011   -0.004820    0.000036
    51    0.488668    0.002036   -0.525274   -0.000088   -0.005422    0.000104
    52    0.094680    0.013833   -0.632013   -0.000011   -0.004820   -0.000036
    53    0.488989   -0.005716    0.0         0.0         0.0         0.0     
    54    0.289841   -0.008769   -0.113499   -0.000008   -0.004038    0.000077
    55    0.488989    0.005730    0.0         0.0         0.0         0.0     
    56    0.289841    0.008783   -0.113499    0.000008   -0.004038   -0.000077
    57    0.488912    0.000464    0.202017   -0.000008   -0.002569    0.000070
    58    0.288960    0.000988    0.202460   -0.000002   -0.002826    0.000106
    59    0.488912   -0.000450    0.202017    0.000008   -0.002569   -0.000070
    60    0.288960   -0.000974    0.202460    0.000002   -0.002826   -0.000106
F R A M E   E L E M E N T   E N D   F O R C E S				(local)
  Elmnt  Node       Nx          Vy         Vz        Txx        Myy        Mzz
     1      1      0.196c      0.031      0.640     -0.004    -12.571      0.842
     1      5     -0.196c     -0.031     -0.640      0.004    -51.412      2.283
     2      2      2.775c      0.053     -2.386      0.042    -13.345     -0.832
     2      6     -2.775c     -0.053      2.386     -0.042    251.973      6.180
     3      5     -0.811t      0.017      2.210     -0.046   -151.512     -0.196
     3      9      0.811t     -0.017     -2.210      0.046    -69.534      1.940
     4      6    161.524c     -0.052      3.748     -0.212   -286.099     -5.966
     4     10   -161.524c      0.052     -3.748      0.212   -132.945      0.207
     5      9   -140.988t      0.034      0.127     -0.019      4.463      2.116
     5     13    140.988t     -0.034     -0.127      0.019    -17.151      1.283
     6     10    241.821c     -0.061     -0.110     -0.123     76.468     -5.499
     6     14   -241.821c      0.061      0.110      0.123    -64.207     -1.372
     7     13   -214.499t      0.029      0.432     -0.002    -19.254      1.557
     7     17    214.499t     -0.029     -0.432      0.002    -23.969      1.295
     8     14    290.647c     -0.003      0.887     -0.024     27.693     -2.450
     8     18   -290.647c      0.003     -0.887      0.024   -126.857      2.122
     9     17   -258.049t      0.020      0.113      0.004     -6.358      1.200
     9     21    258.049t     -0.020     -0.113     -0.004     -4.935      0.829
    10     18    322.267c     -0.103     -3.604      0.297     97.705     -4.785
    10     22   -322.267c      0.103      3.604     -0.297    305.220     -6.767
    11     21   -288.522t      0.073      0.640      0.013    -31.518      3.292
    11     25    288.522t     -0.073     -0.640     -0.013    -32.468      3.980
    12     22    332.810c      0.060      7.540     -0.591   -348.078      1.166
    12     26   -332.810c     -0.060     -7.540      0.591   -405.873      4.793
    13     25   -329.375t     -0.006      0.801     -0.010    -11.998      0.394
    13     29    329.375t      0.006     -0.801      0.010    -68.119     -0.965
    14     26    346.610c     -0.201      1.763     -0.069    361.535    -10.652
    14     30   -346.610c      0.201     -1.763      0.069   -537.831     -9.421
    15     29   -329.375t      0.006     -0.801      0.010     68.119      0.965
    15     33    329.375t     -0.006      0.801     -0.010     11.998     -0.394
    16     30    346.610c      0.201     -1.763      0.069    537.831      9.421
    16     34   -346.610c     -0.201      1.763     -0.069   -361.535     10.652
    17     33   -288.522t     -0.073     -0.640     -0.013     32.468     -3.980
    17     37    288.522t      0.073      0.640      0.013     31.518     -3.292
    18     34    332.810c     -0.060     -7.540      0.591    405.873     -4.793
    18     38   -332.810c      0.060      7.540     -0.591    348.078     -1.166
    19     37   -258.049t     -0.020     -0.113     -0.004      4.935     -0.829
    19     41    258.049t      0.020      0.113      0.004      6.358     -1.200
    20     38    322.267c      0.103      3.604     -0.297   -305.220      6.767
    20     42   -322.267c     -0.103     -3.604      0.297    -97.705      4.785
    21     41   -214.499t     -0.029     -0.432      0.002     23.969     -1.295
    21     45    214.499t      0.029      0.432     -0.002     19.254     -1.557
    22     42    290.647c      0.003     -0.887      0.024    126.857     -2.122
    22     46   -290.647c     -0.003      0.887     -0.024    -27.693      2.450
    23     45   -140.988t     -0.034     -0.127      0.019     17.151     -1.283
    23     49    140.988t      0.034      0.127     -0.019     -4.463     -2.116
    24     46    241.821c      0.061      0.110      0.123     64.207      1.372
    24     50   -241.821c     -0.061     -0.110     -0.123    -76.468      5.499
    25     49     -0.811t     -0.017     -2.210      0.046     69.534     -1.940
    25     53      0.811t      0.017      2.210     -0.046    151.512      0.196
    26     50    161.524c      0.052     -3.748      0.212    132.945     -0.207
    26     54   -161.524c     -0.052      3.748     -0.212    286.099      5.966
    27     53      0.196c     -0.031     -0.640      0.004     51.412     -2.283
    27     57     -0.196c      0.031      0.640     -0.004     12.571     -0.842
    28     54      2.775c     -0.053      2.386     -0.042   -251.973     -6.180
    28     58     -2.775c      0.053     -2.386      0.042     13.345      0.832
    29      1     -0.837t     -0.000     -0.261      0.012     12.219      0.031
    29      2      0.837t      0.000      0.261     -0.012     13.861     -0.064
    30      5    214.514c      0.030     -0.010      0.025    -12.364      1.448
    30      6   -214.514c     -0.030      0.010     -0.025     13.395      1.572
    31      9    134.492c      0.012     -0.420      0.030     32.763      0.481
    31     10   -134.492c     -0.012      0.420     -0.030     30.205      1.277
    32     13     98.735c      0.006     -0.155      0.012     15.319      0.172
    32     14    -98.735c     -0.006      0.155     -0.012     15.668      0.974
    33     17     75.463c      0.003     -0.092      0.005     11.957      0.076
    33     18    -75.463c     -0.003      0.092     -0.005     11.018      0.775
    34     21     63.917c      0.004     -0.108      0.006     15.505      0.169
    34     22    -63.917c     -0.004      0.108     -0.006     16.776      0.917
    35     25    103.149c      0.001     -0.132      0.008     19.347      0.008
    35     26   -103.149c     -0.001      0.132     -0.008     20.191      0.176
    36     29     70.291c     -0.000      0.0        0.0        0.0       -0.142
    36     30    -70.291c      0.000      0.0        0.0        0.0        0.071
    37     33    103.149c      0.001      0.132     -0.008    -19.347      0.008
    37     34   -103.149c     -0.001     -0.132      0.008    -20.191      0.176
    38     37     63.917c      0.004      0.108     -0.006    -15.505      0.169
    38     38    -63.917c     -0.004     -0.108      0.006    -16.776      0.917
    39     41     75.463c      0.003      0.092     -0.005    -11.957      0.076
    39     42    -75.463c     -0.003     -0.092      0.005    -11.018      0.775
    40     45     98.735c      0.006      0.155     -0.012    -15.319      0.172
    40     46    -98.735c     -0.006     -0.155      0.012    -15.668      0.974
    41     49    134.492c      0.012      0.420     -0.030    -32.763      0.481
    41     50   -134.492c     -0.012     -0.420      0.030    -30.205      1.277
    42     53    214.514c      0.030      0.010     -0.025     12.364      1.448
    42     54   -214.514c     -0.030     -0.010      0.025    -13.395      1.572
    43     57     -0.837t     -0.000      0.261     -0.012    -12.219      0.031
    43     58      0.837t      0.000     -0.261      0.012    -13.861     -0.064
    44      2     -2.297t      0.004      0.113      0.017     -1.639     -0.125
    44      5      2.297t     -0.004     -0.113     -0.017    -14.386      0.709
    45      6   -201.236t     -0.005     -0.317      0.014     19.299     -1.391
    45      9    201.236t      0.005      0.317     -0.014     25.540      0.750
    46     10   -133.633t     -0.009     -0.197      0.004     19.180     -1.447
    46     13    133.633t      0.009      0.197     -0.004     16.250     -0.165
    47     14    -97.992t     -0.005     -0.125      0.001     14.565     -0.967
    47     17     97.992t      0.005      0.125     -0.001     13.362     -0.116
    48     18    -83.347t     -0.003     -0.094     -0.002     12.109     -0.752
    48     21     83.347t      0.003      0.094      0.002     13.204     -0.143
    49     22   -130.960t     -0.003     -0.101      0.004     16.703     -0.840
    49     25    130.960t      0.003      0.101     -0.004     15.370     -0.150
    50     26    -43.833t     -0.001     -0.061     -0.001     13.863     -0.261
    50     29     43.833t      0.001      0.061      0.001      5.576     -0.013
    51     29    -43.833t      0.001      0.061      0.001     -5.576      0.013
    51     34     43.833t     -0.001     -0.061     -0.001    -13.863      0.261
    52     33   -130.960t      0.003      0.101     -0.004    -15.370      0.150
    52     38    130.960t     -0.003     -0.101      0.004    -16.703      0.840
    53     37    -83.347t      0.003      0.094      0.002    -13.204      0.143
    53     42     83.347t     -0.003     -0.094     -0.002    -12.109      0.752
    54     41    -97.992t      0.005      0.125     -0.001    -13.362      0.116
    54     46     97.992t     -0.005     -0.125      0.001    -14.565      0.967
    55     45   -133.633t      0.009      0.197     -0.004    -16.250      0.165
    55     50    133.633t     -0.009     -0.197      0.004    -19.180      1.447
    56     49   -201.236t      0.005      0.317     -0.014    -25.540     -0.750
    56     54    201.236t     -0.005     -0.317      0.014    -19.299      1.391
    57     53     -2.297t     -0.004     -0.113     -0.017     14.386     -0.709
    57     58      2.297t      0.004      0.113      0.017      1.639      0.125
    58      3      0.196c     -0.031      0.640      0.004    -12.571     -0.842
    58      7     -0.196c      0.031     -0.640     -0.004    -51.412     -2.283
    59      4      2.775c     -0.053     -2.386     -0.042    -13.345      0.832
    59      8     -2.775c      0.053      2.386      0.042    251.973     -6.180
    60      7     -0.811t     -0.017      2.210      0.046   -151.512      0.196
    60     11      0.811t      0.017     -2.210     -0.046    -69.534     -1.940
    61      8    161.524c      0.052      3.748      0.212   -286.099      5.966
    61     12   -161.524c     -0.052     -3.748     -0.212   -132.945     -0.207
    62     11   -140.988t     -0.034      0.127      0.019      4.463     -2.116
    62     15    140.988t      0.034     -0.127     -0.019    -17.151     -1.283
    63     12    241.821c      0.061     -0.110      0.123     76.468      5.499
    63     16   -241.821c     -0.061      0.110     -0.123    -64.207      1.372
    64     15   -214.499t     -0.029      0.432      0.002    -19.254     -1.557
    64     19    214.499t      0.029     -0.432     -0.002    -23.969     -1.295
    65     16    290.647c      0.003      0.887      0.024     27.693      2.450
    65     20   -290.647c     -0.003     -0.887     -0.024   -126.857     -2.122
    66     19   -258.049t     -0.020      0.113     -0.004     -6.358     -1.200
    66     23    258.049t      0.020     -0.113      0.004     -4.935     -0.829
    67     20    322.267c      0.103     -3.604     -0.297     97.705      4.785
    67     24   -322.267c     -0.103      3.604      0.297    305.220      6.767
    68     23   -288.522t     -0.073      0.640     -0.013    -31.518     -3.292
    68     27    288.522t      0.073     -0.640      0.013    -32.468     -3.980
    69     24    332.810c     -0.060      7.540      0.591   -348.078     -1.166
    69     28   -332.810c      0.060     -7.540     -0.591   -405.873     -4.793
    70     27   -329.375t      0.006      0.801      0.010    -11.998     -0.394
    70     31    329.375t     -0.006     -0.801     -0.010    -68.119      0.965
    71     28    346.610c      0.201      1.763      0.069    361.535     10.652
    71     32   -346.610c     -0.201     -1.763     -0.069   -537.831      9.421
    72     31   -329.375t     -0.006     -0.801     -0.010     68.119     -0.965
    72     35    329.375t      0.006      0.801      0.010     11.998      0.394
    73     32    346.610c     -0.201     -1.763     -0.069    537.831     -9.421
    73     36   -346.610c      0.201      1.763      0.069   -361.535    -10.652
    74     35   -288.522t      0.073     -0.640      0.013     32.468      3.980
    74     39    288.522t     -0.073      0.640     -0.013     31.518      3.292
    75     36    332.810c      0.060     -7.540     -0.591    405.873      4.793
    75     40   -332.810c     -0.060      7.540      0.591    348.078      1.166
    76     39   -258.049t      0.020     -0.113      0.004      4.935      0.829
    76     43    258.049t     -0.020      0.113     -0.004      6.358      1.200
    77     40    322.267c     -0.103      3.604      0.297   -305.220     -6.767
    77     44   -322.267c      0.103     -3.604     -0.297    -97.705     -4.785
    78     43   -214.499t      0.029     -0.432     -0.002     23.969      1.295
    78     47    214.499t     -0.029      0.432      0.002     19.254      1.557
    79     44    290.647c     -0.003     -0.887     -0.024    126.857      2.122
    79     48   -290.647c      0.003      0.887      0.024    -27.693     -2.450
    80     47   -140.988t      0.034     -0.127     -0.019     17.151      1.283
    80     51    140.988t     -0.034      0.127      0.019     -4.463      2.116
    81     48    241.821c     -0.061      0.110     -0.123     64.207     -1.372
    81     52   -241.821c      0.061     -0.110      0.123    -76.468     -5.499
    82     51     -0.811t      0.017     -2.210     -0.046     69.534      1.940
    82     55      0.811t     -0.017      2.210      0.046    151.512     -0.196
    83     52    161.524c     -0.052     -3.748     -0.212    132.945      0.207
    83     56   -161.524c      0.052      3.748      0.212    286.099     -5.966
    84     55      0.196c      0.031     -0.640     -0.004     51.412      2.283
    84     59     -0.196c     -0.031      0.640      0.004     12.571      0.842
    85     56      2.775c      0.053      2.386      0.042   -251.973      6.180
    85     60     -2.775c     -0.053     -2.386     -0.042     13.345     -0.832
    86      3     -0.837t      0.000     -0.261     -0.012     12.219     -0.031
    86      4      0.837t     -0.000      0.261      0.012     13.861      0.064
    87      7    214.514c     -0.030     -0.010     -0.025    -12.364     -1.448
    87      8   -214.514c      0.030      0.010      0.025     13.395     -1.572
    88     11    134.492c     -0.012     -0.420     -0.030     32.763     -0.481
    88     12   -134.492c      0.012      0.420      0.030     30.205     -1.277
    89     15     98.735c     -0.006     -0.155     -0.012     15.319     -0.172
    89     16    -98.735c      0.006      0.155      0.012     15.668     -0.974
    90     19     75.463c     -0.003     -0.092     -0.005     11.957     -0.076
    90     20    -75.463c      0.003      0.092      0.005     11.018     -0.775
    91     23     63.917c     -0.004     -0.108     -0.006     15.505     -0.169
    91     24    -63.917c      0.004      0.108      0.006     16.776     -0.917
    92     27    103.149c     -0.001     -0.132     -0.008     19.347     -0.008
    92     28   -103.149c      0.001      0.132      0.008     20.191     -0.176
    93     31     70.291c      0.000      0.0        0.0        0.0        0.142
    93     32    -70.291c     -0.000      0.0        0.0        0.0       -0.071
    94     35    103.149c     -0.001      0.132      0.008    -19.347     -0.008
    94     36   -103.149c      0.001     -0.132     -0.008    -20.191     -0.176
    95     39     63.917c     -0.004      0.108      0.006    -15.505     -0.169
    95     40    -63.917c      0.004     -0.108     -0.006    -16.776     -0.917
    96     43     75.463c     -0.003      0.092      0.005    -11.957     -0.076
    96     44    -75.463c      0.003     -0.092     -0.005    -11.018     -0.775
    97     47     98.735c     -0.006      0.155      0.012    -15.319     -0.172
    97     48    -98.735c      0.006     -0.155     -0.012    -15.668     -0.974
    98     51    134.492c     -0.012      0.420      0.030    -32.763     -0.481
    98     52   -134.492c      0.012     -0.420     -0.030    -30.205     -1.277
    99     55    214.514c     -0.030      0.010      0.025     12.364     -1.448
    99     56   -214.514c      0.030     -0.010     -0.025    -13.395     -1.572
   100     59     -0.837t      0.000      0.261      0.012    -12.219     -0.031
   100     60      0.837t     -0.000     -0.261     -0.012    -13.861      0.064
   101      4     -2.297t     -0.004      0.113     -0.017     -1.639      0.125
   101      7      2.297t      0.004     -0.113      0.017    -14.386     -0.709
   102      8   -201.236t      0.005     -0.317     -0.014     19.299      1.391
   102     11    201.236t     -0.005      0.317      0.014     25.540     -0.750
   103     12   -133.633t      0.009     -0.197     -0.004     19.180      1.447
   103     15    133.633t     -0.009      0.197      0.004     16.250      0.165
   104     16    -97.992t      0.005     -0.125     -0.001     14.565      0.967
   104     19     97.992t     -0.005      0.125      0.001     13.362      0.116
   105     20    -83.347t      0.003     -0.094      0.002     12.109      0.752
   105     23     83.347t     -0.003      0.094     -0.002     13.204      0.143
   106     24   -130.960t      0.003     -0.101     -0.004     16.703      0.840
   106     27    130.960t     -0.003      0.101      0.004     15.370      0.150
   107     28    -43.833t      0.001     -0.061      0.001     13.863      0.261
   107     31     43.833t     -0.001      0.061     -0.001      5.576      0.013
   108     31    -43.833t     -0.001      0.061     -0.001     -5.576     -0.013
   108     36     43.833t      0.001     -0.061      0.001    -13.863     -0.261
   109     35   -130.960t     -0.003      0.101      0.004    -15.370     -0.150
   109     40    130.960t      0.003     -0.101     -0.004    -16.703     -0.840
   110     39    -83.347t     -0.003      0.094     -0.002    -13.204     -0.143
   110     44     83.347t      0.003     -0.094      0.002    -12.109     -0.752
   111     43    -97.992t     -0.005      0.125      0.001    -13.362     -0.116
   111     48     97.992t      0.005     -0.125     -0.001    -14.565     -0.967
   112     47   -133.633t     -0.009      0.197      0.004    -16.250     -0.165
   112     52    133.633t      0.009     -0.197     -0.004    -19.180     -1.447
   113     51   -201.236t     -0.005      0.317      0.014    -25.540      0.750
   113     56    201.236t      0.005     -0.317     -0.014    -19.299     -1.391
   114     55     -2.297t      0.004     -0.113      0.017     14.386      0.709
   114     60      2.297t     -0.004      0.113     -0.017      1.639     -0.125
   115      1      0.640c      0.0        0.0        0.0        0.008     -0.400
   115      3     -0.640c      0.0        0.0        0.0       -0.008      0.400
   116      2      1.373c      0.0        0.0        0.0        0.002     -0.608
   116      4     -1.373c      0.0        0.0        0.0       -0.002      0.608
   117      5     -8.012t      0.0        0.0        0.0        0.0        0.0  
   117      7      8.012t      0.0        0.0        0.0        0.0        0.0  
   118      6    -12.287t      0.0        0.0        0.0        0.008     -0.443
   118      8     12.287t      0.0        0.0        0.0       -0.008      0.443
   119      9     -2.840t      0.0        0.0        0.0       -0.093      0.593
   119     11      2.840t      0.0        0.0        0.0        0.093     -0.593
   120     10    -19.357t      0.0        0.0        0.0       -0.011     -0.208
   120     12     19.357t      0.0        0.0        0.0        0.011      0.208
   121     13      4.777c      0.0        0.0        0.0       -0.131      0.362
   121     15     -4.777c      0.0        0.0        0.0        0.131     -0.362
   122     14    -22.533t      0.0        0.0        0.0       -0.021     -0.059
   122     16     22.533t      0.0        0.0        0.0        0.021      0.059
   123     17      9.328c      0.0        0.0        0.0       -0.134      0.289
   123     19     -9.328c      0.0        0.0        0.0        0.134     -0.289
   124     18    -23.714t      0.0        0.0        0.0       -0.015      0.058
   124     20     23.714t      0.0        0.0        0.0        0.015     -0.058
   125     21     12.713c      0.0        0.0        0.0       -0.126      0.186
   125     23    -12.713c      0.0        0.0        0.0        0.126     -0.186
   126     22    -22.022t      0.0        0.0        0.0        0.027     -0.114
   126     24     22.022t      0.0        0.0        0.0       -0.027      0.114
   127     25     10.883c      0.0        0.0        0.0       -0.100      0.377
   127     27    -10.883c      0.0        0.0        0.0        0.100     -0.377
   128     26    -24.662t      0.0        0.0        0.0       -0.065     -0.029
   128     28     24.662t      0.0        0.0        0.0        0.065      0.029
   129     29     16.189c      0.0        0.0        0.0       -0.120      0.0  
   129     31    -16.189c      0.0        0.0        0.0        0.120      0.0  
   130     30    -22.021t      0.0        0.0        0.0       -0.076      0.0  
   130     32     22.021t      0.0        0.0        0.0        0.076      0.0  
   131     33     10.883c      0.0        0.0        0.0       -0.100     -0.377
   131     35    -10.883c      0.0        0.0        0.0        0.100      0.377
   132     34    -24.662t      0.0        0.0        0.0       -0.065      0.029
   132     36     24.662t      0.0        0.0        0.0        0.065     -0.029
   133     37     12.713c      0.0        0.0        0.0       -0.126     -0.186
   133     39    -12.713c      0.0        0.0        0.0        0.126      0.186
   134     38    -22.022t      0.0        0.0        0.0        0.027      0.114
   134     40     22.022t      0.0        0.0        0.0       -0.027     -0.114
   135     41      9.328c      0.0        0.0        0.0       -0.134     -0.289
   135     43     -9.328c      0.0        0.0        0.0        0.134      0.289
   136     42    -23.714t      0.0        0.0        0.0       -0.015     -0.058
   136     44     23.714t      0.0        0.0        0.0        0.015      0.058
   137     45      4.777c      0.0        0.0        0.0       -0.131     -0.362
   137     47     -4.777c      0.0        0.0        0.0        0.131      0.362
   138     46    -22.533t      0.0        0.0        0.0       -0.021      0.059
   138     48     22.533t      0.0        0.0        0.0        0.021     -0.059
   139     49     -2.840t      0.0        0.0        0.0       -0.093     -0.593
   139     51      2.840t      0.0        0.0        0.0        0.093      0.593
   140     50    -19.357t      0.0        0.0        0.0       -0.011      0.208
   140     52     19.357t      0.0        0.0        0.0        0.011     -0.208
   141     53     -8.012t      0.0        0.0        0.0        0.0        0.0  
   141     55      8.012t      0.0        0.0        0.0        0.0        0.0  
   142     54    -12.287t      0.0        0.0        0.0        0.008      0.443
   142     56     12.287t      0.0        0.0        0.0       -0.008     -0.443
   143     57      0.640c      0.0        0.0        0.0        0.008      0.400
   143     59     -0.640c      0.0        0.0        0.0       -0.008     -0.400
   144     58      1.373c      0.0        0.0        0.0        0.002      0.608
   144     60     -1.373c      0.0        0.0        0.0       -0.002     -0.608
   145      1     -1.397t     -0.003      0.001      0.085     -0.050     -0.441
   145      7      1.397t      0.003     -0.001     -0.085     -0.194     -0.266
   146      3     -1.397t      0.003      0.001     -0.085     -0.050      0.441
   146      5      1.397t     -0.003     -0.001      0.085     -0.194      0.266
   147      2     -1.954t     -0.003     -0.000     -0.041      0.011     -0.500
   147      8      1.954t      0.003      0.000      0.041      0.078     -0.041
   148      4     -1.954t      0.003     -0.000      0.041      0.011      0.500
   148      6      1.954t     -0.003      0.000     -0.041      0.078      0.041
   149      5     -2.121t     -0.005      0.004     -0.179     -0.567     -0.379
   149     11      2.121t      0.005     -0.004      0.179     -0.256     -0.638
   150      7     -2.121t      0.005      0.004      0.179     -0.567      0.379
   150      9      2.121t     -0.005     -0.004     -0.179     -0.256      0.638
   151      6      3.285c     -0.012      0.001     -0.026     -0.137     -1.227
   151     12     -3.285c      0.012     -0.001      0.026     -0.094     -1.350
   152      8      3.285c      0.012      0.001      0.026     -0.137      1.227
   152     10     -3.285c     -0.012     -0.001     -0.026     -0.094      1.350
   153      9     -7.943t      0.019      0.000      0.052      0.010      2.139
   153     15      7.943t     -0.019     -0.000     -0.052     -0.048      1.721
   154     11     -7.943t     -0.019      0.000     -0.052      0.010     -2.139
   154     13      7.943t      0.019     -0.000      0.052     -0.048     -1.721
   155     10      5.908c     -0.027      0.000      0.023     -0.033     -3.118
   155     16     -5.908c      0.027     -0.000     -0.023     -0.069     -2.639
   156     12      5.908c      0.027      0.000     -0.023     -0.033      3.118
   156     14     -5.908c     -0.027     -0.000      0.023     -0.069      2.639
   157     13     -9.953t      0.028      0.001      0.015     -0.086      3.037
   157     19      9.953t     -0.028     -0.001     -0.015     -0.079      2.752
   158     15     -9.953t     -0.028      0.001     -0.015     -0.086     -3.037
   158     17      9.953t      0.028     -0.001      0.015     -0.079     -2.752
   159     14      7.840c     -0.030      0.001      0.025     -0.065     -3.383
   159     20     -7.840c      0.030     -0.001     -0.025     -0.104     -2.977
   160     16      7.840c      0.030      0.001     -0.025     -0.065      3.383
   160     18     -7.840c     -0.030     -0.001      0.025     -0.104      2.977
   161     17    -11.004t      0.035      0.000      0.001     -0.038      3.659
   161     23     11.004t     -0.035     -0.000     -0.001     -0.008      3.451
   162     19    -11.004t     -0.035      0.000     -0.001     -0.038     -3.659
   162     21     11.004t      0.035     -0.000      0.001     -0.008     -3.451
   163     18      9.693c     -0.040      0.0       -0.034     -0.027     -3.941
   163     24     -9.693c      0.040      0.0        0.034      0.030     -4.452
   164     20      9.693c      0.040      0.0        0.034     -0.027      3.941
   164     22     -9.693c     -0.040      0.0       -0.034      0.030      4.452
   165     21    -12.504t      0.037      0.001      0.006     -0.136      3.887
   165     27     12.504t     -0.037     -0.001     -0.006     -0.118      3.641
   166     23    -12.504t     -0.037      0.001     -0.006     -0.136     -3.887
   166     25     12.504t      0.037     -0.001      0.006     -0.118     -3.641
   167     22      6.780c     -0.038      0.001      0.009     -0.125     -3.984
   167     28     -6.780c      0.038     -0.001     -0.009     -0.136     -3.921
   168     24      6.780c      0.038      0.001     -0.009     -0.125      3.984
   168     26     -6.780c     -0.038     -0.001      0.009     -0.136      3.921
   169     25    -14.249t      0.045      0.001      0.128     -0.058      4.766
   169     31     14.249t     -0.045     -0.001     -0.128     -0.244      4.601
   170     27    -14.249t     -0.045      0.001     -0.128     -0.058     -4.766
   170     29     14.249t      0.045     -0.001      0.128     -0.244     -4.601
   171     26      7.431c     -0.039      0.000      0.139      0.076     -4.060
   171     32     -7.431c      0.039     -0.000     -0.139     -0.140     -4.047
   172     28      7.431c      0.039      0.000     -0.139      0.076      4.060
   172     30     -7.431c     -0.039     -0.000      0.139     -0.140      4.047
   173     29    -14.249t      0.045     -0.001      0.128      0.244      4.601
   173     35     14.249t     -0.045      0.001     -0.128      0.058      4.766
   174     31    -14.249t     -0.045     -0.001     -0.128      0.244     -4.601
   174     33     14.249t      0.045      0.001      0.128      0.058     -4.766
   175     30      7.431c     -0.039     -0.000      0.139      0.140     -4.047
   175     36     -7.431c      0.039      0.000     -0.139     -0.076     -4.060
   176     32      7.431c      0.039     -0.000     -0.139      0.140      4.047
   176     34     -7.431c     -0.039      0.000      0.139     -0.076      4.060
   177     33    -12.504t      0.037     -0.001      0.006      0.118      3.641
   177     39     12.504t     -0.037      0.001     -0.006      0.136      3.887
   178     35    -12.504t     -0.037     -0.001     -0.006      0.118     -3.641
   178     37     12.504t      0.037      0.001      0.006      0.136     -3.887
   179     34      6.780c     -0.038     -0.001      0.009      0.136     -3.921
   179     40     -6.780c      0.038      0.001     -0.009      0.125     -3.984
   180     36      6.780c      0.038     -0.001     -0.009      0.136      3.921
   180     38     -6.780c     -0.038      0.001      0.009      0.125      3.984
   181     37    -11.004t      0.035     -0.000      0.001      0.008      3.451
   181     43     11.004t     -0.035      0.000     -0.001      0.038      3.659
   182     39    -11.004t     -0.035     -0.000     -0.001      0.008     -3.451
   182     41     11.004t      0.035      0.000      0.001      0.038     -3.659
   183     38      9.693c     -0.040      0.0       -0.034     -0.030     -4.452
   183     44     -9.693c      0.040      0.0        0.034      0.027     -3.941
   184     40      9.693c      0.040      0.0        0.034     -0.030      4.452
   184     42     -9.693c     -0.040      0.0       -0.034      0.027      3.941
   185     41     -9.953t      0.028     -0.001      0.015      0.079      2.752
   185     47      9.953t     -0.028      0.001     -0.015      0.086      3.037
   186     43     -9.953t     -0.028     -0.001     -0.015      0.079     -2.752
   186     45      9.953t      0.028      0.001      0.015      0.086     -3.037
   187     42      7.840c     -0.030     -0.001      0.025      0.104     -2.977
   187     48     -7.840c      0.030      0.001     -0.025      0.065     -3.383
   188     44      7.840c      0.030     -0.001     -0.025      0.104      2.977
   188     46     -7.840c     -0.030      0.001      0.025      0.065      3.383
   189     45     -7.943t      0.019     -0.000      0.052      0.048      1.721
   189     51      7.943t     -0.019      0.000     -0.052     -0.010      2.139
   190     47     -7.943t     -0.019     -0.000     -0.052      0.048     -1.721
   190     49      7.943t      0.019      0.000      0.052     -0.010     -2.139
   191     46      5.908c     -0.027     -0.000      0.023      0.069     -2.639
   191     52     -5.908c      0.027      0.000     -0.023      0.033     -3.118
   192     48      5.908c      0.027     -0.000     -0.023      0.069      2.639
   192     50     -5.908c     -0.027      0.000      0.023      0.033      3.118
   193     49     -2.121t     -0.005     -0.004     -0.179      0.256     -0.638
   193     55      2.121t      0.005      0.004      0.179      0.567     -0.379
   194     51     -2.121t      0.005     -0.004      0.179      0.256      0.638
   194     53      2.121t     -0.005      0.004     -0.179      0.567      0.379
   195     50      3.285c     -0.012     -0.001     -0.026      0.094     -1.350
   195     56     -3.285c      0.012      0.001      0.026      0.137     -1.227
   196     52      3.285c      0.012     -0.001      0.026      0.094      1.350
   196     54     -3.285c     -0.012      0.001     -0.026      0.137      1.227
   197     53     -1.397t     -0.003     -0.001      0.085      0.194     -0.266
   197     59      1.397t      0.003      0.001     -0.085      0.050     -0.441
   198     55     -1.397t      0.003     -0.001     -0.085      0.194      0.266
   198     57      1.397t     -0.003      0.001      0.085      0.050      0.441
   199     54     -1.954t     -0.003      0.000     -0.041     -0.078     -0.041
   199     60      1.954t      0.003     -0.000      0.041     -0.011     -0.500
   200     56     -1.954t      0.003      0.000      0.041     -0.078      0.041
   200     58      1.954t     -0.003     -0.000     -0.041     -0.011      0.500
   201      1      0.319c     -0.023      0.0       -0.012      0.003     -2.425
   201      4     -0.319c      0.023      0.0        0.012      0.002     -2.353
   202      2      0.319c      0.023      0.0        0.012     -0.002      2.353
   202      3     -0.319c     -0.023      0.0       -0.012     -0.003      2.425
   203      5     12.987c      0.001      0.002     -0.136     -0.178      2.517
   203      8    -12.987c     -0.001     -0.002      0.136     -0.179     -2.214
   204      6     12.987c     -0.001     -0.002      0.136      0.179      2.214
   204      7    -12.987c      0.001      0.002     -0.136      0.178     -2.517
   205      9     15.098c     -0.086      0.001      0.017     -0.136    -10.423
   205     12    -15.098c      0.086     -0.001     -0.017     -0.126     -9.692
   206     10     15.098c      0.086     -0.001     -0.017      0.126      9.692
   206     11    -15.098c     -0.086      0.001      0.017      0.136     10.423
   207     13     16.197c     -0.050      0.001     -0.001     -0.098     -6.638
   207     16    -16.197c      0.050     -0.001      0.001     -0.085     -6.862
   208     14     16.197c      0.050     -0.001      0.001      0.085      6.862
   208     15    -16.197c     -0.050      0.001     -0.001      0.098      6.638
   209     17     15.338c     -0.039      0.000      0.007     -0.068     -6.249
   209     20    -15.338c      0.039     -0.000     -0.007     -0.057     -5.810
   210     18     15.338c      0.039     -0.000     -0.007      0.057      5.810
   210     19    -15.338c     -0.039      0.000      0.007      0.068      6.249
   211     21     15.050c     -0.054      0.000     -0.007     -0.051     -9.112
   211     24    -15.050c      0.054     -0.000      0.007     -0.045     -9.875
   212     22     15.050c      0.054     -0.000      0.007      0.045      9.875
   212     23    -15.050c     -0.054      0.000     -0.007      0.051      9.112
   213     25     24.370c     -0.066      0.000     -0.003     -0.062    -11.347
   213     28    -24.370c      0.066     -0.000      0.003     -0.052    -11.893
   214     26     24.370c      0.066     -0.000      0.003      0.052     11.893
   214     27    -24.370c     -0.066      0.000     -0.003      0.062     11.347
   215     29     16.842c      0.0        0.000      0.0       -0.046      0.0  
   215     32    -16.842c      0.0       -0.000      0.0       -0.033      0.0  
   216     30     16.842c      0.0       -0.000      0.0        0.033      0.0  
   216     31    -16.842c      0.0        0.000      0.0        0.046      0.0  
   217     33     24.370c      0.066      0.000      0.003     -0.062     11.347
   217     36    -24.370c     -0.066     -0.000     -0.003     -0.052     11.893
   218     34     24.370c     -0.066     -0.000     -0.003      0.052    -11.893
   218     35    -24.370c      0.066      0.000      0.003      0.062    -11.347
   219     37     15.050c      0.054      0.000      0.007     -0.051      9.112
   219     40    -15.050c     -0.054     -0.000     -0.007     -0.045      9.875
   220     38     15.050c     -0.054     -0.000     -0.007      0.045     -9.875
   220     39    -15.050c      0.054      0.000      0.007      0.051     -9.112
   221     41     15.338c      0.039      0.000     -0.007     -0.068      6.249
   221     44    -15.338c     -0.039     -0.000      0.007     -0.057      5.810
   222     42     15.338c     -0.039     -0.000      0.007      0.057     -5.810
   222     43    -15.338c      0.039      0.000     -0.007      0.068     -6.249
   223     45     16.197c      0.050      0.001      0.001     -0.098      6.638
   223     48    -16.197c     -0.050     -0.001     -0.001     -0.085      6.862
   224     46     16.197c     -0.050     -0.001     -0.001      0.085     -6.862
   224     47    -16.197c      0.050      0.001      0.001      0.098     -6.638
   225     49     15.098c      0.086      0.001     -0.017     -0.136     10.423
   225     52    -15.098c     -0.086     -0.001      0.017     -0.126      9.692
   226     50     15.098c     -0.086     -0.001      0.017      0.126     -9.692
   226     51    -15.098c      0.086      0.001     -0.017      0.136    -10.423
   227     53     12.987c     -0.001      0.002      0.136     -0.178     -2.517
   227     56    -12.987c      0.001     -0.002     -0.136     -0.179      2.214
   228     54     12.987c      0.001     -0.002     -0.136      0.179     -2.214
   228     55    -12.987c     -0.001      0.002      0.136      0.178      2.517
   229     57      0.319c      0.023      0.0        0.012      0.003      2.425
   229     60     -0.319c     -0.023      0.0       -0.012      0.002      2.353
   230     58      0.319c     -0.023      0.0       -0.012     -0.002     -2.353
   230     59     -0.319c      0.023      0.0        0.012     -0.003     -2.425
   231      1      0.196c      0.273      0.042     -0.038     -0.866      2.113
   231      5     -0.196c     -0.273     -0.042      0.038     -3.294     25.165
   232     53      0.196c     -0.273     -0.042      0.038      3.294    -25.165
   232     57     -0.196c      0.273      0.042     -0.038      0.866     -2.113
   233      3      0.196c     -0.273      0.042      0.038     -0.866     -2.113
   233      7     -0.196c      0.273     -0.042     -0.038     -3.294    -25.165
   234     55      0.196c      0.273     -0.042     -0.038      3.294     25.165
   234     59     -0.196c     -0.273      0.042      0.038      0.866      2.113
R E A C T I O N S							(global)
  Node        Fx          Fy          Fz         Mxx         Myy         Mzz
     5       0.0         0.0       220.650      -0.503    -234.909      29.811
     7       0.0         0.0       220.650       0.503    -234.909     -29.811
    53       0.0         0.0       220.650      -0.503     234.909     -29.811
    55       0.0         0.0       220.650       0.503     234.909      29.811
R M S    R E L A T I V E    E Q U I L I B R I U M    E R R O R: 6.045e-006

P E A K   F R A M E   E L E M E N T   I N T E R N A L   F O R C E S(local)", 
  Elmnt   .         Nx          Vy         Vz        Txx        Myy        Mzz
     1   max      -0.196      -0.031     -0.640      0.004     51.412      2.283
     1   min      -0.196      -0.031     -0.640      0.004    -12.571     -0.842
     2   max      -2.775      -0.053      2.386     -0.042    -13.345      6.180
     2   min      -2.775      -0.053      2.386     -0.042   -251.973      0.832
     3   max       0.811      -0.017     -2.210      0.046     69.534      1.940
     3   min       0.811      -0.017     -2.210      0.046   -151.512      0.196
     4   max    -161.524       0.052     -3.748      0.212    132.945      5.966
     4   min    -161.524       0.052     -3.748      0.212   -286.099      0.207
     5   max     140.988      -0.034     -0.127      0.019     17.151      1.283
     5   min     140.988      -0.034     -0.127      0.019      4.463     -2.116
     6   max    -241.821       0.061      0.110      0.123     76.468      5.499
     6   min    -241.821       0.061      0.110      0.123     64.207     -1.372
     7   max     214.499      -0.029     -0.432      0.002     23.969      1.295
     7   min     214.499      -0.029     -0.432      0.002    -19.254     -1.557
     8   max    -290.647       0.003     -0.887      0.024    126.857      2.450
     8   min    -290.647       0.003     -0.887      0.024     27.693      2.122
     9   max     258.049      -0.020     -0.113     -0.004      4.935      0.829
     9   min     258.049      -0.020     -0.113     -0.004     -6.358     -1.200
    10   max    -322.267       0.103      3.604     -0.297     97.705      4.785
    10   min    -322.267       0.103      3.604     -0.297   -305.220     -6.767
    11   max     288.522      -0.073     -0.640     -0.013     32.468      3.980
    11   min     288.522      -0.073     -0.640     -0.013    -31.518     -3.292
    12   max    -332.810      -0.060     -7.540      0.591    405.873      4.793
    12   min    -332.810      -0.060     -7.540      0.591   -348.078     -1.166
    13   max     329.375       0.006     -0.801      0.010     68.119     -0.394
    13   min     329.375       0.006     -0.801      0.010    -11.998     -0.965
    14   max    -346.610       0.201     -1.763      0.069    537.831     10.652
    14   min    -346.610       0.201     -1.763      0.069    361.535     -9.421
    15   max     329.375      -0.006      0.801     -0.010     68.119     -0.394
    15   min     329.375      -0.006      0.801     -0.010    -11.998     -0.965
    16   max    -346.610      -0.201      1.763     -0.069    537.831     10.652
    16   min    -346.610      -0.201      1.763     -0.069    361.535     -9.421
    17   max     288.522       0.073      0.640      0.013     32.468      3.980
    17   min     288.522       0.073      0.640      0.013    -31.518     -3.292
    18   max    -332.810       0.060      7.540     -0.591    405.873      4.793
    18   min    -332.810       0.060      7.540     -0.591   -348.078     -1.166
    19   max     258.049       0.020      0.113      0.004      4.935      0.829
    19   min     258.049       0.020      0.113      0.004     -6.358     -1.200
    20   max    -322.267      -0.103     -3.604      0.297     97.705      4.785
    20   min    -322.267      -0.103     -3.604      0.297   -305.220     -6.767
    21   max     214.499       0.029      0.432     -0.002     23.969      1.295
    21   min     214.499       0.029      0.432     -0.002    -19.254     -1.557
    22   max    -290.647      -0.003      0.887     -0.024    126.857      2.450
    22   min    -290.647      -0.003      0.887     -0.024     27.693      2.122
    23   max     140.988       0.034      0.127     -0.019     17.151      1.283
    23   min     140.988       0.034      0.127     -0.019      4.463     -2.116
    24   max    -241.821      -0.061     -0.110     -0.123     76.468      5.499
    24   min    -241.821      -0.061     -0.110     -0.123     64.207     -1.372
    25   max       0.811       0.017      2.210     -0.046     69.534      1.940
    25   min       0.811       0.017      2.210     -0.046   -151.512      0.196
    26   max    -161.524      -0.052      3.748     -0.212    132.945      5.966
    26   min    -161.524      -0.052      3.748     -0.212   -286.099      0.207
    27   max      -0.196       0.031      0.640     -0.004     51.412      2.283
    27   min      -0.196       0.031      0.640     -0.004    -12.571     -0.842
    28   max      -2.775       0.053     -2.386      0.042    -13.345      6.180
    28   min      -2.775       0.053     -2.386      0.042   -251.973      0.832
    29   max       0.837       0.000      0.261     -0.012     12.219     -0.031
    29   min       0.837       0.000      0.261     -0.012    -13.861     -0.064
    30   max    -214.514      -0.030      0.010     -0.025    -12.364      1.572
    30   min    -214.514      -0.030      0.010     -0.025    -13.395     -1.448
    31   max    -134.492      -0.012      0.420     -0.030     32.763      1.277
    31   min    -134.492      -0.012      0.420     -0.030    -30.205     -0.481
    32   max     -98.735      -0.006      0.155     -0.012     15.319      0.974
    32   min     -98.735      -0.006      0.155     -0.012    -15.668     -0.172
    33   max     -75.463      -0.003      0.092     -0.005     11.957      0.775
    33   min     -75.463      -0.003      0.092     -0.005    -11.018     -0.076
    34   max     -63.917      -0.004      0.108     -0.006     15.505      0.917
    34   min     -63.917      -0.004      0.108     -0.006    -16.776     -0.169
    35   max    -103.149      -0.001      0.132     -0.008     19.347      0.176
    35   min    -103.149      -0.001      0.132     -0.008    -20.191     -0.008
    36   max     -70.291       0.000     -0.000      0.000      0.000      0.142
    36   min     -70.291       0.000     -0.000      0.000     -0.000      0.071
    37   max    -103.149      -0.001     -0.132      0.008     20.191      0.176
    37   min    -103.149      -0.001     -0.132      0.008    -19.347     -0.008
    38   max     -63.917      -0.004     -0.108      0.006     16.776      0.917
    38   min     -63.917      -0.004     -0.108      0.006    -15.505     -0.169
    39   max     -75.463      -0.003     -0.092      0.005     11.018      0.775
    39   min     -75.463      -0.003     -0.092      0.005    -11.957     -0.076
    40   max     -98.735      -0.006     -0.155      0.012     15.668      0.974
    40   min     -98.735      -0.006     -0.155      0.012    -15.319     -0.172
    41   max    -134.492      -0.012     -0.420      0.030     30.205      1.277
    41   min    -134.492      -0.012     -0.420      0.030    -32.763     -0.481
    42   max    -214.514      -0.030     -0.010      0.025     13.395      1.572
    42   min    -214.514      -0.030     -0.010      0.025     12.364     -1.448
    43   max       0.837       0.000     -0.261      0.012     13.861     -0.031
    43   min       0.837       0.000     -0.261      0.012    -12.219     -0.064
    44   max       2.297      -0.004     -0.113     -0.017     14.386      0.709
    44   min       2.297      -0.004     -0.113     -0.017     -1.639      0.125
    45   max     201.236       0.005      0.317     -0.014     19.299      1.391
    45   min     201.236       0.005      0.317     -0.014    -25.540      0.750
    46   max     133.633       0.009      0.197     -0.004     19.180      1.447
    46   min     133.633       0.009      0.197     -0.004    -16.250     -0.165
    47   max      97.992       0.005      0.125     -0.001     14.565      0.967
    47   min      97.992       0.005      0.125     -0.001    -13.362     -0.116
    48   max      83.347       0.003      0.094      0.002     12.109      0.752
    48   min      83.347       0.003      0.094      0.002    -13.204     -0.143
    49   max     130.960       0.003      0.101     -0.004     16.703      0.840
    49   min     130.960       0.003      0.101     -0.004    -15.370     -0.150
    50   max      43.833       0.001      0.061      0.001     13.863      0.261
    50   min      43.833       0.001      0.061      0.001     -5.576     -0.013
    51   max      43.833      -0.001     -0.061     -0.001     13.863      0.261
    51   min      43.833      -0.001     -0.061     -0.001     -5.576     -0.013
    52   max     130.960      -0.003     -0.101      0.004     16.703      0.840
    52   min     130.960      -0.003     -0.101      0.004    -15.370     -0.150
    53   max      83.347      -0.003     -0.094     -0.002     12.109      0.752
    53   min      83.347      -0.003     -0.094     -0.002    -13.204     -0.143
    54   max      97.992      -0.005     -0.125      0.001     14.565      0.967
    54   min      97.992      -0.005     -0.125      0.001    -13.362     -0.116
    55   max     133.633      -0.009     -0.197      0.004     19.180      1.447
    55   min     133.633      -0.009     -0.197      0.004    -16.250     -0.165
    56   max     201.236      -0.005     -0.317      0.014     19.299      1.391
    56   min     201.236      -0.005     -0.317      0.014    -25.540      0.750
    57   max       2.297       0.004      0.113      0.017     14.386      0.709
    57   min       2.297       0.004      0.113      0.017     -1.639      0.125
    58   max      -0.196       0.031     -0.640     -0.004     51.412      0.842
    58   min      -0.196       0.031     -0.640     -0.004    -12.571     -2.283
    59   max      -2.775       0.053      2.386      0.042    -13.345     -0.832
    59   min      -2.775       0.053      2.386      0.042   -251.973     -6.180
    60   max       0.811       0.017     -2.210     -0.046     69.534     -0.196
    60   min       0.811       0.017     -2.210     -0.046   -151.512     -1.940
    61   max    -161.524      -0.052     -3.748     -0.212    132.945     -0.207
    61   min    -161.524      -0.052     -3.748     -0.212   -286.099     -5.966
    62   max     140.988       0.034     -0.127     -0.019     17.151      2.116
    62   min     140.988       0.034     -0.127     -0.019      4.463     -1.283
    63   max    -241.821      -0.061      0.110     -0.123     76.468      1.372
    63   min    -241.821      -0.061      0.110     -0.123     64.207     -5.499
    64   max     214.499       0.029     -0.432     -0.002     23.969      1.557
    64   min     214.499       0.029     -0.432     -0.002    -19.254     -1.295
    65   max    -290.647      -0.003     -0.887     -0.024    126.857     -2.122
    65   min    -290.647      -0.003     -0.887     -0.024     27.693     -2.450
    66   max     258.049       0.020     -0.113      0.004      4.935      1.200
    66   min     258.049       0.020     -0.113      0.004     -6.358     -0.829
    67   max    -322.267      -0.103      3.604      0.297     97.705      6.767
    67   min    -322.267      -0.103      3.604      0.297   -305.220     -4.785
    68   max     288.522       0.073     -0.640      0.013     32.468      3.292
    68   min     288.522       0.073     -0.640      0.013    -31.518     -3.980
    69   max    -332.810       0.060     -7.540     -0.591    405.873      1.166
    69   min    -332.810       0.060     -7.540     -0.591   -348.078     -4.793
    70   max     329.375      -0.006     -0.801     -0.010     68.119      0.965
    70   min     329.375      -0.006     -0.801     -0.010    -11.998      0.394
    71   max    -346.610      -0.201     -1.763     -0.069    537.831      9.421
    71   min    -346.610      -0.201     -1.763     -0.069    361.535    -10.652
    72   max     329.375       0.006      0.801      0.010     68.119      0.965
    72   min     329.375       0.006      0.801      0.010    -11.998      0.394
    73   max    -346.610       0.201      1.763      0.069    537.831      9.421
    73   min    -346.610       0.201      1.763      0.069    361.535    -10.652
    74   max     288.522      -0.073      0.640     -0.013     32.468      3.292
    74   min     288.522      -0.073      0.640     -0.013    -31.518     -3.980
    75   max    -332.810      -0.060      7.540      0.591    405.873      1.166
    75   min    -332.810      -0.060      7.540      0.591   -348.078     -4.793
    76   max     258.049      -0.020      0.113     -0.004      4.935      1.200
    76   min     258.049      -0.020      0.113     -0.004     -6.358     -0.829
    77   max    -322.267       0.103     -3.604     -0.297     97.705      6.767
    77   min    -322.267       0.103     -3.604     -0.297   -305.220     -4.785
    78   max     214.499      -0.029      0.432      0.002     23.969      1.557
    78   min     214.499      -0.029      0.432      0.002    -19.254     -1.295
    79   max    -290.647       0.003      0.887      0.024    126.857     -2.122
    79   min    -290.647       0.003      0.887      0.024     27.693     -2.450
    80   max     140.988      -0.034      0.127      0.019     17.151      2.116
    80   min     140.988      -0.034      0.127      0.019      4.463     -1.283
    81   max    -241.821       0.061     -0.110      0.123     76.468      1.372
    81   min    -241.821       0.061     -0.110      0.123     64.207     -5.499
    82   max       0.811      -0.017      2.210      0.046     69.534     -0.196
    82   min       0.811      -0.017      2.210      0.046   -151.512     -1.940
    83   max    -161.524       0.052      3.748      0.212    132.945     -0.207
    83   min    -161.524       0.052      3.748      0.212   -286.099     -5.966
    84   max      -0.196      -0.031      0.640      0.004     51.412      0.842
    84   min      -0.196      -0.031      0.640      0.004    -12.571     -2.283
    85   max      -2.775      -0.053     -2.386     -0.042    -13.345     -0.832
    85   min      -2.775      -0.053     -2.386     -0.042   -251.973     -6.180
    86   max       0.837      -0.000      0.261      0.012     12.219      0.064
    86   min       0.837      -0.000      0.261      0.012    -13.861      0.031
    87   max    -214.514       0.030      0.010      0.025    -12.364      1.448
    87   min    -214.514       0.030      0.010      0.025    -13.395     -1.572
    88   max    -134.492       0.012      0.420      0.030     32.763      0.481
    88   min    -134.492       0.012      0.420      0.030    -30.205     -1.277
    89   max     -98.735       0.006      0.155      0.012     15.319      0.172
    89   min     -98.735       0.006      0.155      0.012    -15.668     -0.974
    90   max     -75.463       0.003      0.092      0.005     11.957      0.076
    90   min     -75.463       0.003      0.092      0.005    -11.018     -0.775
    91   max     -63.917       0.004      0.108      0.006     15.505      0.169
    91   min     -63.917       0.004      0.108      0.006    -16.776     -0.917
    92   max    -103.149       0.001      0.132      0.008     19.347      0.008
    92   min    -103.149       0.001      0.132      0.008    -20.191     -0.176
    93   max     -70.291      -0.000     -0.000      0.000      0.000     -0.071
    93   min     -70.291      -0.000     -0.000      0.000     -0.000     -0.142
    94   max    -103.149       0.001     -0.132     -0.008     20.191      0.008
    94   min    -103.149       0.001     -0.132     -0.008    -19.347     -0.176
    95   max     -63.917       0.004     -0.108     -0.006     16.776      0.169
    95   min     -63.917       0.004     -0.108     -0.006    -15.505     -0.917
    96   max     -75.463       0.003     -0.092     -0.005     11.018      0.076
    96   min     -75.463       0.003     -0.092     -0.005    -11.957     -0.775
    97   max     -98.735       0.006     -0.155     -0.012     15.668      0.172
    97   min     -98.735       0.006     -0.155     -0.012    -15.319     -0.974
    98   max    -134.492       0.012     -0.420     -0.030     30.205      0.481
    98   min    -134.492       0.012     -0.420     -0.030    -32.763     -1.277
    99   max    -214.514       0.030     -0.010     -0.025     13.395      1.448
    99   min    -214.514       0.030     -0.010     -0.025     12.364     -1.572
   100   max       0.837      -0.000     -0.261     -0.012     13.861      0.064
   100   min       0.837      -0.000     -0.261     -0.012    -12.219      0.031
   101   max       2.297       0.004     -0.113      0.017     14.386     -0.125
   101   min       2.297       0.004     -0.113      0.017     -1.639     -0.709
   102   max     201.236      -0.005      0.317      0.014     19.299     -0.750
   102   min     201.236      -0.005      0.317      0.014    -25.540     -1.391
   103   max     133.633      -0.009      0.197      0.004     19.180      0.165
   103   min     133.633      -0.009      0.197      0.004    -16.250     -1.447
   104   max      97.992      -0.005      0.125      0.001     14.565      0.116
   104   min      97.992      -0.005      0.125      0.001    -13.362     -0.967
   105   max      83.347      -0.003      0.094     -0.002     12.109      0.143
   105   min      83.347      -0.003      0.094     -0.002    -13.204     -0.752
   106   max     130.960      -0.003      0.101      0.004     16.703      0.150
   106   min     130.960      -0.003      0.101      0.004    -15.370     -0.840
   107   max      43.833      -0.001      0.061     -0.001     13.863      0.013
   107   min      43.833      -0.001      0.061     -0.001     -5.576     -0.261
   108   max      43.833       0.001     -0.061      0.001     13.863      0.013
   108   min      43.833       0.001     -0.061      0.001     -5.576     -0.261
   109   max     130.960       0.003     -0.101     -0.004     16.703      0.150
   109   min     130.960       0.003     -0.101     -0.004    -15.370     -0.840
   110   max      83.347       0.003     -0.094      0.002     12.109      0.143
   110   min      83.347       0.003     -0.094      0.002    -13.204     -0.752
   111   max      97.992       0.005     -0.125     -0.001     14.565      0.116
   111   min      97.992       0.005     -0.125     -0.001    -13.362     -0.967
   112   max     133.633       0.009     -0.197     -0.004     19.180      0.165
   112   min     133.633       0.009     -0.197     -0.004    -16.250     -1.447
   113   max     201.236       0.005     -0.317     -0.014     19.299     -0.750
   113   min     201.236       0.005     -0.317     -0.014    -25.540     -1.391
   114   max       2.297      -0.004      0.113     -0.017     14.386     -0.125
   114   min       2.297      -0.004      0.113     -0.017     -1.639     -0.709
   115   max      -0.640      -0.000      0.000      0.000      0.008      0.400
   115   min      -0.640      -0.000      0.000      0.000      0.008      0.400
   116   max      -1.373       0.000      0.000      0.000      0.002      0.608
   116   min      -1.373       0.000      0.000      0.000      0.002      0.608
   117   max       8.012      -0.000      0.000      0.000      0.000     -0.000
   117   min       8.012      -0.000      0.000      0.000      0.000     -0.000
   118   max      12.287       0.000     -0.000      0.000      0.008      0.443
   118   min      12.287       0.000     -0.000      0.000      0.008      0.443
   119   max       2.840       0.000      0.000      0.000     -0.093     -0.593
   119   min       2.840       0.000      0.000      0.000     -0.093     -0.593
   120   max      19.357       0.000     -0.000      0.000     -0.011      0.208
   120   min      19.357       0.000     -0.000      0.000     -0.011      0.208
   121   max      -4.777       0.000      0.000      0.000     -0.131     -0.362
   121   min      -4.777       0.000      0.000      0.000     -0.131     -0.362
   122   max      22.533      -0.000     -0.000      0.000     -0.021      0.059
   122   min      22.533      -0.000     -0.000      0.000     -0.021      0.059
   123   max      -9.328       0.000      0.000      0.000     -0.134     -0.289
   123   min      -9.328       0.000      0.000      0.000     -0.134     -0.289
   124   max      23.714       0.000     -0.000      0.000     -0.015     -0.058
   124   min      23.714       0.000     -0.000      0.000     -0.015     -0.058
   125   max     -12.713      -0.000     -0.000      0.000     -0.126     -0.186
   125   min     -12.713      -0.000     -0.000      0.000     -0.126     -0.186
   126   max      22.022      -0.000     -0.000      0.000      0.027      0.114
   126   min      22.022      -0.000     -0.000      0.000      0.027      0.114
   127   max     -10.883       0.000     -0.000      0.000     -0.100     -0.377
   127   min     -10.883       0.000     -0.000      0.000     -0.100     -0.377
   128   max      24.662      -0.000     -0.000      0.000     -0.065      0.029
   128   min      24.662      -0.000     -0.000      0.000     -0.065      0.029
   129   max     -16.189      -0.000     -0.000     -0.000     -0.120      0.000
   129   min     -16.189      -0.000     -0.000     -0.000     -0.120      0.000
   130   max      22.021      -0.000     -0.000      0.000     -0.076      0.000
   130   min      22.021      -0.000     -0.000      0.000     -0.076     -0.000
   131   max     -10.883      -0.000     -0.000      0.000     -0.100      0.377
   131   min     -10.883      -0.000     -0.000      0.000     -0.100      0.377
   132   max      24.662       0.000     -0.000      0.000     -0.065     -0.029
   132   min      24.662       0.000     -0.000      0.000     -0.065     -0.029
   133   max     -12.713       0.000     -0.000      0.000     -0.126      0.186
   133   min     -12.713       0.000     -0.000      0.000     -0.126      0.186
   134   max      22.022       0.000     -0.000      0.000      0.027     -0.114
   134   min      22.022       0.000     -0.000      0.000      0.027     -0.114
   135   max      -9.328       0.000     -0.000      0.000     -0.134      0.289
   135   min      -9.328       0.000     -0.000      0.000     -0.134      0.289
   136   max      23.714       0.000     -0.000      0.000     -0.015      0.058
   136   min      23.714       0.000     -0.000      0.000     -0.015      0.058
   137   max      -4.777       0.000     -0.000      0.000     -0.131      0.362
   137   min      -4.777       0.000     -0.000      0.000     -0.131      0.362
   138   max      22.533      -0.000     -0.000      0.000     -0.021     -0.059
   138   min      22.533      -0.000     -0.000      0.000     -0.021     -0.059
   139   max       2.840       0.000     -0.000      0.000     -0.093      0.593
   139   min       2.840       0.000     -0.000      0.000     -0.093      0.593
   140   max      19.357       0.000     -0.000      0.000     -0.011     -0.208
   140   min      19.357       0.000     -0.000      0.000     -0.011     -0.208
   141   max       8.012      -0.000      0.000      0.000      0.000     -0.000
   141   min       8.012      -0.000      0.000      0.000      0.000     -0.000
   142   max      12.287       0.000      0.000      0.000      0.008     -0.443
   142   min      12.287       0.000      0.000      0.000      0.008     -0.443
   143   max      -0.640       0.000     -0.000      0.000      0.008     -0.400
   143   min      -0.640       0.000     -0.000      0.000      0.008     -0.400
   144   max      -1.373       0.000     -0.000      0.000      0.002     -0.608
   144   min      -1.373       0.000     -0.000      0.000      0.002     -0.608
   145   max       1.397       0.003     -0.001     -0.085      0.194      0.441
   145   min       1.397       0.003     -0.001     -0.085     -0.050     -0.266
   146   max       1.397      -0.003     -0.001      0.085      0.194      0.266
   146   min       1.397      -0.003     -0.001      0.085     -0.050     -0.441
   147   max       1.954       0.003      0.000      0.041      0.011      0.500
   147   min       1.954       0.003      0.000      0.041     -0.078     -0.041
   148   max       1.954      -0.003      0.000     -0.041      0.011      0.041
   148   min       1.954      -0.003      0.000     -0.041     -0.078     -0.500
   149   max       2.121       0.005     -0.004      0.179      0.256      0.379
   149   min       2.121       0.005     -0.004      0.179     -0.567     -0.638
   150   max       2.121      -0.005     -0.004     -0.179      0.256      0.638
   150   min       2.121      -0.005     -0.004     -0.179     -0.567     -0.379
   151   max      -3.285       0.012     -0.001      0.026      0.094      1.227
   151   min      -3.285       0.012     -0.001      0.026     -0.137     -1.350
   152   max      -3.285      -0.012     -0.001     -0.026      0.094      1.350
   152   min      -3.285      -0.012     -0.001     -0.026     -0.137     -1.227
   153   max       7.943      -0.019     -0.000     -0.052      0.048      1.721
   153   min       7.943      -0.019     -0.000     -0.052      0.010     -2.139
   154   max       7.943       0.019     -0.000      0.052      0.048      2.139
   154   min       7.943       0.019     -0.000      0.052      0.010     -1.721
   155   max      -5.908       0.027     -0.000     -0.023      0.069      3.118
   155   min      -5.908       0.027     -0.000     -0.023     -0.033     -2.639
   156   max      -5.908      -0.027     -0.000      0.023      0.069      2.639
   156   min      -5.908      -0.027     -0.000      0.023     -0.033     -3.118
   157   max       9.953      -0.028     -0.001     -0.015      0.079      2.752
   157   min       9.953      -0.028     -0.001     -0.015     -0.086     -3.037
   158   max       9.953       0.028     -0.001      0.015      0.079      3.037
   158   min       9.953       0.028     -0.001      0.015     -0.086     -2.752
   159   max      -7.840       0.030     -0.001     -0.025      0.104      3.383
   159   min      -7.840       0.030     -0.001     -0.025     -0.065     -2.977
   160   max      -7.840      -0.030     -0.001      0.025      0.104      2.977
   160   min      -7.840      -0.030     -0.001      0.025     -0.065     -3.383
   161   max      11.004      -0.035     -0.000     -0.001      0.008      3.451
   161   min      11.004      -0.035     -0.000     -0.001     -0.038     -3.659
   162   max      11.004       0.035     -0.000      0.001      0.008      3.659
   162   min      11.004       0.035     -0.000      0.001     -0.038     -3.451
   163   max      -9.693       0.040      0.000      0.034     -0.027      3.941
   163   min      -9.693       0.040      0.000      0.034     -0.030     -4.452
   164   max      -9.693      -0.040      0.000     -0.034     -0.027      4.452
   164   min      -9.693      -0.040      0.000     -0.034     -0.030     -3.941
   165   max      12.504      -0.037     -0.001     -0.006      0.118      3.641
   165   min      12.504      -0.037     -0.001     -0.006     -0.136     -3.887
   166   max      12.504       0.037     -0.001      0.006      0.118      3.887
   166   min      12.504       0.037     -0.001      0.006     -0.136     -3.641
   167   max      -6.780       0.038     -0.001     -0.009      0.136      3.984
   167   min      -6.780       0.038     -0.001     -0.009     -0.125     -3.921
   168   max      -6.780      -0.038     -0.001      0.009      0.136      3.921
   168   min      -6.780      -0.038     -0.001      0.009     -0.125     -3.984
   169   max      14.249      -0.045     -0.001     -0.128      0.244      4.601
   169   min      14.249      -0.045     -0.001     -0.128     -0.058     -4.766
   170   max      14.249       0.045     -0.001      0.128      0.244      4.766
   170   min      14.249       0.045     -0.001      0.128     -0.058     -4.601
   171   max      -7.431       0.039     -0.000     -0.139      0.140      4.060
   171   min      -7.431       0.039     -0.000     -0.139      0.076     -4.047
   172   max      -7.431      -0.039     -0.000      0.139      0.140      4.047
   172   min      -7.431      -0.039     -0.000      0.139      0.076     -4.060
   173   max      14.249      -0.045      0.001     -0.128      0.244      4.766
   173   min      14.249      -0.045      0.001     -0.128     -0.058     -4.601
   174   max      14.249       0.045      0.001      0.128      0.244      4.601
   174   min      14.249       0.045      0.001      0.128     -0.058     -4.766
   175   max      -7.431       0.039      0.000     -0.139      0.140      4.047
   175   min      -7.431       0.039      0.000     -0.139      0.076     -4.060
   176   max      -7.431      -0.039      0.000      0.139      0.140      4.060
   176   min      -7.431      -0.039      0.000      0.139      0.076     -4.047
   177   max      12.504      -0.037      0.001     -0.006      0.118      3.887
   177   min      12.504      -0.037      0.001     -0.006     -0.136     -3.641
   178   max      12.504       0.037      0.001      0.006      0.118      3.641
   178   min      12.504       0.037      0.001      0.006     -0.136     -3.887
   179   max      -6.780       0.038      0.001     -0.009      0.136      3.921
   179   min      -6.780       0.038      0.001     -0.009     -0.125     -3.984
   180   max      -6.780      -0.038      0.001      0.009      0.136      3.984
   180   min      -6.780      -0.038      0.001      0.009     -0.125     -3.921
   181   max      11.004      -0.035      0.000     -0.001      0.008      3.659
   181   min      11.004      -0.035      0.000     -0.001     -0.038     -3.451
   182   max      11.004       0.035      0.000      0.001      0.008      3.451
   182   min      11.004       0.035      0.000      0.001     -0.038     -3.659
   183   max      -9.693       0.040     -0.000      0.034     -0.027      4.452
   183   min      -9.693       0.040     -0.000      0.034     -0.030     -3.941
   184   max      -9.693      -0.040     -0.000     -0.034     -0.027      3.941
   184   min      -9.693      -0.040     -0.000     -0.034     -0.030     -4.452
   185   max       9.953      -0.028      0.001     -0.015      0.079      3.037
   185   min       9.953      -0.028      0.001     -0.015     -0.086     -2.752
   186   max       9.953       0.028      0.001      0.015      0.079      2.752
   186   min       9.953       0.028      0.001      0.015     -0.086     -3.037
   187   max      -7.840       0.030      0.001     -0.025      0.104      2.977
   187   min      -7.840       0.030      0.001     -0.025     -0.065     -3.383
   188   max      -7.840      -0.030      0.001      0.025      0.104      3.383
   188   min      -7.840      -0.030      0.001      0.025     -0.065     -2.977
   189   max       7.943      -0.019      0.000     -0.052      0.048      2.139
   189   min       7.943      -0.019      0.000     -0.052      0.010     -1.721
   190   max       7.943       0.019      0.000      0.052      0.048      1.721
   190   min       7.943       0.019      0.000      0.052      0.010     -2.139
   191   max      -5.908       0.027      0.000     -0.023      0.069      2.639
   191   min      -5.908       0.027      0.000     -0.023     -0.033     -3.118
   192   max      -5.908      -0.027      0.000      0.023      0.069      3.118
   192   min      -5.908      -0.027      0.000      0.023     -0.033     -2.639
   193   max       2.121       0.005      0.004      0.179      0.256      0.638
   193   min       2.121       0.005      0.004      0.179     -0.567     -0.379
   194   max       2.121      -0.005      0.004     -0.179      0.256      0.379
   194   min       2.121      -0.005      0.004     -0.179     -0.567     -0.638
   195   max      -3.285       0.012      0.001      0.026      0.094      1.350
   195   min      -3.285       0.012      0.001      0.026     -0.137     -1.227
   196   max      -3.285      -0.012      0.001     -0.026      0.094      1.227
   196   min      -3.285      -0.012      0.001     -0.026     -0.137     -1.350
   197   max       1.397       0.003      0.001     -0.085      0.194      0.266
   197   min       1.397       0.003      0.001     -0.085     -0.050     -0.441
   198   max       1.397      -0.003      0.001      0.085      0.194      0.441
   198   min       1.397      -0.003      0.001      0.085     -0.050     -0.266
   199   max       1.954       0.003     -0.000      0.041      0.011      0.041
   199   min       1.954       0.003     -0.000      0.041     -0.078     -0.500
   200   max       1.954      -0.003     -0.000     -0.041      0.011      0.500
   200   min       1.954      -0.003     -0.000     -0.041     -0.078     -0.041
   201   max      -0.319       0.023      0.000      0.012      0.003      2.425
   201   min      -0.319       0.023      0.000      0.012     -0.002     -2.353
   202   max      -0.319      -0.023     -0.000     -0.012      0.003      2.425
   202   min      -0.319      -0.023     -0.000     -0.012     -0.002     -2.353
   203   max     -12.987      -0.001     -0.002      0.136      0.179     -2.214
   203   min     -12.987      -0.001     -0.002      0.136     -0.178     -2.517
   204   max     -12.987       0.001      0.002     -0.136      0.179     -2.214
   204   min     -12.987       0.001      0.002     -0.136     -0.178     -2.517
   205   max     -15.098       0.086     -0.001     -0.017      0.126     10.423
   205   min     -15.098       0.086     -0.001     -0.017     -0.136     -9.692
   206   max     -15.098      -0.086      0.001      0.017      0.126     10.423
   206   min     -15.098      -0.086      0.001      0.017     -0.136     -9.692
   207   max     -16.197       0.050     -0.001      0.001      0.085      6.638
   207   min     -16.197       0.050     -0.001      0.001     -0.098     -6.862
   208   max     -16.197      -0.050      0.001     -0.001      0.085      6.638
   208   min     -16.197      -0.050      0.001     -0.001     -0.098     -6.862
   209   max     -15.338       0.039     -0.000     -0.007      0.057      6.249
   209   min     -15.338       0.039     -0.000     -0.007     -0.068     -5.810
   210   max     -15.338      -0.039      0.000      0.007      0.057      6.249
   210   min     -15.338      -0.039      0.000      0.007     -0.068     -5.810
   211   max     -15.050       0.054     -0.000      0.007      0.045      9.112
   211   min     -15.050       0.054     -0.000      0.007     -0.051     -9.875
   212   max     -15.050      -0.054      0.000     -0.007      0.045      9.112
   212   min     -15.050      -0.054      0.000     -0.007     -0.051     -9.875
   213   max     -24.370       0.066     -0.000      0.003      0.052     11.347
   213   min     -24.370       0.066     -0.000      0.003     -0.062    -11.893
   214   max     -24.370      -0.066      0.000     -0.003      0.052     11.347
   214   min     -24.370      -0.066      0.000     -0.003     -0.062    -11.893
   215   max     -16.842       0.000     -0.000      0.000      0.033      0.000
   215   min     -16.842       0.000     -0.000      0.000     -0.046     -0.000
   216   max     -16.842       0.000      0.000      0.000      0.033      0.000
   216   min     -16.842       0.000      0.000      0.000     -0.046     -0.000
   217   max     -24.370      -0.066     -0.000     -0.003      0.052     11.893
   217   min     -24.370      -0.066     -0.000     -0.003     -0.062    -11.347
   218   max     -24.370       0.066      0.000      0.003      0.052     11.893
   218   min     -24.370       0.066      0.000      0.003     -0.062    -11.347
   219   max     -15.050      -0.054     -0.000     -0.007      0.045      9.875
   219   min     -15.050      -0.054     -0.000     -0.007     -0.051     -9.112
   220   max     -15.050       0.054      0.000      0.007      0.045      9.875
   220   min     -15.050       0.054      0.000      0.007     -0.051     -9.112
   221   max     -15.338      -0.039     -0.000      0.007      0.057      5.810
   221   min     -15.338      -0.039     -0.000      0.007     -0.068     -6.249
   222   max     -15.338       0.039      0.000     -0.007      0.057      5.810
   222   min     -15.338       0.039      0.000     -0.007     -0.068     -6.249
   223   max     -16.197      -0.050     -0.001     -0.001      0.085      6.862
   223   min     -16.197      -0.050     -0.001     -0.001     -0.098     -6.638
   224   max     -16.197       0.050      0.001      0.001      0.085      6.862
   224   min     -16.197       0.050      0.001      0.001     -0.098     -6.638
   225   max     -15.098      -0.086     -0.001      0.017      0.126      9.692
   225   min     -15.098      -0.086     -0.001      0.017     -0.136    -10.423
   226   max     -15.098       0.086      0.001     -0.017      0.126      9.692
   226   min     -15.098       0.086      0.001     -0.017     -0.136    -10.423
   227   max     -12.987       0.001     -0.002     -0.136      0.179      2.517
   227   min     -12.987       0.001     -0.002     -0.136     -0.178      2.214
   228   max     -12.987      -0.001      0.002      0.136      0.179      2.517
   228   min     -12.987      -0.001      0.002      0.136     -0.178      2.214
   229   max      -0.319      -0.023      0.000     -0.012      0.003      2.353
   229   min      -0.319      -0.023      0.000     -0.012     -0.002     -2.425
   230   max      -0.319       0.023     -0.000      0.012      0.003      2.353
   230   min      -0.319       0.023     -0.000      0.012     -0.002     -2.425
   231   max      -0.196      -0.273     -0.042      0.038      3.294     25.165
   231   min      -0.196      -0.273     -0.042      0.038     -0.866     -2.113
   232   max      -0.196       0.273      0.042     -0.038      3.294     25.165
   232   min      -0.196       0.273      0.042     -0.038     -0.866     -2.113
   233   max      -0.196       0.273     -0.042     -0.038      3.294      2.113
   233   min      -0.196       0.273     -0.042     -0.038     -0.866    -25.165
   234   max      -0.196      -0.273      0.042      0.038      3.294      2.113
   234   min      -0.196      -0.273      0.042      0.038     -0.866    -25.165

________________________________________________________________________________
Frame3DD version: 20140514+               http://frame3dd.sf.net/
GPL Copyright (C) 1992-2015, Henri P. Gavin 
Frame3DD is distributed in the hope that it will be useful but with no warranty.
For details see the GNU Public Licence: http://www.fsf.org/copyleft/gpl.html
________________________________________________________________________________

Ponte de palitos - Frame3DD linear estabilizado (N mm tonne) 
Mon May 04 19:39:31 2026
________________________________________________________________________________
In 2D problems the Y-axis is vertical.  In 3D problems the Z-axis is vertical.
________________________________________________________________________________
   60 NODES              4 FIXED NODES      234 FRAME ELEMENTS   1 LOAD CASES   
________________________________________________________________________________
N O D E   D A T A                                           R E S T R A I N T S
  Node       X              Y              Z         radius  Fx Fy Fz Mx My Mz
    1    -100.000000     -85.000000       0.000000    0.000   0  0  0  0  0  0
    2    -100.000000     -85.000000      85.000000    0.000   0  0  0  0  0  0
    3    -100.000000      85.000000       0.000000    0.000   0  0  0  0  0  0
    4    -100.000000      85.000000      85.000000    0.000   0  0  0  0  0  0
    5       0.000000     -85.000000       0.000000    0.000   0  0  1  1  1  1
    6       0.000000     -85.000000      85.000000    0.000   0  0  0  0  0  0
    7       0.000000      85.000000       0.000000    0.000   0  0  1  1  1  1
    8       0.000000      85.000000      85.000000    0.000   0  0  0  0  0  0
    9     100.000000     -85.000000       0.000000    0.000   0  0  0  0  0  0
   10     100.000000     -85.000000     127.500000    0.000   0  0  0  0  0  0
   11     100.000000      85.000000       0.000000    0.000   0  0  0  0  0  0
   12     100.000000      85.000000     127.500000    0.000   0  0  0  0  0  0
   13     200.000000     -85.000000       0.000000    0.000   0  0  0  0  0  0
   14     200.000000     -85.000000     170.000000    0.000   0  0  0  0  0  0
   15     200.000000      85.000000       0.000000    0.000   0  0  0  0  0  0
   16     200.000000      85.000000     170.000000    0.000   0  0  0  0  0  0
   17     300.000000     -85.000000       0.000000    0.000   0  0  0  0  0  0
   18     300.000000     -85.000000     212.500000    0.000   0  0  0  0  0  0
   19     300.000000      85.000000       0.000000    0.000   0  0  0  0  0  0
   20     300.000000      85.000000     212.500000    0.000   0  0  0  0  0  0
   21     400.000000     -85.000000       0.000000    0.000   0  0  0  0  0  0
   22     400.000000     -85.000000     255.000000    0.000   0  0  0  0  0  0
   23     400.000000      85.000000       0.000000    0.000   0  0  0  0  0  0
   24     400.000000      85.000000     255.000000    0.000   0  0  0  0  0  0
   25     500.000000     -85.000000       0.000000    0.000   0  0  0  0  0  0
   26     500.000000     -85.000000     255.000000    0.000   0  0  0  0  0  0
   27     500.000000      85.000000       0.000000    0.000   0  0  0  0  0  0
   28     500.000000      85.000000     255.000000    0.000   0  0  0  0  0  0
   29     600.000000     -85.000000       0.000000    0.000   0  0  0  0  0  0
   30     600.000000     -85.000000     255.000000    0.000   0  0  0  0  0  0
   31     600.000000      85.000000       0.000000    0.000   0  0  0  0  0  0
   32     600.000000      85.000000     255.000000    0.000   0  0  0  0  0  0
   33     700.000000     -85.000000       0.000000    0.000   0  0  0  0  0  0
   34     700.000000     -85.000000     255.000000    0.000   0  0  0  0  0  0
   35     700.000000      85.000000       0.000000    0.000   0  0  0  0  0  0
   36     700.000000      85.000000     255.000000    0.000   0  0  0  0  0  0
   37     800.000000     -85.000000       0.000000    0.000   0  0  0  0  0  0
   38     800.000000     -85.000000     255.000000    0.000   0  0  0  0  0  0
   39     800.000000      85.000000       0.000000    0.000   0  0  0  0  0  0
   40     800.000000      85.000000     255.000000    0.000   0  0  0  0  0  0
   41     900.000000     -85.000000       0.000000    0.000   0  0  0  0  0  0
   42     900.000000     -85.000000     212.500000    0.000   0  0  0  0  0  0
   43     900.000000      85.000000       0.000000    0.000   0  0  0  0  0  0
   44     900.000000      85.000000     212.500000    0.000   0  0  0  0  0  0
   45    1000.000000     -85.000000       0.000000    0.000   0  0  0  0  0  0
   46    1000.000000     -85.000000     170.000000    0.000   0  0  0  0  0  0
   47    1000.000000      85.000000       0.000000    0.000   0  0  0  0  0  0
   48    1000.000000      85.000000     170.000000    0.000   0  0  0  0  0  0
   49    1100.000000     -85.000000       0.000000    0.000   0  0  0  0  0  0
   50    1100.000000     -85.000000     127.500000    0.000   0  0  0  0  0  0
   51    1100.000000      85.000000       0.000000    0.000   0  0  0  0  0  0
   52    1100.000000      85.000000     127.500000    0.000   0  0  0  0  0  0
   53    1200.000000     -85.000000       0.000000    0.000   0  0  1  1  1  1
   54    1200.000000     -85.000000      85.000000    0.000   0  0  0  0  0  0
   55    1200.000000      85.000000       0.000000    0.000   0  0  1  1  1  1
   56    1200.000000      85.000000      85.000000    0.000   0  0  0  0  0  0
   57    1300.000000     -85.000000       0.000000    0.000   0  0  0  0  0  0
   58    1300.000000     -85.000000      85.000000    0.000   0  0  0  0  0  0
   59    1300.000000      85.000000       0.000000    0.000   0  0  0  0  0  0
   60    1300.000000      85.000000      85.000000    0.000   0  0  0  0  0  0
F R A M E   E L E M E N T   D A T A					(local)
  Elmnt  J1    J2     Ax   Asy   Asz    Jxx     Iyy     Izz       E       G roll  density
    1     1     5   42.0  42.0  42.0  104.1   126.0   171.5   6000.0   500.0   0 1.11e-009
    2     2     6   52.5  52.5  52.5 1348.6  1824.2  2028.8   6000.0   500.0   0 1.11e-009
    3     5     9   42.0  42.0  42.0  104.1   126.0   171.5   6000.0   500.0   0 1.11e-009
    4     6    10   52.5  52.5  52.5 1348.6  1824.2  2028.8   6000.0   500.0   0 1.11e-009
    5     9    13   42.0  42.0  42.0  104.1   126.0   171.5   6000.0   500.0   0 1.11e-009
    6    10    14   52.5  52.5  52.5 1348.6  1824.2  2028.8   6000.0   500.0   0 1.11e-009
    7    13    17   42.0  42.0  42.0  104.1   126.0   171.5   6000.0   500.0   0 1.11e-009
    8    14    18   52.5  52.5  52.5 1348.6  1824.2  2028.8   6000.0   500.0   0 1.11e-009
    9    17    21   42.0  42.0  42.0  104.1   126.0   171.5   6000.0   500.0   0 1.11e-009
   10    18    22   52.5  52.5  52.5 1348.6  1824.2  2028.8   6000.0   500.0   0 1.11e-009
   11    21    25   42.0  42.0  42.0  104.1   126.0   171.5   6000.0   500.0   0 1.11e-009
   12    22    26   52.5  52.5  52.5 1348.6  1824.2  2028.8   6000.0   500.0   0 1.11e-009
   13    25    29   42.0  42.0  42.0  104.1   126.0   171.5   6000.0   500.0   0 1.11e-009
   14    26    30   52.5  52.5  52.5 1348.6  1824.2  2028.8   6000.0   500.0   0 1.11e-009
   15    29    33   42.0  42.0  42.0  104.1   126.0   171.5   6000.0   500.0   0 1.11e-009
   16    30    34   52.5  52.5  52.5 1348.6  1824.2  2028.8   6000.0   500.0   0 1.11e-009
   17    33    37   42.0  42.0  42.0  104.1   126.0   171.5   6000.0   500.0   0 1.11e-009
   18    34    38   52.5  52.5  52.5 1348.6  1824.2  2028.8   6000.0   500.0   0 1.11e-009
   19    37    41   42.0  42.0  42.0  104.1   126.0   171.5   6000.0   500.0   0 1.11e-009
   20    38    42   52.5  52.5  52.5 1348.6  1824.2  2028.8   6000.0   500.0   0 1.11e-009
   21    41    45   42.0  42.0  42.0  104.1   126.0   171.5   6000.0   500.0   0 1.11e-009
   22    42    46   52.5  52.5  52.5 1348.6  1824.2  2028.8   6000.0   500.0   0 1.11e-009
   23    45    49   42.0  42.0  42.0  104.1   126.0   171.5   6000.0   500.0   0 1.11e-009
   24    46    50   52.5  52.5  52.5 1348.6  1824.2  2028.8   6000.0   500.0   0 1.11e-009
   25    49    53   42.0  42.0  42.0  104.1   126.0   171.5   6000.0   500.0   0 1.11e-009
   26    50    54   52.5  52.5  52.5 1348.6  1824.2  2028.8   6000.0   500.0   0 1.11e-009
   27    53    57   42.0  42.0  42.0  104.1   126.0   171.5   6000.0   500.0   0 1.11e-009
   28    54    58   52.5  52.5  52.5 1348.6  1824.2  2028.8   6000.0   500.0   0 1.11e-009
   29     1     2   31.5  31.5  31.5   63.6    53.2   128.6   6000.0   500.0   0 1.11e-009
   30     5     6   31.5  31.5  31.5   63.6    53.2   128.6   6000.0   500.0   0 1.11e-009
   31     9    10   31.5  31.5  31.5   63.6    53.2   128.6   6000.0   500.0   0 1.11e-009
   32    13    14   31.5  31.5  31.5   63.6    53.2   128.6   6000.0   500.0   0 1.11e-009
   33    17    18   31.5  31.5  31.5   63.6    53.2   128.6   6000.0   500.0   0 1.11e-009
   34    21    22   31.5  31.5  31.5   63.6    53.2   128.6   6000.0   500.0   0 1.11e-009
   35    25    26   31.5  31.5  31.5   63.6    53.2   128.6   6000.0   500.0   0 1.11e-009
   36    29    30   31.5  31.5  31.5   63.6    53.2   128.6   6000.0   500.0   0 1.11e-009
   37    33    34   31.5  31.5  31.5   63.6    53.2   128.6   6000.0   500.0   0 1.11e-009
   38    37    38   31.5  31.5  31.5   63.6    53.2   128.6   6000.0   500.0   0 1.11e-009
   39    41    42   31.5  31.5  31.5   63.6    53.2   128.6   6000.0   500.0   0 1.11e-009
   40    45    46   31.5  31.5  31.5   63.6    53.2   128.6   6000.0   500.0   0 1.11e-009
   41    49    50   31.5  31.5  31.5   63.6    53.2   128.6   6000.0   500.0   0 1.11e-009
   42    53    54   31.5  31.5  31.5   63.6    53.2   128.6   6000.0   500.0   0 1.11e-009
   43    57    58   31.5  31.5  31.5   63.6    53.2   128.6   6000.0   500.0   0 1.11e-009
   44     2     5   31.5  31.5  31.5   63.6    53.2   128.6   6000.0   500.0   0 1.11e-009
   45     6     9   31.5  31.5  31.5   63.6    53.2   128.6   6000.0   500.0   0 1.11e-009
   46    10    13   31.5  31.5  31.5   63.6    53.2   128.6   6000.0   500.0   0 1.11e-009
   47    14    17   31.5  31.5  31.5   63.6    53.2   128.6   6000.0   500.0   0 1.11e-009
   48    18    21   31.5  31.5  31.5   63.6    53.2   128.6   6000.0   500.0   0 1.11e-009
   49    22    25   31.5  31.5  31.5   63.6    53.2   128.6   6000.0   500.0   0 1.11e-009
   50    26    29   31.5  31.5  31.5   63.6    53.2   128.6   6000.0   500.0   0 1.11e-009
   51    29    34   31.5  31.5  31.5   63.6    53.2   128.6   6000.0   500.0   0 1.11e-009
   52    33    38   31.5  31.5  31.5   63.6    53.2   128.6   6000.0   500.0   0 1.11e-009
   53    37    42   31.5  31.5  31.5   63.6    53.2   128.6   6000.0   500.0   0 1.11e-009
   54    41    46   31.5  31.5  31.5   63.6    53.2   128.6   6000.0   500.0   0 1.11e-009
   55    45    50   31.5  31.5  31.5   63.6    53.2   128.6   6000.0   500.0   0 1.11e-009
   56    49    54   31.5  31.5  31.5   63.6    53.2   128.6   6000.0   500.0   0 1.11e-009
   57    53    58   31.5  31.5  31.5   63.6    53.2   128.6   6000.0   500.0   0 1.11e-009
   58     3     7   42.0  42.0  42.0  104.1   126.0   171.5   6000.0   500.0   0 1.11e-009
   59     4     8   52.5  52.5  52.5 1348.6  1824.2  2028.8   6000.0   500.0   0 1.11e-009
   60     7    11   42.0  42.0  42.0  104.1   126.0   171.5   6000.0   500.0   0 1.11e-009
   61     8    12   52.5  52.5  52.5 1348.6  1824.2  2028.8   6000.0   500.0   0 1.11e-009
   62    11    15   42.0  42.0  42.0  104.1   126.0   171.5   6000.0   500.0   0 1.11e-009
   63    12    16   52.5  52.5  52.5 1348.6  1824.2  2028.8   6000.0   500.0   0 1.11e-009
   64    15    19   42.0  42.0  42.0  104.1   126.0   171.5   6000.0   500.0   0 1.11e-009
   65    16    20   52.5  52.5  52.5 1348.6  1824.2  2028.8   6000.0   500.0   0 1.11e-009
   66    19    23   42.0  42.0  42.0  104.1   126.0   171.5   6000.0   500.0   0 1.11e-009
   67    20    24   52.5  52.5  52.5 1348.6  1824.2  2028.8   6000.0   500.0   0 1.11e-009
   68    23    27   42.0  42.0  42.0  104.1   126.0   171.5   6000.0   500.0   0 1.11e-009
   69    24    28   52.5  52.5  52.5 1348.6  1824.2  2028.8   6000.0   500.0   0 1.11e-009
   70    27    31   42.0  42.0  42.0  104.1   126.0   171.5   6000.0   500.0   0 1.11e-009
   71    28    32   52.5  52.5  52.5 1348.6  1824.2  2028.8   6000.0   500.0   0 1.11e-009
   72    31    35   42.0  42.0  42.0  104.1   126.0   171.5   6000.0   500.0   0 1.11e-009
   73    32    36   52.5  52.5  52.5 1348.6  1824.2  2028.8   6000.0   500.0   0 1.11e-009
   74    35    39   42.0  42.0  42.0  104.1   126.0   171.5   6000.0   500.0   0 1.11e-009
   75    36    40   52.5  52.5  52.5 1348.6  1824.2  2028.8   6000.0   500.0   0 1.11e-009
   76    39    43   42.0  42.0  42.0  104.1   126.0   171.5   6000.0   500.0   0 1.11e-009
   77    40    44   52.5  52.5  52.5 1348.6  1824.2  2028.8   6000.0   500.0   0 1.11e-009
   78    43    47   42.0  42.0  42.0  104.1   126.0   171.5   6000.0   500.0   0 1.11e-009
   79    44    48   52.5  52.5  52.5 1348.6  1824.2  2028.8   6000.0   500.0   0 1.11e-009
   80    47    51   42.0  42.0  42.0  104.1   126.0   171.5   6000.0   500.0   0 1.11e-009
   81    48    52   52.5  52.5  52.5 1348.6  1824.2  2028.8   6000.0   500.0   0 1.11e-009
   82    51    55   42.0  42.0  42.0  104.1   126.0   171.5   6000.0   500.0   0 1.11e-009
   83    52    56   52.5  52.5  52.5 1348.6  1824.2  2028.8   6000.0   500.0   0 1.11e-009
   84    55    59   42.0  42.0  42.0  104.1   126.0   171.5   6000.0   500.0   0 1.11e-009
   85    56    60   52.5  52.5  52.5 1348.6  1824.2  2028.8   6000.0   500.0   0 1.11e-009
   86     3     4   31.5  31.5  31.5   63.6    53.2   128.6   6000.0   500.0   0 1.11e-009
   87     7     8   31.5  31.5  31.5   63.6    53.2   128.6   6000.0   500.0   0 1.11e-009
   88    11    12   31.5  31.5  31.5   63.6    53.2   128.6   6000.0   500.0   0 1.11e-009
   89    15    16   31.5  31.5  31.5   63.6    53.2   128.6   6000.0   500.0   0 1.11e-009
   90    19    20   31.5  31.5  31.5   63.6    53.2   128.6   6000.0   500.0   0 1.11e-009
   91    23    24   31.5  31.5  31.5   63.6    53.2   128.6   6000.0   500.0   0 1.11e-009
   92    27    28   31.5  31.5  31.5   63.6    53.2   128.6   6000.0   500.0   0 1.11e-009
   93    31    32   31.5  31.5  31.5   63.6    53.2   128.6   6000.0   500.0   0 1.11e-009
   94    35    36   31.5  31.5  31.5   63.6    53.2   128.6   6000.0   500.0   0 1.11e-009
   95    39    40   31.5  31.5  31.5   63.6    53.2   128.6   6000.0   500.0   0 1.11e-009
   96    43    44   31.5  31.5  31.5   63.6    53.2   128.6   6000.0   500.0   0 1.11e-009
   97    47    48   31.5  31.5  31.5   63.6    53.2   128.6   6000.0   500.0   0 1.11e-009
   98    51    52   31.5  31.5  31.5   63.6    53.2   128.6   6000.0   500.0   0 1.11e-009
   99    55    56   31.5  31.5  31.5   63.6    53.2   128.6   6000.0   500.0   0 1.11e-009
  100    59    60   31.5  31.5  31.5   63.6    53.2   128.6   6000.0   500.0   0 1.11e-009
  101     4     7   31.5  31.5  31.5   63.6    53.2   128.6   6000.0   500.0   0 1.11e-009
  102     8    11   31.5  31.5  31.5   63.6    53.2   128.6   6000.0   500.0   0 1.11e-009
  103    12    15   31.5  31.5  31.5   63.6    53.2   128.6   6000.0   500.0   0 1.11e-009
  104    16    19   31.5  31.5  31.5   63.6    53.2   128.6   6000.0   500.0   0 1.11e-009
  105    20    23   31.5  31.5  31.5   63.6    53.2   128.6   6000.0   500.0   0 1.11e-009
  106    24    27   31.5  31.5  31.5   63.6    53.2   128.6   6000.0   500.0   0 1.11e-009
  107    28    31   31.5  31.5  31.5   63.6    53.2   128.6   6000.0   500.0   0 1.11e-009
  108    31    36   31.5  31.5  31.5   63.6    53.2   128.6   6000.0   500.0   0 1.11e-009
  109    35    40   31.5  31.5  31.5   63.6    53.2   128.6   6000.0   500.0   0 1.11e-009
  110    39    44   31.5  31.5  31.5   63.6    53.2   128.6   6000.0   500.0   0 1.11e-009
  111    43    48   31.5  31.5  31.5   63.6    53.2   128.6   6000.0   500.0   0 1.11e-009
  112    47    52   31.5  31.5  31.5   63.6    53.2   128.6   6000.0   500.0   0 1.11e-009
  113    51    56   31.5  31.5  31.5   63.6    53.2   128.6   6000.0   500.0   0 1.11e-009
  114    55    60   31.5  31.5  31.5   63.6    53.2   128.6   6000.0   500.0   0 1.11e-009
  115     1     3   21.0  21.0  21.0   35.5    15.8    85.8   6000.0   500.0   0 1.11e-009
  116     2     4   21.0  21.0  21.0   35.5    15.8    85.8   6000.0   500.0   0 1.11e-009
  117     5     7   21.0  21.0  21.0   35.5    15.8    85.8   6000.0   500.0   0 1.11e-009
  118     6     8   21.0  21.0  21.0   35.5    15.8    85.8   6000.0   500.0   0 1.11e-009
  119     9    11   21.0  21.0  21.0   35.5    15.8    85.8   6000.0   500.0   0 1.11e-009
  120    10    12   21.0  21.0  21.0   35.5    15.8    85.8   6000.0   500.0   0 1.11e-009
  121    13    15   21.0  21.0  21.0   35.5    15.8    85.8   6000.0   500.0   0 1.11e-009
  122    14    16   21.0  21.0  21.0   35.5    15.8    85.8   6000.0   500.0   0 1.11e-009
  123    17    19   21.0  21.0  21.0   35.5    15.8    85.8   6000.0   500.0   0 1.11e-009
  124    18    20   21.0  21.0  21.0   35.5    15.8    85.8   6000.0   500.0   0 1.11e-009
  125    21    23   21.0  21.0  21.0   35.5    15.8    85.8   6000.0   500.0   0 1.11e-009
  126    22    24   21.0  21.0  21.0   35.5    15.8    85.8   6000.0   500.0   0 1.11e-009
  127    25    27   21.0  21.0  21.0   35.5    15.8    85.8   6000.0   500.0   0 1.11e-009
  128    26    28   21.0  21.0  21.0   35.5    15.8    85.8   6000.0   500.0   0 1.11e-009
  129    29    31   21.0  21.0  21.0   35.5    15.8    85.8   6000.0   500.0   0 1.11e-009
  130    30    32   21.0  21.0  21.0   35.5    15.8    85.8   6000.0   500.0   0 1.11e-009
  131    33    35   21.0  21.0  21.0   35.5    15.8    85.8   6000.0   500.0   0 1.11e-009
  132    34    36   21.0  21.0  21.0   35.5    15.8    85.8   6000.0   500.0   0 1.11e-009
  133    37    39   21.0  21.0  21.0   35.5    15.8    85.8   6000.0   500.0   0 1.11e-009
  134    38    40   21.0  21.0  21.0   35.5    15.8    85.8   6000.0   500.0   0 1.11e-009
  135    41    43   21.0  21.0  21.0   35.5    15.8    85.8   6000.0   500.0   0 1.11e-009
  136    42    44   21.0  21.0  21.0   35.5    15.8    85.8   6000.0   500.0   0 1.11e-009
  137    45    47   21.0  21.0  21.0   35.5    15.8    85.8   6000.0   500.0   0 1.11e-009
  138    46    48   21.0  21.0  21.0   35.5    15.8    85.8   6000.0   500.0   0 1.11e-009
  139    49    51   21.0  21.0  21.0   35.5    15.8    85.8   6000.0   500.0   0 1.11e-009
  140    50    52   21.0  21.0  21.0   35.5    15.8    85.8   6000.0   500.0   0 1.11e-009
  141    53    55   21.0  21.0  21.0   35.5    15.8    85.8   6000.0   500.0   0 1.11e-009
  142    54    56   21.0  21.0  21.0   35.5    15.8    85.8   6000.0   500.0   0 1.11e-009
  143    57    59   21.0  21.0  21.0   35.5    15.8    85.8   6000.0   500.0   0 1.11e-009
  144    58    60   21.0  21.0  21.0   35.5    15.8    85.8   6000.0   500.0   0 1.11e-009
  145     1     7   10.5  10.5  10.5   15.7     2.0    42.9   6000.0   500.0   0 1.11e-009
  146     3     5   10.5  10.5  10.5   15.7     2.0    42.9   6000.0   500.0   0 1.11e-009
  147     2     8   10.5  10.5  10.5   15.7     2.0    42.9   6000.0   500.0   0 1.11e-009
  148     4     6   10.5  10.5  10.5   15.7     2.0    42.9   6000.0   500.0   0 1.11e-009
  149     5    11   10.5  10.5  10.5   15.7     2.0    42.9   6000.0   500.0   0 1.11e-009
  150     7     9   10.5  10.5  10.5   15.7     2.0    42.9   6000.0   500.0   0 1.11e-009
  151     6    12   10.5  10.5  10.5   15.7     2.0    42.9   6000.0   500.0   0 1.11e-009
  152     8    10   10.5  10.5  10.5   15.7     2.0    42.9   6000.0   500.0   0 1.11e-009
  153     9    15   10.5  10.5  10.5   15.7     2.0    42.9   6000.0   500.0   0 1.11e-009
  154    11    13   10.5  10.5  10.5   15.7     2.0    42.9   6000.0   500.0   0 1.11e-009
  155    10    16   10.5  10.5  10.5   15.7     2.0    42.9   6000.0   500.0   0 1.11e-009
  156    12    14   10.5  10.5  10.5   15.7     2.0    42.9   6000.0   500.0   0 1.11e-009
  157    13    19   10.5  10.5  10.5   15.7     2.0    42.9   6000.0   500.0   0 1.11e-009
  158    15    17   10.5  10.5  10.5   15.7     2.0    42.9   6000.0   500.0   0 1.11e-009
  159    14    20   10.5  10.5  10.5   15.7     2.0    42.9   6000.0   500.0   0 1.11e-009
  160    16    18   10.5  10.5  10.5   15.7     2.0    42.9   6000.0   500.0   0 1.11e-009
  161    17    23   10.5  10.5  10.5   15.7     2.0    42.9   6000.0   500.0   0 1.11e-009
  162    19    21   10.5  10.5  10.5   15.7     2.0    42.9   6000.0   500.0   0 1.11e-009
  163    18    24   10.5  10.5  10.5   15.7     2.0    42.9   6000.0   500.0   0 1.11e-009
  164    20    22   10.5  10.5  10.5   15.7     2.0    42.9   6000.0   500.0   0 1.11e-009
  165    21    27   10.5  10.5  10.5   15.7     2.0    42.9   6000.0   500.0   0 1.11e-009
  166    23    25   10.5  10.5  10.5   15.7     2.0    42.9   6000.0   500.0   0 1.11e-009
  167    22    28   10.5  10.5  10.5   15.7     2.0    42.9   6000.0   500.0   0 1.11e-009
  168    24    26   10.5  10.5  10.5   15.7     2.0    42.9   6000.0   500.0   0 1.11e-009
  169    25    31   10.5  10.5  10.5   15.7     2.0    42.9   6000.0   500.0   0 1.11e-009
  170    27    29   10.5  10.5  10.5   15.7     2.0    42.9   6000.0   500.0   0 1.11e-009
  171    26    32   10.5  10.5  10.5   15.7     2.0    42.9   6000.0   500.0   0 1.11e-009
  172    28    30   10.5  10.5  10.5   15.7     2.0    42.9   6000.0   500.0   0 1.11e-009
  173    29    35   10.5  10.5  10.5   15.7     2.0    42.9   6000.0   500.0   0 1.11e-009
  174    31    33   10.5  10.5  10.5   15.7     2.0    42.9   6000.0   500.0   0 1.11e-009
  175    30    36   10.5  10.5  10.5   15.7     2.0    42.9   6000.0   500.0   0 1.11e-009
  176    32    34   10.5  10.5  10.5   15.7     2.0    42.9   6000.0   500.0   0 1.11e-009
  177    33    39   10.5  10.5  10.5   15.7     2.0    42.9   6000.0   500.0   0 1.11e-009
  178    35    37   10.5  10.5  10.5   15.7     2.0    42.9   6000.0   500.0   0 1.11e-009
  179    34    40   10.5  10.5  10.5   15.7     2.0    42.9   6000.0   500.0   0 1.11e-009
  180    36    38   10.5  10.5  10.5   15.7     2.0    42.9   6000.0   500.0   0 1.11e-009
  181    37    43   10.5  10.5  10.5   15.7     2.0    42.9   6000.0   500.0   0 1.11e-009
  182    39    41   10.5  10.5  10.5   15.7     2.0    42.9   6000.0   500.0   0 1.11e-009
  183    38    44   10.5  10.5  10.5   15.7     2.0    42.9   6000.0   500.0   0 1.11e-009
  184    40    42   10.5  10.5  10.5   15.7     2.0    42.9   6000.0   500.0   0 1.11e-009
  185    41    47   10.5  10.5  10.5   15.7     2.0    42.9   6000.0   500.0   0 1.11e-009
  186    43    45   10.5  10.5  10.5   15.7     2.0    42.9   6000.0   500.0   0 1.11e-009
  187    42    48   10.5  10.5  10.5   15.7     2.0    42.9   6000.0   500.0   0 1.11e-009
  188    44    46   10.5  10.5  10.5   15.7     2.0    42.9   6000.0   500.0   0 1.11e-009
  189    45    51   10.5  10.5  10.5   15.7     2.0    42.9   6000.0   500.0   0 1.11e-009
  190    47    49   10.5  10.5  10.5   15.7     2.0    42.9   6000.0   500.0   0 1.11e-009
  191    46    52   10.5  10.5  10.5   15.7     2.0    42.9   6000.0   500.0   0 1.11e-009
  192    48    50   10.5  10.5  10.5   15.7     2.0    42.9   6000.0   500.0   0 1.11e-009
  193    49    55   10.5  10.5  10.5   15.7     2.0    42.9   6000.0   500.0   0 1.11e-009
  194    51    53   10.5  10.5  10.5   15.7     2.0    42.9   6000.0   500.0   0 1.11e-009
  195    50    56   10.5  10.5  10.5   15.7     2.0    42.9   6000.0   500.0   0 1.11e-009
  196    52    54   10.5  10.5  10.5   15.7     2.0    42.9   6000.0   500.0   0 1.11e-009
  197    53    59   10.5  10.5  10.5   15.7     2.0    42.9   6000.0   500.0   0 1.11e-009
  198    55    57   10.5  10.5  10.5   15.7     2.0    42.9   6000.0   500.0   0 1.11e-009
  199    54    60   10.5  10.5  10.5   15.7     2.0    42.9   6000.0   500.0   0 1.11e-009
  200    56    58   10.5  10.5  10.5   15.7     2.0    42.9   6000.0   500.0   0 1.11e-009
  201     1     4   10.5  10.5  10.5   15.7     2.0    42.9   6000.0   500.0   0 1.11e-009
  202     2     3   10.5  10.5  10.5   15.7     2.0    42.9   6000.0   500.0   0 1.11e-009
  203     5     8   10.5  10.5  10.5   15.7     2.0    42.9   6000.0   500.0   0 1.11e-009
  204     6     7   10.5  10.5  10.5   15.7     2.0    42.9   6000.0   500.0   0 1.11e-009
  205     9    12   10.5  10.5  10.5   15.7     2.0    42.9   6000.0   500.0   0 1.11e-009
  206    10    11   10.5  10.5  10.5   15.7     2.0    42.9   6000.0   500.0   0 1.11e-009
  207    13    16   10.5  10.5  10.5   15.7     2.0    42.9   6000.0   500.0   0 1.11e-009
  208    14    15   10.5  10.5  10.5   15.7     2.0    42.9   6000.0   500.0   0 1.11e-009
  209    17    20   10.5  10.5  10.5   15.7     2.0    42.9   6000.0   500.0   0 1.11e-009
  210    18    19   10.5  10.5  10.5   15.7     2.0    42.9   6000.0   500.0   0 1.11e-009
  211    21    24   10.5  10.5  10.5   15.7     2.0    42.9   6000.0   500.0   0 1.11e-009
  212    22    23   10.5  10.5  10.5   15.7     2.0    42.9   6000.0   500.0   0 1.11e-009
  213    25    28   10.5  10.5  10.5   15.7     2.0    42.9   6000.0   500.0   0 1.11e-009
  214    26    27   10.5  10.5  10.5   15.7     2.0    42.9   6000.0   500.0   0 1.11e-009
  215    29    32   10.5  10.5  10.5   15.7     2.0    42.9   6000.0   500.0   0 1.11e-009
  216    30    31   10.5  10.5  10.5   15.7     2.0    42.9   6000.0   500.0   0 1.11e-009
  217    33    36   10.5  10.5  10.5   15.7     2.0    42.9   6000.0   500.0   0 1.11e-009
  218    34    35   10.5  10.5  10.5   15.7     2.0    42.9   6000.0   500.0   0 1.11e-009
  219    37    40   10.5  10.5  10.5   15.7     2.0    42.9   6000.0   500.0   0 1.11e-009
  220    38    39   10.5  10.5  10.5   15.7     2.0    42.9   6000.0   500.0   0 1.11e-009
  221    41    44   10.5  10.5  10.5   15.7     2.0    42.9   6000.0   500.0   0 1.11e-009
  222    42    43   10.5  10.5  10.5   15.7     2.0    42.9   6000.0   500.0   0 1.11e-009
  223    45    48   10.5  10.5  10.5   15.7     2.0    42.9   6000.0   500.0   0 1.11e-009
  224    46    47   10.5  10.5  10.5   15.7     2.0    42.9   6000.0   500.0   0 1.11e-009
  225    49    52   10.5  10.5  10.5   15.7     2.0    42.9   6000.0   500.0   0 1.11e-009
  226    50    51   10.5  10.5  10.5   15.7     2.0    42.9   6000.0   500.0   0 1.11e-009
  227    53    56   10.5  10.5  10.5   15.7     2.0    42.9   6000.0   500.0   0 1.11e-009
  228    54    55   10.5  10.5  10.5   15.7     2.0    42.9   6000.0   500.0   0 1.11e-009
  229    57    60   10.5  10.5  10.5   15.7     2.0    42.9   6000.0   500.0   0 1.11e-009
  230    58    59   10.5  10.5  10.5   15.7     2.0    42.9   6000.0   500.0   0 1.11e-009
  231     1     5   42.0  42.0  42.0  963.2     7.9  2744.0   6000.0   500.0   0 1.11e-009
  232    53    57   42.0  42.0  42.0  963.2     7.9  2744.0   6000.0   500.0   0 1.11e-009
  233     3     7   42.0  42.0  42.0  963.2     7.9  2744.0   6000.0   500.0   0 1.11e-009
  234    55    59   42.0  42.0  42.0  963.2     7.9  2744.0   6000.0   500.0   0 1.11e-009
  Include shear deformations.
  Neglect geometric stiffness.

L O A D   C A S E   1   O F   1  ... 

   Gravity X =  0.0    Gravity Y =  0.0    Gravity Z =  0.0 
  10 concentrated loads
   0 uniformly distributed loads
   0 trapezoidally distributed loads
   0 concentrated point loads
   0 temperature loads
   0 prescribed displacements
 N O D A L   L O A D S  +  E Q U I V A L E N T   N O D A L   L O A D S  (global)
  Node        Fx          Fy          Fz          Mxx         Myy         Mzz
    22       0.000       0.000     -88.260       0.000       0.000       0.000
    24       0.000       0.000     -88.260       0.000       0.000       0.000
    26       0.000       0.000     -88.260       0.000       0.000       0.000
    28       0.000       0.000     -88.260       0.000       0.000       0.000
    30       0.000       0.000     -88.260       0.000       0.000       0.000
    32       0.000       0.000     -88.260       0.000       0.000       0.000
    34       0.000       0.000     -88.260       0.000       0.000       0.000
    36       0.000       0.000     -88.260       0.000       0.000       0.000
    38       0.000       0.000     -88.260       0.000       0.000       0.000
    40       0.000       0.000     -88.260       0.000       0.000       0.000

E L A S T I C   S T I F F N E S S   A N A L Y S I S   via  L D L'  decomposition

  * The Stiffness Matrix is not positive-definite *
    Check that all six rigid-body translations are restrained
    If geometric stiffness is included, reduce the loads.

L O A D   C A S E   1   O F   1  ... 

N O D E   D I S P L A C E M E N T S  					(global)
  Node    X-dsp       Y-dsp       Z-dsp       X-rot       Y-rot       Z-rot
F R A M E   E L E M E N T   E N D   F O R C E S				(local)
  Elmnt  Node       Nx          Vy         Vz        Txx        Myy        Mzz
     1      1      0.0         0.0        0.0        0.0        0.0        0.0  
     1      5      0.0         0.0        0.0        0.0        0.0        0.0  
     2      2      0.0         0.0        0.0        0.0        0.0        0.0  
     2      6      0.0         0.0        0.0        0.0        0.0        0.0  
     3      5      0.0         0.0        0.0        0.0        0.0        0.0  
     3      9      0.0         0.0        0.0        0.0        0.0        0.0  
     4      6      0.0         0.0        0.0        0.0        0.0        0.0  
     4     10      0.0         0.0        0.0        0.0        0.0        0.0  
     5      9      0.0         0.0        0.0        0.0        0.0        0.0  
     5     13      0.0         0.0        0.0        0.0        0.0        0.0  
     6     10      0.0         0.0        0.0        0.0        0.0        0.0  
     6     14      0.0         0.0        0.0        0.0        0.0        0.0  
     7     13      0.0         0.0        0.0        0.0        0.0        0.0  
     7     17      0.0         0.0        0.0        0.0        0.0        0.0  
     8     14      0.0         0.0        0.0        0.0        0.0        0.0  
     8     18      0.0         0.0        0.0        0.0        0.0        0.0  
     9     17      0.0         0.0        0.0        0.0        0.0        0.0  
     9     21      0.0         0.0        0.0        0.0        0.0        0.0  
    10     18      0.0         0.0        0.0        0.0        0.0        0.0  
    10     22      0.0         0.0        0.0        0.0        0.0        0.0  
    11     21      0.0         0.0        0.0        0.0        0.0        0.0  
    11     25      0.0         0.0        0.0        0.0        0.0        0.0  
    12     22      0.0         0.0        0.0        0.0        0.0        0.0  
    12     26      0.0         0.0        0.0        0.0        0.0        0.0  
    13     25      0.0         0.0        0.0        0.0        0.0        0.0  
    13     29      0.0         0.0        0.0        0.0        0.0        0.0  
    14     26      0.0         0.0        0.0        0.0        0.0        0.0  
    14     30      0.0         0.0        0.0        0.0        0.0        0.0  
    15     29      0.0         0.0        0.0        0.0        0.0        0.0  
    15     33      0.0         0.0        0.0        0.0        0.0        0.0  
    16     30      0.0         0.0        0.0        0.0        0.0        0.0  
    16     34      0.0         0.0        0.0        0.0        0.0        0.0  
    17     33      0.0         0.0        0.0        0.0        0.0        0.0  
    17     37      0.0         0.0        0.0        0.0        0.0        0.0  
    18     34      0.0         0.0        0.0        0.0        0.0        0.0  
    18     38      0.0         0.0        0.0        0.0        0.0        0.0  
    19     37      0.0         0.0        0.0        0.0        0.0        0.0  
    19     41      0.0         0.0        0.0        0.0        0.0        0.0  
    20     38      0.0         0.0        0.0        0.0        0.0        0.0  
    20     42      0.0         0.0        0.0        0.0        0.0        0.0  
    21     41      0.0         0.0        0.0        0.0        0.0        0.0  
    21     45      0.0         0.0        0.0        0.0        0.0        0.0  
    22     42      0.0         0.0        0.0        0.0        0.0        0.0  
    22     46      0.0         0.0        0.0        0.0        0.0        0.0  
    23     45      0.0         0.0        0.0        0.0        0.0        0.0  
    23     49      0.0         0.0        0.0        0.0        0.0        0.0  
    24     46      0.0         0.0        0.0        0.0        0.0        0.0  
    24     50      0.0         0.0        0.0        0.0        0.0        0.0  
    25     49      0.0         0.0        0.0        0.0        0.0        0.0  
    25     53      0.0         0.0        0.0        0.0        0.0        0.0  
    26     50      0.0         0.0        0.0        0.0        0.0        0.0  
    26     54      0.0         0.0        0.0        0.0        0.0        0.0  
    27     53      0.0         0.0        0.0        0.0        0.0        0.0  
    27     57      0.0         0.0        0.0        0.0        0.0        0.0  
    28     54      0.0         0.0        0.0        0.0        0.0        0.0  
    28     58      0.0         0.0        0.0        0.0        0.0        0.0  
    29      1      0.0         0.0        0.0        0.0        0.0        0.0  
    29      2      0.0         0.0        0.0        0.0        0.0        0.0  
    30      5      0.0         0.0        0.0        0.0        0.0        0.0  
    30      6      0.0         0.0        0.0        0.0        0.0        0.0  
    31      9      0.0         0.0        0.0        0.0        0.0        0.0  
    31     10      0.0         0.0        0.0        0.0        0.0        0.0  
    32     13      0.0         0.0        0.0        0.0        0.0        0.0  
    32     14      0.0         0.0        0.0        0.0        0.0        0.0  
    33     17      0.0         0.0        0.0        0.0        0.0        0.0  
    33     18      0.0         0.0        0.0        0.0        0.0        0.0  
    34     21      0.0         0.0        0.0        0.0        0.0        0.0  
    34     22      0.0         0.0        0.0        0.0        0.0        0.0  
    35     25      0.0         0.0        0.0        0.0        0.0        0.0  
    35     26      0.0         0.0        0.0        0.0        0.0        0.0  
    36     29      0.0         0.0        0.0        0.0        0.0        0.0  
    36     30      0.0         0.0        0.0        0.0        0.0        0.0  
    37     33      0.0         0.0        0.0        0.0        0.0        0.0  
    37     34      0.0         0.0        0.0        0.0        0.0        0.0  
    38     37      0.0         0.0        0.0        0.0        0.0        0.0  
    38     38      0.0         0.0        0.0        0.0        0.0        0.0  
    39     41      0.0         0.0        0.0        0.0        0.0        0.0  
    39     42      0.0         0.0        0.0        0.0        0.0        0.0  
    40     45      0.0         0.0        0.0        0.0        0.0        0.0  
    40     46      0.0         0.0        0.0        0.0        0.0        0.0  
    41     49      0.0         0.0        0.0        0.0        0.0        0.0  
    41     50      0.0         0.0        0.0        0.0        0.0        0.0  
    42     53      0.0         0.0        0.0        0.0        0.0        0.0  
    42     54      0.0         0.0        0.0        0.0        0.0        0.0  
    43     57      0.0         0.0        0.0        0.0        0.0        0.0  
    43     58      0.0         0.0        0.0        0.0        0.0        0.0  
    44      2      0.0         0.0        0.0        0.0        0.0        0.0  
    44      5      0.0         0.0        0.0        0.0        0.0        0.0  
    45      6      0.0         0.0        0.0        0.0        0.0        0.0  
    45      9      0.0         0.0        0.0        0.0        0.0        0.0  
    46     10      0.0         0.0        0.0        0.0        0.0        0.0  
    46     13      0.0         0.0        0.0        0.0        0.0        0.0  
    47     14      0.0         0.0        0.0        0.0        0.0        0.0  
    47     17      0.0         0.0        0.0        0.0        0.0        0.0  
    48     18      0.0         0.0        0.0        0.0        0.0        0.0  
    48     21      0.0         0.0        0.0        0.0        0.0        0.0  
    49     22      0.0         0.0        0.0        0.0        0.0        0.0  
    49     25      0.0         0.0        0.0        0.0        0.0        0.0  
    50     26      0.0         0.0        0.0        0.0        0.0        0.0  
    50     29      0.0         0.0        0.0        0.0        0.0        0.0  
    51     29      0.0         0.0        0.0        0.0        0.0        0.0  
    51     34      0.0         0.0        0.0        0.0        0.0        0.0  
    52     33      0.0         0.0        0.0        0.0        0.0        0.0  
    52     38      0.0         0.0        0.0        0.0        0.0        0.0  
    53     37      0.0         0.0        0.0        0.0        0.0        0.0  
    53     42      0.0         0.0        0.0        0.0        0.0        0.0  
    54     41      0.0         0.0        0.0        0.0        0.0        0.0  
    54     46      0.0         0.0        0.0        0.0        0.0        0.0  
    55     45      0.0         0.0        0.0        0.0        0.0        0.0  
    55     50      0.0         0.0        0.0        0.0        0.0        0.0  
    56     49      0.0         0.0        0.0        0.0        0.0        0.0  
    56     54      0.0         0.0        0.0        0.0        0.0        0.0  
    57     53      0.0         0.0        0.0        0.0        0.0        0.0  
    57     58      0.0         0.0        0.0        0.0        0.0        0.0  
    58      3      0.0         0.0        0.0        0.0        0.0        0.0  
    58      7      0.0         0.0        0.0        0.0        0.0        0.0  
    59      4      0.0         0.0        0.0        0.0        0.0        0.0  
    59      8      0.0         0.0        0.0        0.0        0.0        0.0  
    60      7      0.0         0.0        0.0        0.0        0.0        0.0  
    60     11      0.0         0.0        0.0        0.0        0.0        0.0  
    61      8      0.0         0.0        0.0        0.0        0.0        0.0  
    61     12      0.0         0.0        0.0        0.0        0.0        0.0  
    62     11      0.0         0.0        0.0        0.0        0.0        0.0  
    62     15      0.0         0.0        0.0        0.0        0.0        0.0  
    63     12      0.0         0.0        0.0        0.0        0.0        0.0  
    63     16      0.0         0.0        0.0        0.0        0.0        0.0  
    64     15      0.0         0.0        0.0        0.0        0.0        0.0  
    64     19      0.0         0.0        0.0        0.0        0.0        0.0  
    65     16      0.0         0.0        0.0        0.0        0.0        0.0  
    65     20      0.0         0.0        0.0        0.0        0.0        0.0  
    66     19      0.0         0.0        0.0        0.0        0.0        0.0  
    66     23      0.0         0.0        0.0        0.0        0.0        0.0  
    67     20      0.0         0.0        0.0        0.0        0.0        0.0  
    67     24      0.0         0.0        0.0        0.0        0.0        0.0  
    68     23      0.0         0.0        0.0        0.0        0.0        0.0  
    68     27      0.0         0.0        0.0        0.0        0.0        0.0  
    69     24      0.0         0.0        0.0        0.0        0.0        0.0  
    69     28      0.0         0.0        0.0        0.0        0.0        0.0  
    70     27      0.0         0.0        0.0        0.0        0.0        0.0  
    70     31      0.0         0.0        0.0        0.0        0.0        0.0  
    71     28      0.0         0.0        0.0        0.0        0.0        0.0  
    71     32      0.0         0.0        0.0        0.0        0.0        0.0  
    72     31      0.0         0.0        0.0        0.0        0.0        0.0  
    72     35      0.0         0.0        0.0        0.0        0.0        0.0  
    73     32      0.0         0.0        0.0        0.0        0.0        0.0  
    73     36      0.0         0.0        0.0        0.0        0.0        0.0  
    74     35      0.0         0.0        0.0        0.0        0.0        0.0  
    74     39      0.0         0.0        0.0        0.0        0.0        0.0  
    75     36      0.0         0.0        0.0        0.0        0.0        0.0  
    75     40      0.0         0.0        0.0        0.0        0.0        0.0  
    76     39      0.0         0.0        0.0        0.0        0.0        0.0  
    76     43      0.0         0.0        0.0        0.0        0.0        0.0  
    77     40      0.0         0.0        0.0        0.0        0.0        0.0  
    77     44      0.0         0.0        0.0        0.0        0.0        0.0  
    78     43      0.0         0.0        0.0        0.0        0.0        0.0  
    78     47      0.0         0.0        0.0        0.0        0.0        0.0  
    79     44      0.0         0.0        0.0        0.0        0.0        0.0  
    79     48      0.0         0.0        0.0        0.0        0.0        0.0  
    80     47      0.0         0.0        0.0        0.0        0.0        0.0  
    80     51      0.0         0.0        0.0        0.0        0.0        0.0  
    81     48      0.0         0.0        0.0        0.0        0.0        0.0  
    81     52      0.0         0.0        0.0        0.0        0.0        0.0  
    82     51      0.0         0.0        0.0        0.0        0.0        0.0  
    82     55      0.0         0.0        0.0        0.0        0.0        0.0  
    83     52      0.0         0.0        0.0        0.0        0.0        0.0  
    83     56      0.0         0.0        0.0        0.0        0.0        0.0  
    84     55      0.0         0.0        0.0        0.0        0.0        0.0  
    84     59      0.0         0.0        0.0        0.0        0.0        0.0  
    85     56      0.0         0.0        0.0        0.0        0.0        0.0  
    85     60      0.0         0.0        0.0        0.0        0.0        0.0  
    86      3      0.0         0.0        0.0        0.0        0.0        0.0  
    86      4      0.0         0.0        0.0        0.0        0.0        0.0  
    87      7      0.0         0.0        0.0        0.0        0.0        0.0  
    87      8      0.0         0.0        0.0        0.0        0.0        0.0  
    88     11      0.0         0.0        0.0        0.0        0.0        0.0  
    88     12      0.0         0.0        0.0        0.0        0.0        0.0  
    89     15      0.0         0.0        0.0        0.0        0.0        0.0  
    89     16      0.0         0.0        0.0        0.0        0.0        0.0  
    90     19      0.0         0.0        0.0        0.0        0.0        0.0  
    90     20      0.0         0.0        0.0        0.0        0.0        0.0  
    91     23      0.0         0.0        0.0        0.0        0.0        0.0  
    91     24      0.0         0.0        0.0        0.0        0.0        0.0  
    92     27      0.0         0.0        0.0        0.0        0.0        0.0  
    92     28      0.0         0.0        0.0        0.0        0.0        0.0  
    93     31      0.0         0.0        0.0        0.0        0.0        0.0  
    93     32      0.0         0.0        0.0        0.0        0.0        0.0  
    94     35      0.0         0.0        0.0        0.0        0.0        0.0  
    94     36      0.0         0.0        0.0        0.0        0.0        0.0  
    95     39      0.0         0.0        0.0        0.0        0.0        0.0  
    95     40      0.0         0.0        0.0        0.0        0.0        0.0  
    96     43      0.0         0.0        0.0        0.0        0.0        0.0  
    96     44      0.0         0.0        0.0        0.0        0.0        0.0  
    97     47      0.0         0.0        0.0        0.0        0.0        0.0  
    97     48      0.0         0.0        0.0        0.0        0.0        0.0  
    98     51      0.0         0.0        0.0        0.0        0.0        0.0  
    98     52      0.0         0.0        0.0        0.0        0.0        0.0  
    99     55      0.0         0.0        0.0        0.0        0.0        0.0  
    99     56      0.0         0.0        0.0        0.0        0.0        0.0  
   100     59      0.0         0.0        0.0        0.0        0.0        0.0  
   100     60      0.0         0.0        0.0        0.0        0.0        0.0  
   101      4      0.0         0.0        0.0        0.0        0.0        0.0  
   101      7      0.0         0.0        0.0        0.0        0.0        0.0  
   102      8      0.0         0.0        0.0        0.0        0.0        0.0  
   102     11      0.0         0.0        0.0        0.0        0.0        0.0  
   103     12      0.0         0.0        0.0        0.0        0.0        0.0  
   103     15      0.0         0.0        0.0        0.0        0.0        0.0  
   104     16      0.0         0.0        0.0        0.0        0.0        0.0  
   104     19      0.0         0.0        0.0        0.0        0.0        0.0  
   105     20      0.0         0.0        0.0        0.0        0.0        0.0  
   105     23      0.0         0.0        0.0        0.0        0.0        0.0  
   106     24      0.0         0.0        0.0        0.0        0.0        0.0  
   106     27      0.0         0.0        0.0        0.0        0.0        0.0  
   107     28      0.0         0.0        0.0        0.0        0.0        0.0  
   107     31      0.0         0.0        0.0        0.0        0.0        0.0  
   108     31      0.0         0.0        0.0        0.0        0.0        0.0  
   108     36      0.0         0.0        0.0        0.0        0.0        0.0  
   109     35      0.0         0.0        0.0        0.0        0.0        0.0  
   109     40      0.0         0.0        0.0        0.0        0.0        0.0  
   110     39      0.0         0.0        0.0        0.0        0.0        0.0  
   110     44      0.0         0.0        0.0        0.0        0.0        0.0  
   111     43      0.0         0.0        0.0        0.0        0.0        0.0  
   111     48      0.0         0.0        0.0        0.0        0.0        0.0  
   112     47      0.0         0.0        0.0        0.0        0.0        0.0  
   112     52      0.0         0.0        0.0        0.0        0.0        0.0  
   113     51      0.0         0.0        0.0        0.0        0.0        0.0  
   113     56      0.0         0.0        0.0        0.0        0.0        0.0  
   114     55      0.0         0.0        0.0        0.0        0.0        0.0  
   114     60      0.0         0.0        0.0        0.0        0.0        0.0  
   115      1      0.0         0.0        0.0        0.0        0.0        0.0  
   115      3      0.0         0.0        0.0        0.0        0.0        0.0  
   116      2      0.0         0.0        0.0        0.0        0.0        0.0  
   116      4      0.0         0.0        0.0        0.0        0.0        0.0  
   117      5      0.0         0.0        0.0        0.0        0.0        0.0  
   117      7      0.0         0.0        0.0        0.0        0.0        0.0  
   118      6      0.0         0.0        0.0        0.0        0.0        0.0  
   118      8      0.0         0.0        0.0        0.0        0.0        0.0  
   119      9      0.0         0.0        0.0        0.0        0.0        0.0  
   119     11      0.0         0.0        0.0        0.0        0.0        0.0  
   120     10      0.0         0.0        0.0        0.0        0.0        0.0  
   120     12      0.0         0.0        0.0        0.0        0.0        0.0  
   121     13      0.0         0.0        0.0        0.0        0.0        0.0  
   121     15      0.0         0.0        0.0        0.0        0.0        0.0  
   122     14      0.0         0.0        0.0        0.0        0.0        0.0  
   122     16      0.0         0.0        0.0        0.0        0.0        0.0  
   123     17      0.0         0.0        0.0        0.0        0.0        0.0  
   123     19      0.0         0.0        0.0        0.0        0.0        0.0  
   124     18      0.0         0.0        0.0        0.0        0.0        0.0  
   124     20      0.0         0.0        0.0        0.0        0.0        0.0  
   125     21      0.0         0.0        0.0        0.0        0.0        0.0  
   125     23      0.0         0.0        0.0        0.0        0.0        0.0  
   126     22      0.0         0.0        0.0        0.0        0.0        0.0  
   126     24      0.0         0.0        0.0        0.0        0.0        0.0  
   127     25      0.0         0.0        0.0        0.0        0.0        0.0  
   127     27      0.0         0.0        0.0        0.0        0.0        0.0  
   128     26      0.0         0.0        0.0        0.0        0.0        0.0  
   128     28      0.0         0.0        0.0        0.0        0.0        0.0  
   129     29      0.0         0.0        0.0        0.0        0.0        0.0  
   129     31      0.0         0.0        0.0        0.0        0.0        0.0  
   130     30      0.0         0.0        0.0        0.0        0.0        0.0  
   130     32      0.0         0.0        0.0        0.0        0.0        0.0  
   131     33      0.0         0.0        0.0        0.0        0.0        0.0  
   131     35      0.0         0.0        0.0        0.0        0.0        0.0  
   132     34      0.0         0.0        0.0        0.0        0.0        0.0  
   132     36      0.0         0.0        0.0        0.0        0.0        0.0  
   133     37      0.0         0.0        0.0        0.0        0.0        0.0  
   133     39      0.0         0.0        0.0        0.0        0.0        0.0  
   134     38      0.0         0.0        0.0        0.0        0.0        0.0  
   134     40      0.0         0.0        0.0        0.0        0.0        0.0  
   135     41      0.0         0.0        0.0        0.0        0.0        0.0  
   135     43      0.0         0.0        0.0        0.0        0.0        0.0  
   136     42      0.0         0.0        0.0        0.0        0.0        0.0  
   136     44      0.0         0.0        0.0        0.0        0.0        0.0  
   137     45      0.0         0.0        0.0        0.0        0.0        0.0  
   137     47      0.0         0.0        0.0        0.0        0.0        0.0  
   138     46      0.0         0.0        0.0        0.0        0.0        0.0  
   138     48      0.0         0.0        0.0        0.0        0.0        0.0  
   139     49      0.0         0.0        0.0        0.0        0.0        0.0  
   139     51      0.0         0.0        0.0        0.0        0.0        0.0  
   140     50      0.0         0.0        0.0        0.0        0.0        0.0  
   140     52      0.0         0.0        0.0        0.0        0.0        0.0  
   141     53      0.0         0.0        0.0        0.0        0.0        0.0  
   141     55      0.0         0.0        0.0        0.0        0.0        0.0  
   142     54      0.0         0.0        0.0        0.0        0.0        0.0  
   142     56      0.0         0.0        0.0        0.0        0.0        0.0  
   143     57      0.0         0.0        0.0        0.0        0.0        0.0  
   143     59      0.0         0.0        0.0        0.0        0.0        0.0  
   144     58      0.0         0.0        0.0        0.0        0.0        0.0  
   144     60      0.0         0.0        0.0        0.0        0.0        0.0  
   145      1      0.0         0.0        0.0        0.0        0.0        0.0  
   145      7      0.0         0.0        0.0        0.0        0.0        0.0  
   146      3      0.0         0.0        0.0        0.0        0.0        0.0  
   146      5      0.0         0.0        0.0        0.0        0.0        0.0  
   147      2      0.0         0.0        0.0        0.0        0.0        0.0  
   147      8      0.0         0.0        0.0        0.0        0.0        0.0  
   148      4      0.0         0.0        0.0        0.0        0.0        0.0  
   148      6      0.0         0.0        0.0        0.0        0.0        0.0  
   149      5      0.0         0.0        0.0        0.0        0.0        0.0  
   149     11      0.0         0.0        0.0        0.0        0.0        0.0  
   150      7      0.0         0.0        0.0        0.0        0.0        0.0  
   150      9      0.0         0.0        0.0        0.0        0.0        0.0  
   151      6      0.0         0.0        0.0        0.0        0.0        0.0  
   151     12      0.0         0.0        0.0        0.0        0.0        0.0  
   152      8      0.0         0.0        0.0        0.0        0.0        0.0  
   152     10      0.0         0.0        0.0        0.0        0.0        0.0  
   153      9      0.0         0.0        0.0        0.0        0.0        0.0  
   153     15      0.0         0.0        0.0        0.0        0.0        0.0  
   154     11      0.0         0.0        0.0        0.0        0.0        0.0  
   154     13      0.0         0.0        0.0        0.0        0.0        0.0  
   155     10      0.0         0.0        0.0        0.0        0.0        0.0  
   155     16      0.0         0.0        0.0        0.0        0.0        0.0  
   156     12      0.0         0.0        0.0        0.0        0.0        0.0  
   156     14      0.0         0.0        0.0        0.0        0.0        0.0  
   157     13      0.0         0.0        0.0        0.0        0.0        0.0  
   157     19      0.0         0.0        0.0        0.0        0.0        0.0  
   158     15      0.0         0.0        0.0        0.0        0.0        0.0  
   158     17      0.0         0.0        0.0        0.0        0.0        0.0  
   159     14      0.0         0.0        0.0        0.0        0.0        0.0  
   159     20      0.0         0.0        0.0        0.0        0.0        0.0  
   160     16      0.0         0.0        0.0        0.0        0.0        0.0  
   160     18      0.0         0.0        0.0        0.0        0.0        0.0  
   161     17      0.0         0.0        0.0        0.0        0.0        0.0  
   161     23      0.0         0.0        0.0        0.0        0.0        0.0  
   162     19      0.0         0.0        0.0        0.0        0.0        0.0  
   162     21      0.0         0.0        0.0        0.0        0.0        0.0  
   163     18      0.0         0.0        0.0        0.0        0.0        0.0  
   163     24      0.0         0.0        0.0        0.0        0.0        0.0  
   164     20      0.0         0.0        0.0        0.0        0.0        0.0  
   164     22      0.0         0.0        0.0        0.0        0.0        0.0  
   165     21      0.0         0.0        0.0        0.0        0.0        0.0  
   165     27      0.0         0.0        0.0        0.0        0.0        0.0  
   166     23      0.0         0.0        0.0        0.0        0.0        0.0  
   166     25      0.0         0.0        0.0        0.0        0.0        0.0  
   167     22      0.0         0.0        0.0        0.0        0.0        0.0  
   167     28      0.0         0.0        0.0        0.0        0.0        0.0  
   168     24      0.0         0.0        0.0        0.0        0.0        0.0  
   168     26      0.0         0.0        0.0        0.0        0.0        0.0  
   169     25      0.0         0.0        0.0        0.0        0.0        0.0  
   169     31      0.0         0.0        0.0        0.0        0.0        0.0  
   170     27      0.0         0.0        0.0        0.0        0.0        0.0  
   170     29      0.0         0.0        0.0        0.0        0.0        0.0  
   171     26      0.0         0.0        0.0        0.0        0.0        0.0  
   171     32      0.0         0.0        0.0        0.0        0.0        0.0  
   172     28      0.0         0.0        0.0        0.0        0.0        0.0  
   172     30      0.0         0.0        0.0        0.0        0.0        0.0  
   173     29      0.0         0.0        0.0        0.0        0.0        0.0  
   173     35      0.0         0.0        0.0        0.0        0.0        0.0  
   174     31      0.0         0.0        0.0        0.0        0.0        0.0  
   174     33      0.0         0.0        0.0        0.0        0.0        0.0  
   175     30      0.0         0.0        0.0        0.0        0.0        0.0  
   175     36      0.0         0.0        0.0        0.0        0.0        0.0  
   176     32      0.0         0.0        0.0        0.0        0.0        0.0  
   176     34      0.0         0.0        0.0        0.0        0.0        0.0  
   177     33      0.0         0.0        0.0        0.0        0.0        0.0  
   177     39      0.0         0.0        0.0        0.0        0.0        0.0  
   178     35      0.0         0.0        0.0        0.0        0.0        0.0  
   178     37      0.0         0.0        0.0        0.0        0.0        0.0  
   179     34      0.0         0.0        0.0        0.0        0.0        0.0  
   179     40      0.0         0.0        0.0        0.0        0.0        0.0  
   180     36      0.0         0.0        0.0        0.0        0.0        0.0  
   180     38      0.0         0.0        0.0        0.0        0.0        0.0  
   181     37      0.0         0.0        0.0        0.0        0.0        0.0  
   181     43      0.0         0.0        0.0        0.0        0.0        0.0  
   182     39      0.0         0.0        0.0        0.0        0.0        0.0  
   182     41      0.0         0.0        0.0        0.0        0.0        0.0  
   183     38      0.0         0.0        0.0        0.0        0.0        0.0  
   183     44      0.0         0.0        0.0        0.0        0.0        0.0  
   184     40      0.0         0.0        0.0        0.0        0.0        0.0  
   184     42      0.0         0.0        0.0        0.0        0.0        0.0  
   185     41      0.0         0.0        0.0        0.0        0.0        0.0  
   185     47      0.0         0.0        0.0        0.0        0.0        0.0  
   186     43      0.0         0.0        0.0        0.0        0.0        0.0  
   186     45      0.0         0.0        0.0        0.0        0.0        0.0  
   187     42      0.0         0.0        0.0        0.0        0.0        0.0  
   187     48      0.0         0.0        0.0        0.0        0.0        0.0  
   188     44      0.0         0.0        0.0        0.0        0.0        0.0  
   188     46      0.0         0.0        0.0        0.0        0.0        0.0  
   189     45      0.0         0.0        0.0        0.0        0.0        0.0  
   189     51      0.0         0.0        0.0        0.0        0.0        0.0  
   190     47      0.0         0.0        0.0        0.0        0.0        0.0  
   190     49      0.0         0.0        0.0        0.0        0.0        0.0  
   191     46      0.0         0.0        0.0        0.0        0.0        0.0  
   191     52      0.0         0.0        0.0        0.0        0.0        0.0  
   192     48      0.0         0.0        0.0        0.0        0.0        0.0  
   192     50      0.0         0.0        0.0        0.0        0.0        0.0  
   193     49      0.0         0.0        0.0        0.0        0.0        0.0  
   193     55      0.0         0.0        0.0        0.0        0.0        0.0  
   194     51      0.0         0.0        0.0        0.0        0.0        0.0  
   194     53      0.0         0.0        0.0        0.0        0.0        0.0  
   195     50      0.0         0.0        0.0        0.0        0.0        0.0  
   195     56      0.0         0.0        0.0        0.0        0.0        0.0  
   196     52      0.0         0.0        0.0        0.0        0.0        0.0  
   196     54      0.0         0.0        0.0        0.0        0.0        0.0  
   197     53      0.0         0.0        0.0        0.0        0.0        0.0  
   197     59      0.0         0.0        0.0        0.0        0.0        0.0  
   198     55      0.0         0.0        0.0        0.0        0.0        0.0  
   198     57      0.0         0.0        0.0        0.0        0.0        0.0  
   199     54      0.0         0.0        0.0        0.0        0.0        0.0  
   199     60      0.0         0.0        0.0        0.0        0.0        0.0  
   200     56      0.0         0.0        0.0        0.0        0.0        0.0  
   200     58      0.0         0.0        0.0        0.0        0.0        0.0  
   201      1      0.0         0.0        0.0        0.0        0.0        0.0  
   201      4      0.0         0.0        0.0        0.0        0.0        0.0  
   202      2      0.0         0.0        0.0        0.0        0.0        0.0  
   202      3      0.0         0.0        0.0        0.0        0.0        0.0  
   203      5      0.0         0.0        0.0        0.0        0.0        0.0  
   203      8      0.0         0.0        0.0        0.0        0.0        0.0  
   204      6      0.0         0.0        0.0        0.0        0.0        0.0  
   204      7      0.0         0.0        0.0        0.0        0.0        0.0  
   205      9      0.0         0.0        0.0        0.0        0.0        0.0  
   205     12      0.0         0.0        0.0        0.0        0.0        0.0  
   206     10      0.0         0.0        0.0        0.0        0.0        0.0  
   206     11      0.0         0.0        0.0        0.0        0.0        0.0  
   207     13      0.0         0.0        0.0        0.0        0.0        0.0  
   207     16      0.0         0.0        0.0        0.0        0.0        0.0  
   208     14      0.0         0.0        0.0        0.0        0.0        0.0  
   208     15      0.0         0.0        0.0        0.0        0.0        0.0  
   209     17      0.0         0.0        0.0        0.0        0.0        0.0  
   209     20      0.0         0.0        0.0        0.0        0.0        0.0  
   210     18      0.0         0.0        0.0        0.0        0.0        0.0  
   210     19      0.0         0.0        0.0        0.0        0.0        0.0  
   211     21      0.0         0.0        0.0        0.0        0.0        0.0  
   211     24      0.0         0.0        0.0        0.0        0.0        0.0  
   212     22      0.0         0.0        0.0        0.0        0.0        0.0  
   212     23      0.0         0.0        0.0        0.0        0.0        0.0  
   213     25      0.0         0.0        0.0        0.0        0.0        0.0  
   213     28      0.0         0.0        0.0        0.0        0.0        0.0  
   214     26      0.0         0.0        0.0        0.0        0.0        0.0  
   214     27      0.0         0.0        0.0        0.0        0.0        0.0  
   215     29      0.0         0.0        0.0        0.0        0.0        0.0  
   215     32      0.0         0.0        0.0        0.0        0.0        0.0  
   216     30      0.0         0.0        0.0        0.0        0.0        0.0  
   216     31      0.0         0.0        0.0        0.0        0.0        0.0  
   217     33      0.0         0.0        0.0        0.0        0.0        0.0  
   217     36      0.0         0.0        0.0        0.0        0.0        0.0  
   218     34      0.0         0.0        0.0        0.0        0.0        0.0  
   218     35      0.0         0.0        0.0        0.0        0.0        0.0  
   219     37      0.0         0.0        0.0        0.0        0.0        0.0  
   219     40      0.0         0.0        0.0        0.0        0.0        0.0  
   220     38      0.0         0.0        0.0        0.0        0.0        0.0  
   220     39      0.0         0.0        0.0        0.0        0.0        0.0  
   221     41      0.0         0.0        0.0        0.0        0.0        0.0  
   221     44      0.0         0.0        0.0        0.0        0.0        0.0  
   222     42      0.0         0.0        0.0        0.0        0.0        0.0  
   222     43      0.0         0.0        0.0        0.0        0.0        0.0  
   223     45      0.0         0.0        0.0        0.0        0.0        0.0  
   223     48      0.0         0.0        0.0        0.0        0.0        0.0  
   224     46      0.0         0.0        0.0        0.0        0.0        0.0  
   224     47      0.0         0.0        0.0        0.0        0.0        0.0  
   225     49      0.0         0.0        0.0        0.0        0.0        0.0  
   225     52      0.0         0.0        0.0        0.0        0.0        0.0  
   226     50      0.0         0.0        0.0        0.0        0.0        0.0  
   226     51      0.0         0.0        0.0        0.0        0.0        0.0  
   227     53      0.0         0.0        0.0        0.0        0.0        0.0  
   227     56      0.0         0.0        0.0        0.0        0.0        0.0  
   228     54      0.0         0.0        0.0        0.0        0.0        0.0  
   228     55      0.0         0.0        0.0        0.0        0.0        0.0  
   229     57      0.0         0.0        0.0        0.0        0.0        0.0  
   229     60      0.0         0.0        0.0        0.0        0.0        0.0  
   230     58      0.0         0.0        0.0        0.0        0.0        0.0  
   230     59      0.0         0.0        0.0        0.0        0.0        0.0  
   231      1      0.0         0.0        0.0        0.0        0.0        0.0  
   231      5      0.0         0.0        0.0        0.0        0.0        0.0  
   232     53      0.0         0.0        0.0        0.0        0.0        0.0  
   232     57      0.0         0.0        0.0        0.0        0.0        0.0  
   233      3      0.0         0.0        0.0        0.0        0.0        0.0  
   233      7      0.0         0.0        0.0        0.0        0.0        0.0  
   234     55      0.0         0.0        0.0        0.0        0.0        0.0  
   234     59      0.0         0.0        0.0        0.0        0.0        0.0  
R E A C T I O N S							(global)
  Node        Fx          Fy          Fz         Mxx         Myy         Mzz
     5       0.0         0.0         0.000       0.000       0.000       0.000
     7       0.0         0.0         0.000       0.000       0.000       0.000
    53       0.0         0.0         0.000       0.000       0.000       0.000
    55       0.0         0.0         0.000       0.000       0.000       0.000
R M S    R E L A T I V E    E Q U I L I B R I U M    E R R O R: 1.000e+000

P E A K   F R A M E   E L E M E N T   I N T E R N A L   F O R C E S(local)", 
  Elmnt   .         Nx          Vy         Vz        Txx        Myy        Mzz
     1   max       0.000      -0.000      0.000      0.000      0.000     -0.000
     1   min       0.000      -0.000      0.000      0.000      0.000     -0.000
     2   max       0.000      -0.000      0.000      0.000      0.000     -0.000
     2   min       0.000      -0.000      0.000      0.000      0.000     -0.000
     3   max       0.000      -0.000      0.000      0.000      0.000     -0.000
     3   min       0.000      -0.000      0.000      0.000      0.000     -0.000
     4   max       0.000      -0.000      0.000      0.000      0.000     -0.000
     4   min       0.000      -0.000      0.000      0.000      0.000     -0.000
     5   max       0.000      -0.000      0.000      0.000      0.000     -0.000
     5   min       0.000      -0.000      0.000      0.000      0.000     -0.000
     6   max       0.000      -0.000      0.000      0.000      0.000     -0.000
     6   min       0.000      -0.000      0.000      0.000      0.000     -0.000
     7   max       0.000      -0.000      0.000      0.000      0.000     -0.000
     7   min       0.000      -0.000      0.000      0.000      0.000     -0.000
     8   max       0.000      -0.000      0.000      0.000      0.000     -0.000
     8   min       0.000      -0.000      0.000      0.000      0.000     -0.000
     9   max       0.000      -0.000      0.000      0.000      0.000     -0.000
     9   min       0.000      -0.000      0.000      0.000      0.000     -0.000
    10   max       0.000      -0.000      0.000      0.000      0.000     -0.000
    10   min       0.000      -0.000      0.000      0.000      0.000     -0.000
    11   max       0.000      -0.000      0.000      0.000      0.000     -0.000
    11   min       0.000      -0.000      0.000      0.000      0.000     -0.000
    12   max       0.000      -0.000      0.000      0.000      0.000     -0.000
    12   min       0.000      -0.000      0.000      0.000      0.000     -0.000
    13   max       0.000      -0.000      0.000      0.000      0.000     -0.000
    13   min       0.000      -0.000      0.000      0.000      0.000     -0.000
    14   max       0.000      -0.000      0.000      0.000      0.000     -0.000
    14   min       0.000      -0.000      0.000      0.000      0.000     -0.000
    15   max       0.000      -0.000      0.000      0.000      0.000     -0.000
    15   min       0.000      -0.000      0.000      0.000      0.000     -0.000
    16   max       0.000      -0.000      0.000      0.000      0.000     -0.000
    16   min       0.000      -0.000      0.000      0.000      0.000     -0.000
    17   max       0.000      -0.000      0.000      0.000      0.000     -0.000
    17   min       0.000      -0.000      0.000      0.000      0.000     -0.000
    18   max       0.000      -0.000      0.000      0.000      0.000     -0.000
    18   min       0.000      -0.000      0.000      0.000      0.000     -0.000
    19   max       0.000      -0.000      0.000      0.000      0.000     -0.000
    19   min       0.000      -0.000      0.000      0.000      0.000     -0.000
    20   max       0.000      -0.000      0.000      0.000      0.000     -0.000
    20   min       0.000      -0.000      0.000      0.000      0.000     -0.000
    21   max       0.000      -0.000      0.000      0.000      0.000     -0.000
    21   min       0.000      -0.000      0.000      0.000      0.000     -0.000
    22   max       0.000      -0.000      0.000      0.000      0.000     -0.000
    22   min       0.000      -0.000      0.000      0.000      0.000     -0.000
    23   max       0.000      -0.000      0.000      0.000      0.000     -0.000
    23   min       0.000      -0.000      0.000      0.000      0.000     -0.000
    24   max       0.000      -0.000      0.000      0.000      0.000     -0.000
    24   min       0.000      -0.000      0.000      0.000      0.000     -0.000
    25   max       0.000      -0.000      0.000      0.000      0.000     -0.000
    25   min       0.000      -0.000      0.000      0.000      0.000     -0.000
    26   max       0.000      -0.000      0.000      0.000      0.000     -0.000
    26   min       0.000      -0.000      0.000      0.000      0.000     -0.000
    27   max       0.000      -0.000      0.000      0.000      0.000     -0.000
    27   min       0.000      -0.000      0.000      0.000      0.000     -0.000
    28   max       0.000      -0.000      0.000      0.000      0.000     -0.000
    28   min       0.000      -0.000      0.000      0.000      0.000     -0.000
    29   max       0.000      -0.000      0.000      0.000      0.000     -0.000
    29   min       0.000      -0.000      0.000      0.000      0.000     -0.000
    30   max       0.000      -0.000      0.000      0.000      0.000     -0.000
    30   min       0.000      -0.000      0.000      0.000      0.000     -0.000
    31   max       0.000      -0.000      0.000      0.000      0.000     -0.000
    31   min       0.000      -0.000      0.000      0.000      0.000     -0.000
    32   max       0.000      -0.000      0.000      0.000      0.000     -0.000
    32   min       0.000      -0.000      0.000      0.000      0.000     -0.000
    33   max       0.000      -0.000      0.000      0.000      0.000     -0.000
    33   min       0.000      -0.000      0.000      0.000      0.000     -0.000
    34   max       0.000      -0.000      0.000      0.000      0.000     -0.000
    34   min       0.000      -0.000      0.000      0.000      0.000     -0.000
    35   max       0.000      -0.000      0.000      0.000      0.000     -0.000
    35   min       0.000      -0.000      0.000      0.000      0.000     -0.000
    36   max       0.000      -0.000      0.000      0.000      0.000     -0.000
    36   min       0.000      -0.000      0.000      0.000      0.000     -0.000
    37   max       0.000      -0.000      0.000      0.000      0.000     -0.000
    37   min       0.000      -0.000      0.000      0.000      0.000     -0.000
    38   max       0.000      -0.000      0.000      0.000      0.000     -0.000
    38   min       0.000      -0.000      0.000      0.000      0.000     -0.000
    39   max       0.000      -0.000      0.000      0.000      0.000     -0.000
    39   min       0.000      -0.000      0.000      0.000      0.000     -0.000
    40   max       0.000      -0.000      0.000      0.000      0.000     -0.000
    40   min       0.000      -0.000      0.000      0.000      0.000     -0.000
    41   max       0.000      -0.000      0.000      0.000      0.000     -0.000
    41   min       0.000      -0.000      0.000      0.000      0.000     -0.000
    42   max       0.000      -0.000      0.000      0.000      0.000     -0.000
    42   min       0.000      -0.000      0.000      0.000      0.000     -0.000
    43   max       0.000      -0.000      0.000      0.000      0.000     -0.000
    43   min       0.000      -0.000      0.000      0.000      0.000     -0.000
    44   max       0.000      -0.000      0.000      0.000      0.000     -0.000
    44   min       0.000      -0.000      0.000      0.000      0.000     -0.000
    45   max       0.000      -0.000      0.000      0.000      0.000     -0.000
    45   min       0.000      -0.000      0.000      0.000      0.000     -0.000
    46   max       0.000      -0.000      0.000      0.000      0.000     -0.000
    46   min       0.000      -0.000      0.000      0.000      0.000     -0.000
    47   max       0.000      -0.000      0.000      0.000      0.000     -0.000
    47   min       0.000      -0.000      0.000      0.000      0.000     -0.000
    48   max       0.000      -0.000      0.000      0.000      0.000     -0.000
    48   min       0.000      -0.000      0.000      0.000      0.000     -0.000
    49   max       0.000      -0.000      0.000      0.000      0.000     -0.000
    49   min       0.000      -0.000      0.000      0.000      0.000     -0.000
    50   max       0.000      -0.000      0.000      0.000      0.000     -0.000
    50   min       0.000      -0.000      0.000      0.000      0.000     -0.000
    51   max       0.000      -0.000      0.000      0.000      0.000     -0.000
    51   min       0.000      -0.000      0.000      0.000      0.000     -0.000
    52   max       0.000      -0.000      0.000      0.000      0.000     -0.000
    52   min       0.000      -0.000      0.000      0.000      0.000     -0.000
    53   max       0.000      -0.000      0.000      0.000      0.000     -0.000
    53   min       0.000      -0.000      0.000      0.000      0.000     -0.000
    54   max       0.000      -0.000      0.000      0.000      0.000     -0.000
    54   min       0.000      -0.000      0.000      0.000      0.000     -0.000
    55   max       0.000      -0.000      0.000      0.000      0.000     -0.000
    55   min       0.000      -0.000      0.000      0.000      0.000     -0.000
    56   max       0.000      -0.000      0.000      0.000      0.000     -0.000
    56   min       0.000      -0.000      0.000      0.000      0.000     -0.000
    57   max       0.000      -0.000      0.000      0.000      0.000     -0.000
    57   min       0.000      -0.000      0.000      0.000      0.000     -0.000
    58   max       0.000      -0.000      0.000      0.000      0.000     -0.000
    58   min       0.000      -0.000      0.000      0.000      0.000     -0.000
    59   max       0.000      -0.000      0.000      0.000      0.000     -0.000
    59   min       0.000      -0.000      0.000      0.000      0.000     -0.000
    60   max       0.000      -0.000      0.000      0.000      0.000     -0.000
    60   min       0.000      -0.000      0.000      0.000      0.000     -0.000
    61   max       0.000      -0.000      0.000      0.000      0.000     -0.000
    61   min       0.000      -0.000      0.000      0.000      0.000     -0.000
    62   max       0.000      -0.000      0.000      0.000      0.000     -0.000
    62   min       0.000      -0.000      0.000      0.000      0.000     -0.000
    63   max       0.000      -0.000      0.000      0.000      0.000     -0.000
    63   min       0.000      -0.000      0.000      0.000      0.000     -0.000
    64   max       0.000      -0.000      0.000      0.000      0.000     -0.000
    64   min       0.000      -0.000      0.000      0.000      0.000     -0.000
    65   max       0.000      -0.000      0.000      0.000      0.000     -0.000
    65   min       0.000      -0.000      0.000      0.000      0.000     -0.000
    66   max       0.000      -0.000      0.000      0.000      0.000     -0.000
    66   min       0.000      -0.000      0.000      0.000      0.000     -0.000
    67   max       0.000      -0.000      0.000      0.000      0.000     -0.000
    67   min       0.000      -0.000      0.000      0.000      0.000     -0.000
    68   max       0.000      -0.000      0.000      0.000      0.000     -0.000
    68   min       0.000      -0.000      0.000      0.000      0.000     -0.000
    69   max       0.000      -0.000      0.000      0.000      0.000     -0.000
    69   min       0.000      -0.000      0.000      0.000      0.000     -0.000
    70   max       0.000      -0.000      0.000      0.000      0.000     -0.000
    70   min       0.000      -0.000      0.000      0.000      0.000     -0.000
    71   max       0.000      -0.000      0.000      0.000      0.000     -0.000
    71   min       0.000      -0.000      0.000      0.000      0.000     -0.000
    72   max       0.000      -0.000      0.000      0.000      0.000     -0.000
    72   min       0.000      -0.000      0.000      0.000      0.000     -0.000
    73   max       0.000      -0.000      0.000      0.000      0.000     -0.000
    73   min       0.000      -0.000      0.000      0.000      0.000     -0.000
    74   max       0.000      -0.000      0.000      0.000      0.000     -0.000
    74   min       0.000      -0.000      0.000      0.000      0.000     -0.000
    75   max       0.000      -0.000      0.000      0.000      0.000     -0.000
    75   min       0.000      -0.000      0.000      0.000      0.000     -0.000
    76   max       0.000      -0.000      0.000      0.000      0.000     -0.000
    76   min       0.000      -0.000      0.000      0.000      0.000     -0.000
    77   max       0.000      -0.000      0.000      0.000      0.000     -0.000
    77   min       0.000      -0.000      0.000      0.000      0.000     -0.000
    78   max       0.000      -0.000      0.000      0.000      0.000     -0.000
    78   min       0.000      -0.000      0.000      0.000      0.000     -0.000
    79   max       0.000      -0.000      0.000      0.000      0.000     -0.000
    79   min       0.000      -0.000      0.000      0.000      0.000     -0.000
    80   max       0.000      -0.000      0.000      0.000      0.000     -0.000
    80   min       0.000      -0.000      0.000      0.000      0.000     -0.000
    81   max       0.000      -0.000      0.000      0.000      0.000     -0.000
    81   min       0.000      -0.000      0.000      0.000      0.000     -0.000
    82   max       0.000      -0.000      0.000      0.000      0.000     -0.000
    82   min       0.000      -0.000      0.000      0.000      0.000     -0.000
    83   max       0.000      -0.000      0.000      0.000      0.000     -0.000
    83   min       0.000      -0.000      0.000      0.000      0.000     -0.000
    84   max       0.000      -0.000      0.000      0.000      0.000     -0.000
    84   min       0.000      -0.000      0.000      0.000      0.000     -0.000
    85   max       0.000      -0.000      0.000      0.000      0.000     -0.000
    85   min       0.000      -0.000      0.000      0.000      0.000     -0.000
    86   max       0.000      -0.000      0.000      0.000      0.000     -0.000
    86   min       0.000      -0.000      0.000      0.000      0.000     -0.000
    87   max       0.000      -0.000      0.000      0.000      0.000     -0.000
    87   min       0.000      -0.000      0.000      0.000      0.000     -0.000
    88   max       0.000      -0.000      0.000      0.000      0.000     -0.000
    88   min       0.000      -0.000      0.000      0.000      0.000     -0.000
    89   max       0.000      -0.000      0.000      0.000      0.000     -0.000
    89   min       0.000      -0.000      0.000      0.000      0.000     -0.000
    90   max       0.000      -0.000      0.000      0.000      0.000     -0.000
    90   min       0.000      -0.000      0.000      0.000      0.000     -0.000
    91   max       0.000      -0.000      0.000      0.000      0.000     -0.000
    91   min       0.000      -0.000      0.000      0.000      0.000     -0.000
    92   max       0.000      -0.000      0.000      0.000      0.000     -0.000
    92   min       0.000      -0.000      0.000      0.000      0.000     -0.000
    93   max       0.000      -0.000      0.000      0.000      0.000     -0.000
    93   min       0.000      -0.000      0.000      0.000      0.000     -0.000
    94   max       0.000      -0.000      0.000      0.000      0.000     -0.000
    94   min       0.000      -0.000      0.000      0.000      0.000     -0.000
    95   max       0.000      -0.000      0.000      0.000      0.000     -0.000
    95   min       0.000      -0.000      0.000      0.000      0.000     -0.000
    96   max       0.000      -0.000      0.000      0.000      0.000     -0.000
    96   min       0.000      -0.000      0.000      0.000      0.000     -0.000
    97   max       0.000      -0.000      0.000      0.000      0.000     -0.000
    97   min       0.000      -0.000      0.000      0.000      0.000     -0.000
    98   max       0.000      -0.000      0.000      0.000      0.000     -0.000
    98   min       0.000      -0.000      0.000      0.000      0.000     -0.000
    99   max       0.000      -0.000      0.000      0.000      0.000     -0.000
    99   min       0.000      -0.000      0.000      0.000      0.000     -0.000
   100   max       0.000      -0.000      0.000      0.000      0.000     -0.000
   100   min       0.000      -0.000      0.000      0.000      0.000     -0.000
   101   max       0.000      -0.000      0.000      0.000      0.000     -0.000
   101   min       0.000      -0.000      0.000      0.000      0.000     -0.000
   102   max       0.000      -0.000      0.000      0.000      0.000     -0.000
   102   min       0.000      -0.000      0.000      0.000      0.000     -0.000
   103   max       0.000      -0.000      0.000      0.000      0.000     -0.000
   103   min       0.000      -0.000      0.000      0.000      0.000     -0.000
   104   max       0.000      -0.000      0.000      0.000      0.000     -0.000
   104   min       0.000      -0.000      0.000      0.000      0.000     -0.000
   105   max       0.000      -0.000      0.000      0.000      0.000     -0.000
   105   min       0.000      -0.000      0.000      0.000      0.000     -0.000
   106   max       0.000      -0.000      0.000      0.000      0.000     -0.000
   106   min       0.000      -0.000      0.000      0.000      0.000     -0.000
   107   max       0.000      -0.000      0.000      0.000      0.000     -0.000
   107   min       0.000      -0.000      0.000      0.000      0.000     -0.000
   108   max       0.000      -0.000      0.000      0.000      0.000     -0.000
   108   min       0.000      -0.000      0.000      0.000      0.000     -0.000
   109   max       0.000      -0.000      0.000      0.000      0.000     -0.000
   109   min       0.000      -0.000      0.000      0.000      0.000     -0.000
   110   max       0.000      -0.000      0.000      0.000      0.000     -0.000
   110   min       0.000      -0.000      0.000      0.000      0.000     -0.000
   111   max       0.000      -0.000      0.000      0.000      0.000     -0.000
   111   min       0.000      -0.000      0.000      0.000      0.000     -0.000
   112   max       0.000      -0.000      0.000      0.000      0.000     -0.000
   112   min       0.000      -0.000      0.000      0.000      0.000     -0.000
   113   max       0.000      -0.000      0.000      0.000      0.000     -0.000
   113   min       0.000      -0.000      0.000      0.000      0.000     -0.000
   114   max       0.000      -0.000      0.000      0.000      0.000     -0.000
   114   min       0.000      -0.000      0.000      0.000      0.000     -0.000
   115   max       0.000      -0.000      0.000      0.000      0.000     -0.000
   115   min       0.000      -0.000      0.000      0.000      0.000     -0.000
   116   max       0.000      -0.000      0.000      0.000      0.000     -0.000
   116   min       0.000      -0.000      0.000      0.000      0.000     -0.000
   117   max       0.000      -0.000      0.000      0.000      0.000     -0.000
   117   min       0.000      -0.000      0.000      0.000      0.000     -0.000
   118   max       0.000      -0.000      0.000      0.000      0.000     -0.000
   118   min       0.000      -0.000      0.000      0.000      0.000     -0.000
   119   max       0.000      -0.000      0.000      0.000      0.000     -0.000
   119   min       0.000      -0.000      0.000      0.000      0.000     -0.000
   120   max       0.000      -0.000      0.000      0.000      0.000     -0.000
   120   min       0.000      -0.000      0.000      0.000      0.000     -0.000
   121   max       0.000      -0.000      0.000      0.000      0.000     -0.000
   121   min       0.000      -0.000      0.000      0.000      0.000     -0.000
   122   max       0.000      -0.000      0.000      0.000      0.000     -0.000
   122   min       0.000      -0.000      0.000      0.000      0.000     -0.000
   123   max       0.000      -0.000      0.000      0.000      0.000     -0.000
   123   min       0.000      -0.000      0.000      0.000      0.000     -0.000
   124   max       0.000      -0.000      0.000      0.000      0.000     -0.000
   124   min       0.000      -0.000      0.000      0.000      0.000     -0.000
   125   max       0.000      -0.000      0.000      0.000      0.000     -0.000
   125   min       0.000      -0.000      0.000      0.000      0.000     -0.000
   126   max       0.000      -0.000      0.000      0.000      0.000     -0.000
   126   min       0.000      -0.000      0.000      0.000      0.000     -0.000
   127   max       0.000      -0.000      0.000      0.000      0.000     -0.000
   127   min       0.000      -0.000      0.000      0.000      0.000     -0.000
   128   max       0.000      -0.000      0.000      0.000      0.000     -0.000
   128   min       0.000      -0.000      0.000      0.000      0.000     -0.000
   129   max       0.000      -0.000      0.000      0.000      0.000     -0.000
   129   min       0.000      -0.000      0.000      0.000      0.000     -0.000
   130   max       0.000      -0.000      0.000      0.000      0.000     -0.000
   130   min       0.000      -0.000      0.000      0.000      0.000     -0.000
   131   max       0.000      -0.000      0.000      0.000      0.000     -0.000
   131   min       0.000      -0.000      0.000      0.000      0.000     -0.000
   132   max       0.000      -0.000      0.000      0.000      0.000     -0.000
   132   min       0.000      -0.000      0.000      0.000      0.000     -0.000
   133   max       0.000      -0.000      0.000      0.000      0.000     -0.000
   133   min       0.000      -0.000      0.000      0.000      0.000     -0.000
   134   max       0.000      -0.000      0.000      0.000      0.000     -0.000
   134   min       0.000      -0.000      0.000      0.000      0.000     -0.000
   135   max       0.000      -0.000      0.000      0.000      0.000     -0.000
   135   min       0.000      -0.000      0.000      0.000      0.000     -0.000
   136   max       0.000      -0.000      0.000      0.000      0.000     -0.000
   136   min       0.000      -0.000      0.000      0.000      0.000     -0.000
   137   max       0.000      -0.000      0.000      0.000      0.000     -0.000
   137   min       0.000      -0.000      0.000      0.000      0.000     -0.000
   138   max       0.000      -0.000      0.000      0.000      0.000     -0.000
   138   min       0.000      -0.000      0.000      0.000      0.000     -0.000
   139   max       0.000      -0.000      0.000      0.000      0.000     -0.000
   139   min       0.000      -0.000      0.000      0.000      0.000     -0.000
   140   max       0.000      -0.000      0.000      0.000      0.000     -0.000
   140   min       0.000      -0.000      0.000      0.000      0.000     -0.000
   141   max       0.000      -0.000      0.000      0.000      0.000     -0.000
   141   min       0.000      -0.000      0.000      0.000      0.000     -0.000
   142   max       0.000      -0.000      0.000      0.000      0.000     -0.000
   142   min       0.000      -0.000      0.000      0.000      0.000     -0.000
   143   max       0.000      -0.000      0.000      0.000      0.000     -0.000
   143   min       0.000      -0.000      0.000      0.000      0.000     -0.000
   144   max       0.000      -0.000      0.000      0.000      0.000     -0.000
   144   min       0.000      -0.000      0.000      0.000      0.000     -0.000
   145   max       0.000      -0.000      0.000      0.000      0.000     -0.000
   145   min       0.000      -0.000      0.000      0.000      0.000     -0.000
   146   max       0.000      -0.000      0.000      0.000      0.000     -0.000
   146   min       0.000      -0.000      0.000      0.000      0.000     -0.000
   147   max       0.000      -0.000      0.000      0.000      0.000     -0.000
   147   min       0.000      -0.000      0.000      0.000      0.000     -0.000
   148   max       0.000      -0.000      0.000      0.000      0.000     -0.000
   148   min       0.000      -0.000      0.000      0.000      0.000     -0.000
   149   max       0.000      -0.000      0.000      0.000      0.000     -0.000
   149   min       0.000      -0.000      0.000      0.000      0.000     -0.000
   150   max       0.000      -0.000      0.000      0.000      0.000     -0.000
   150   min       0.000      -0.000      0.000      0.000      0.000     -0.000
   151   max       0.000      -0.000      0.000      0.000      0.000     -0.000
   151   min       0.000      -0.000      0.000      0.000      0.000     -0.000
   152   max       0.000      -0.000      0.000      0.000      0.000     -0.000
   152   min       0.000      -0.000      0.000      0.000      0.000     -0.000
   153   max       0.000      -0.000      0.000      0.000      0.000     -0.000
   153   min       0.000      -0.000      0.000      0.000      0.000     -0.000
   154   max       0.000      -0.000      0.000      0.000      0.000     -0.000
   154   min       0.000      -0.000      0.000      0.000      0.000     -0.000
   155   max       0.000      -0.000      0.000      0.000      0.000     -0.000
   155   min       0.000      -0.000      0.000      0.000      0.000     -0.000
   156   max       0.000      -0.000      0.000      0.000      0.000     -0.000
   156   min       0.000      -0.000      0.000      0.000      0.000     -0.000
   157   max       0.000      -0.000      0.000      0.000      0.000     -0.000
   157   min       0.000      -0.000      0.000      0.000      0.000     -0.000
   158   max       0.000      -0.000      0.000      0.000      0.000     -0.000
   158   min       0.000      -0.000      0.000      0.000      0.000     -0.000
   159   max       0.000      -0.000      0.000      0.000      0.000     -0.000
   159   min       0.000      -0.000      0.000      0.000      0.000     -0.000
   160   max       0.000      -0.000      0.000      0.000      0.000     -0.000
   160   min       0.000      -0.000      0.000      0.000      0.000     -0.000
   161   max       0.000      -0.000      0.000      0.000      0.000     -0.000
   161   min       0.000      -0.000      0.000      0.000      0.000     -0.000
   162   max       0.000      -0.000      0.000      0.000      0.000     -0.000
   162   min       0.000      -0.000      0.000      0.000      0.000     -0.000
   163   max       0.000      -0.000      0.000      0.000      0.000     -0.000
   163   min       0.000      -0.000      0.000      0.000      0.000     -0.000
   164   max       0.000      -0.000      0.000      0.000      0.000     -0.000
   164   min       0.000      -0.000      0.000      0.000      0.000     -0.000
   165   max       0.000      -0.000      0.000      0.000      0.000     -0.000
   165   min       0.000      -0.000      0.000      0.000      0.000     -0.000
   166   max       0.000      -0.000      0.000      0.000      0.000     -0.000
   166   min       0.000      -0.000      0.000      0.000      0.000     -0.000
   167   max       0.000      -0.000      0.000      0.000      0.000     -0.000
   167   min       0.000      -0.000      0.000      0.000      0.000     -0.000
   168   max       0.000      -0.000      0.000      0.000      0.000     -0.000
   168   min       0.000      -0.000      0.000      0.000      0.000     -0.000
   169   max       0.000      -0.000      0.000      0.000      0.000     -0.000
   169   min       0.000      -0.000      0.000      0.000      0.000     -0.000
   170   max       0.000      -0.000      0.000      0.000      0.000     -0.000
   170   min       0.000      -0.000      0.000      0.000      0.000     -0.000
   171   max       0.000      -0.000      0.000      0.000      0.000     -0.000
   171   min       0.000      -0.000      0.000      0.000      0.000     -0.000
   172   max       0.000      -0.000      0.000      0.000      0.000     -0.000
   172   min       0.000      -0.000      0.000      0.000      0.000     -0.000
   173   max       0.000      -0.000      0.000      0.000      0.000     -0.000
   173   min       0.000      -0.000      0.000      0.000      0.000     -0.000
   174   max       0.000      -0.000      0.000      0.000      0.000     -0.000
   174   min       0.000      -0.000      0.000      0.000      0.000     -0.000
   175   max       0.000      -0.000      0.000      0.000      0.000     -0.000
   175   min       0.000      -0.000      0.000      0.000      0.000     -0.000
   176   max       0.000      -0.000      0.000      0.000      0.000     -0.000
   176   min       0.000      -0.000      0.000      0.000      0.000     -0.000
   177   max       0.000      -0.000      0.000      0.000      0.000     -0.000
   177   min       0.000      -0.000      0.000      0.000      0.000     -0.000
   178   max       0.000      -0.000      0.000      0.000      0.000     -0.000
   178   min       0.000      -0.000      0.000      0.000      0.000     -0.000
   179   max       0.000      -0.000      0.000      0.000      0.000     -0.000
   179   min       0.000      -0.000      0.000      0.000      0.000     -0.000
   180   max       0.000      -0.000      0.000      0.000      0.000     -0.000
   180   min       0.000      -0.000      0.000      0.000      0.000     -0.000
   181   max       0.000      -0.000      0.000      0.000      0.000     -0.000
   181   min       0.000      -0.000      0.000      0.000      0.000     -0.000
   182   max       0.000      -0.000      0.000      0.000      0.000     -0.000
   182   min       0.000      -0.000      0.000      0.000      0.000     -0.000
   183   max       0.000      -0.000      0.000      0.000      0.000     -0.000
   183   min       0.000      -0.000      0.000      0.000      0.000     -0.000
   184   max       0.000      -0.000      0.000      0.000      0.000     -0.000
   184   min       0.000      -0.000      0.000      0.000      0.000     -0.000
   185   max       0.000      -0.000      0.000      0.000      0.000     -0.000
   185   min       0.000      -0.000      0.000      0.000      0.000     -0.000
   186   max       0.000      -0.000      0.000      0.000      0.000     -0.000
   186   min       0.000      -0.000      0.000      0.000      0.000     -0.000
   187   max       0.000      -0.000      0.000      0.000      0.000     -0.000
   187   min       0.000      -0.000      0.000      0.000      0.000     -0.000
   188   max       0.000      -0.000      0.000      0.000      0.000     -0.000
   188   min       0.000      -0.000      0.000      0.000      0.000     -0.000
   189   max       0.000      -0.000      0.000      0.000      0.000     -0.000
   189   min       0.000      -0.000      0.000      0.000      0.000     -0.000
   190   max       0.000      -0.000      0.000      0.000      0.000     -0.000
   190   min       0.000      -0.000      0.000      0.000      0.000     -0.000
   191   max       0.000      -0.000      0.000      0.000      0.000     -0.000
   191   min       0.000      -0.000      0.000      0.000      0.000     -0.000
   192   max       0.000      -0.000      0.000      0.000      0.000     -0.000
   192   min       0.000      -0.000      0.000      0.000      0.000     -0.000
   193   max       0.000      -0.000      0.000      0.000      0.000     -0.000
   193   min       0.000      -0.000      0.000      0.000      0.000     -0.000
   194   max       0.000      -0.000      0.000      0.000      0.000     -0.000
   194   min       0.000      -0.000      0.000      0.000      0.000     -0.000
   195   max       0.000      -0.000      0.000      0.000      0.000     -0.000
   195   min       0.000      -0.000      0.000      0.000      0.000     -0.000
   196   max       0.000      -0.000      0.000      0.000      0.000     -0.000
   196   min       0.000      -0.000      0.000      0.000      0.000     -0.000
   197   max       0.000      -0.000      0.000      0.000      0.000     -0.000
   197   min       0.000      -0.000      0.000      0.000      0.000     -0.000
   198   max       0.000      -0.000      0.000      0.000      0.000     -0.000
   198   min       0.000      -0.000      0.000      0.000      0.000     -0.000
   199   max       0.000      -0.000      0.000      0.000      0.000     -0.000
   199   min       0.000      -0.000      0.000      0.000      0.000     -0.000
   200   max       0.000      -0.000      0.000      0.000      0.000     -0.000
   200   min       0.000      -0.000      0.000      0.000      0.000     -0.000
   201   max       0.000      -0.000      0.000      0.000      0.000     -0.000
   201   min       0.000      -0.000      0.000      0.000      0.000     -0.000
   202   max       0.000      -0.000      0.000      0.000      0.000     -0.000
   202   min       0.000      -0.000      0.000      0.000      0.000     -0.000
   203   max       0.000      -0.000      0.000      0.000      0.000     -0.000
   203   min       0.000      -0.000      0.000      0.000      0.000     -0.000
   204   max       0.000      -0.000      0.000      0.000      0.000     -0.000
   204   min       0.000      -0.000      0.000      0.000      0.000     -0.000
   205   max       0.000      -0.000      0.000      0.000      0.000     -0.000
   205   min       0.000      -0.000      0.000      0.000      0.000     -0.000
   206   max       0.000      -0.000      0.000      0.000      0.000     -0.000
   206   min       0.000      -0.000      0.000      0.000      0.000     -0.000
   207   max       0.000      -0.000      0.000      0.000      0.000     -0.000
   207   min       0.000      -0.000      0.000      0.000      0.000     -0.000
   208   max       0.000      -0.000      0.000      0.000      0.000     -0.000
   208   min       0.000      -0.000      0.000      0.000      0.000     -0.000
   209   max       0.000      -0.000      0.000      0.000      0.000     -0.000
   209   min       0.000      -0.000      0.000      0.000      0.000     -0.000
   210   max       0.000      -0.000      0.000      0.000      0.000     -0.000
   210   min       0.000      -0.000      0.000      0.000      0.000     -0.000
   211   max       0.000      -0.000      0.000      0.000      0.000     -0.000
   211   min       0.000      -0.000      0.000      0.000      0.000     -0.000
   212   max       0.000      -0.000      0.000      0.000      0.000     -0.000
   212   min       0.000      -0.000      0.000      0.000      0.000     -0.000
   213   max       0.000      -0.000      0.000      0.000      0.000     -0.000
   213   min       0.000      -0.000      0.000      0.000      0.000     -0.000
   214   max       0.000      -0.000      0.000      0.000      0.000     -0.000
   214   min       0.000      -0.000      0.000      0.000      0.000     -0.000
   215   max       0.000      -0.000      0.000      0.000      0.000     -0.000
   215   min       0.000      -0.000      0.000      0.000      0.000     -0.000
   216   max       0.000      -0.000      0.000      0.000      0.000     -0.000
   216   min       0.000      -0.000      0.000      0.000      0.000     -0.000
   217   max       0.000      -0.000      0.000      0.000      0.000     -0.000
   217   min       0.000      -0.000      0.000      0.000      0.000     -0.000
   218   max       0.000      -0.000      0.000      0.000      0.000     -0.000
   218   min       0.000      -0.000      0.000      0.000      0.000     -0.000
   219   max       0.000      -0.000      0.000      0.000      0.000     -0.000
   219   min       0.000      -0.000      0.000      0.000      0.000     -0.000
   220   max       0.000      -0.000      0.000      0.000      0.000     -0.000
   220   min       0.000      -0.000      0.000      0.000      0.000     -0.000
   221   max       0.000      -0.000      0.000      0.000      0.000     -0.000
   221   min       0.000      -0.000      0.000      0.000      0.000     -0.000
   222   max       0.000      -0.000      0.000      0.000      0.000     -0.000
   222   min       0.000      -0.000      0.000      0.000      0.000     -0.000
   223   max       0.000      -0.000      0.000      0.000      0.000     -0.000
   223   min       0.000      -0.000      0.000      0.000      0.000     -0.000
   224   max       0.000      -0.000      0.000      0.000      0.000     -0.000
   224   min       0.000      -0.000      0.000      0.000      0.000     -0.000
   225   max       0.000      -0.000      0.000      0.000      0.000     -0.000
   225   min       0.000      -0.000      0.000      0.000      0.000     -0.000
   226   max       0.000      -0.000      0.000      0.000      0.000     -0.000
   226   min       0.000      -0.000      0.000      0.000      0.000     -0.000
   227   max       0.000      -0.000      0.000      0.000      0.000     -0.000
   227   min       0.000      -0.000      0.000      0.000      0.000     -0.000
   228   max       0.000      -0.000      0.000      0.000      0.000     -0.000
   228   min       0.000      -0.000      0.000      0.000      0.000     -0.000
   229   max       0.000      -0.000      0.000      0.000      0.000     -0.000
   229   min       0.000      -0.000      0.000      0.000      0.000     -0.000
   230   max       0.000      -0.000      0.000      0.000      0.000     -0.000
   230   min       0.000      -0.000      0.000      0.000      0.000     -0.000
   231   max       0.000      -0.000      0.000      0.000      0.000     -0.000
   231   min       0.000      -0.000      0.000      0.000      0.000     -0.000
   232   max       0.000      -0.000      0.000      0.000      0.000     -0.000
   232   min       0.000      -0.000      0.000      0.000      0.000     -0.000
   233   max       0.000      -0.000      0.000      0.000      0.000     -0.000
   233   min       0.000      -0.000      0.000      0.000      0.000     -0.000
   234   max       0.000      -0.000      0.000      0.000      0.000     -0.000
   234   min       0.000      -0.000      0.000      0.000      0.000     -0.000

________________________________________________________________________________
Frame3DD version: 20140514+               http://frame3dd.sf.net/
GPL Copyright (C) 1992-2015, Henri P. Gavin 
Frame3DD is distributed in the hope that it will be useful but with no warranty.
For details see the GNU Public Licence: http://www.fsf.org/copyleft/gpl.html
________________________________________________________________________________

Ponte de palitos - Frame3DD linear estabilizado (N mm tonne) 
Mon May 04 19:40:21 2026
________________________________________________________________________________
In 2D problems the Y-axis is vertical.  In 3D problems the Z-axis is vertical.
________________________________________________________________________________
   60 NODES              4 FIXED NODES      234 FRAME ELEMENTS   1 LOAD CASES   
________________________________________________________________________________
N O D E   D A T A                                           R E S T R A I N T S
  Node       X              Y              Z         radius  Fx Fy Fz Mx My Mz
    1    -100.000000     -85.000000       0.000000    0.000   0  0  0  0  0  0
    2    -100.000000     -85.000000      85.000000    0.000   0  0  0  0  0  0
    3    -100.000000      85.000000       0.000000    0.000   0  0  0  0  0  0
    4    -100.000000      85.000000      85.000000    0.000   0  0  0  0  0  0
    5       0.000000     -85.000000       0.000000    0.000   0  0  1  1  1  1
    6       0.000000     -85.000000      85.000000    0.000   0  0  0  0  0  0
    7       0.000000      85.000000       0.000000    0.000   0  0  1  1  1  1
    8       0.000000      85.000000      85.000000    0.000   0  0  0  0  0  0
    9     100.000000     -85.000000       0.000000    0.000   0  0  0  0  0  0
   10     100.000000     -85.000000     127.500000    0.000   0  0  0  0  0  0
   11     100.000000      85.000000       0.000000    0.000   0  0  0  0  0  0
   12     100.000000      85.000000     127.500000    0.000   0  0  0  0  0  0
   13     200.000000     -85.000000       0.000000    0.000   0  0  0  0  0  0
   14     200.000000     -85.000000     170.000000    0.000   0  0  0  0  0  0
   15     200.000000      85.000000       0.000000    0.000   0  0  0  0  0  0
   16     200.000000      85.000000     170.000000    0.000   0  0  0  0  0  0
   17     300.000000     -85.000000       0.000000    0.000   0  0  0  0  0  0
   18     300.000000     -85.000000     212.500000    0.000   0  0  0  0  0  0
   19     300.000000      85.000000       0.000000    0.000   0  0  0  0  0  0
   20     300.000000      85.000000     212.500000    0.000   0  0  0  0  0  0
   21     400.000000     -85.000000       0.000000    0.000   0  0  0  0  0  0
   22     400.000000     -85.000000     255.000000    0.000   0  0  0  0  0  0
   23     400.000000      85.000000       0.000000    0.000   0  0  0  0  0  0
   24     400.000000      85.000000     255.000000    0.000   0  0  0  0  0  0
   25     500.000000     -85.000000       0.000000    0.000   0  0  0  0  0  0
   26     500.000000     -85.000000     255.000000    0.000   0  0  0  0  0  0
   27     500.000000      85.000000       0.000000    0.000   0  0  0  0  0  0
   28     500.000000      85.000000     255.000000    0.000   0  0  0  0  0  0
   29     600.000000     -85.000000       0.000000    0.000   0  0  0  0  0  0
   30     600.000000     -85.000000     255.000000    0.000   0  0  0  0  0  0
   31     600.000000      85.000000       0.000000    0.000   0  0  0  0  0  0
   32     600.000000      85.000000     255.000000    0.000   0  0  0  0  0  0
   33     700.000000     -85.000000       0.000000    0.000   0  0  0  0  0  0
   34     700.000000     -85.000000     255.000000    0.000   0  0  0  0  0  0
   35     700.000000      85.000000       0.000000    0.000   0  0  0  0  0  0
   36     700.000000      85.000000     255.000000    0.000   0  0  0  0  0  0
   37     800.000000     -85.000000       0.000000    0.000   0  0  0  0  0  0
   38     800.000000     -85.000000     255.000000    0.000   0  0  0  0  0  0
   39     800.000000      85.000000       0.000000    0.000   0  0  0  0  0  0
   40     800.000000      85.000000     255.000000    0.000   0  0  0  0  0  0
   41     900.000000     -85.000000       0.000000    0.000   0  0  0  0  0  0
   42     900.000000     -85.000000     212.500000    0.000   0  0  0  0  0  0
   43     900.000000      85.000000       0.000000    0.000   0  0  0  0  0  0
   44     900.000000      85.000000     212.500000    0.000   0  0  0  0  0  0
   45    1000.000000     -85.000000       0.000000    0.000   0  0  0  0  0  0
   46    1000.000000     -85.000000     170.000000    0.000   0  0  0  0  0  0
   47    1000.000000      85.000000       0.000000    0.000   0  0  0  0  0  0
   48    1000.000000      85.000000     170.000000    0.000   0  0  0  0  0  0
   49    1100.000000     -85.000000       0.000000    0.000   0  0  0  0  0  0
   50    1100.000000     -85.000000     127.500000    0.000   0  0  0  0  0  0
   51    1100.000000      85.000000       0.000000    0.000   0  0  0  0  0  0
   52    1100.000000      85.000000     127.500000    0.000   0  0  0  0  0  0
   53    1200.000000     -85.000000       0.000000    0.000   0  0  1  1  1  1
   54    1200.000000     -85.000000      85.000000    0.000   0  0  0  0  0  0
   55    1200.000000      85.000000       0.000000    0.000   0  0  1  1  1  1
   56    1200.000000      85.000000      85.000000    0.000   0  0  0  0  0  0
   57    1300.000000     -85.000000       0.000000    0.000   0  0  0  0  0  0
   58    1300.000000     -85.000000      85.000000    0.000   0  0  0  0  0  0
   59    1300.000000      85.000000       0.000000    0.000   0  0  0  0  0  0
   60    1300.000000      85.000000      85.000000    0.000   0  0  0  0  0  0
F R A M E   E L E M E N T   D A T A					(local)
  Elmnt  J1    J2     Ax   Asy   Asz    Jxx     Iyy     Izz       E       G roll  density
    1     1     5   42.0  42.0  42.0  104.1   126.0   171.5   6000.0   500.0   0 1.11e-009
    2     2     6   52.5  52.5  52.5 1348.6  1824.2  2028.8   6000.0   500.0   0 1.11e-009
    3     5     9   42.0  42.0  42.0  104.1   126.0   171.5   6000.0   500.0   0 1.11e-009
    4     6    10   52.5  52.5  52.5 1348.6  1824.2  2028.8   6000.0   500.0   0 1.11e-009
    5     9    13   42.0  42.0  42.0  104.1   126.0   171.5   6000.0   500.0   0 1.11e-009
    6    10    14   52.5  52.5  52.5 1348.6  1824.2  2028.8   6000.0   500.0   0 1.11e-009
    7    13    17   42.0  42.0  42.0  104.1   126.0   171.5   6000.0   500.0   0 1.11e-009
    8    14    18   52.5  52.5  52.5 1348.6  1824.2  2028.8   6000.0   500.0   0 1.11e-009
    9    17    21   42.0  42.0  42.0  104.1   126.0   171.5   6000.0   500.0   0 1.11e-009
   10    18    22   52.5  52.5  52.5 1348.6  1824.2  2028.8   6000.0   500.0   0 1.11e-009
   11    21    25   42.0  42.0  42.0  104.1   126.0   171.5   6000.0   500.0   0 1.11e-009
   12    22    26   52.5  52.5  52.5 1348.6  1824.2  2028.8   6000.0   500.0   0 1.11e-009
   13    25    29   42.0  42.0  42.0  104.1   126.0   171.5   6000.0   500.0   0 1.11e-009
   14    26    30   52.5  52.5  52.5 1348.6  1824.2  2028.8   6000.0   500.0   0 1.11e-009
   15    29    33   42.0  42.0  42.0  104.1   126.0   171.5   6000.0   500.0   0 1.11e-009
   16    30    34   52.5  52.5  52.5 1348.6  1824.2  2028.8   6000.0   500.0   0 1.11e-009
   17    33    37   42.0  42.0  42.0  104.1   126.0   171.5   6000.0   500.0   0 1.11e-009
   18    34    38   52.5  52.5  52.5 1348.6  1824.2  2028.8   6000.0   500.0   0 1.11e-009
   19    37    41   42.0  42.0  42.0  104.1   126.0   171.5   6000.0   500.0   0 1.11e-009
   20    38    42   52.5  52.5  52.5 1348.6  1824.2  2028.8   6000.0   500.0   0 1.11e-009
   21    41    45   42.0  42.0  42.0  104.1   126.0   171.5   6000.0   500.0   0 1.11e-009
   22    42    46   52.5  52.5  52.5 1348.6  1824.2  2028.8   6000.0   500.0   0 1.11e-009
   23    45    49   42.0  42.0  42.0  104.1   126.0   171.5   6000.0   500.0   0 1.11e-009
   24    46    50   52.5  52.5  52.5 1348.6  1824.2  2028.8   6000.0   500.0   0 1.11e-009
   25    49    53   42.0  42.0  42.0  104.1   126.0   171.5   6000.0   500.0   0 1.11e-009
   26    50    54   52.5  52.5  52.5 1348.6  1824.2  2028.8   6000.0   500.0   0 1.11e-009
   27    53    57   42.0  42.0  42.0  104.1   126.0   171.5   6000.0   500.0   0 1.11e-009
   28    54    58   52.5  52.5  52.5 1348.6  1824.2  2028.8   6000.0   500.0   0 1.11e-009
   29     1     2   31.5  31.5  31.5   63.6    53.2   128.6   6000.0   500.0   0 1.11e-009
   30     5     6   31.5  31.5  31.5   63.6    53.2   128.6   6000.0   500.0   0 1.11e-009
   31     9    10   31.5  31.5  31.5   63.6    53.2   128.6   6000.0   500.0   0 1.11e-009
   32    13    14   31.5  31.5  31.5   63.6    53.2   128.6   6000.0   500.0   0 1.11e-009
   33    17    18   31.5  31.5  31.5   63.6    53.2   128.6   6000.0   500.0   0 1.11e-009
   34    21    22   31.5  31.5  31.5   63.6    53.2   128.6   6000.0   500.0   0 1.11e-009
   35    25    26   31.5  31.5  31.5   63.6    53.2   128.6   6000.0   500.0   0 1.11e-009
   36    29    30   31.5  31.5  31.5   63.6    53.2   128.6   6000.0   500.0   0 1.11e-009
   37    33    34   31.5  31.5  31.5   63.6    53.2   128.6   6000.0   500.0   0 1.11e-009
   38    37    38   31.5  31.5  31.5   63.6    53.2   128.6   6000.0   500.0   0 1.11e-009
   39    41    42   31.5  31.5  31.5   63.6    53.2   128.6   6000.0   500.0   0 1.11e-009
   40    45    46   31.5  31.5  31.5   63.6    53.2   128.6   6000.0   500.0   0 1.11e-009
   41    49    50   31.5  31.5  31.5   63.6    53.2   128.6   6000.0   500.0   0 1.11e-009
   42    53    54   31.5  31.5  31.5   63.6    53.2   128.6   6000.0   500.0   0 1.11e-009
   43    57    58   31.5  31.5  31.5   63.6    53.2   128.6   6000.0   500.0   0 1.11e-009
   44     2     5   31.5  31.5  31.5   63.6    53.2   128.6   6000.0   500.0   0 1.11e-009
   45     2     5   10.5  10.5  10.5   15.7     2.0    42.9   6000.0   500.0   0 1.11e-009
   46     6     9   31.5  31.5  31.5   63.6    53.2   128.6   6000.0   500.0   0 1.11e-009
   47     6     9   10.5  10.5  10.5   15.7     2.0    42.9   6000.0   500.0   0 1.11e-009
   48    10    13   31.5  31.5  31.5   63.6    53.2   128.6   6000.0   500.0   0 1.11e-009
   49    10    13   10.5  10.5  10.5   15.7     2.0    42.9   6000.0   500.0   0 1.11e-009
   50    14    17   31.5  31.5  31.5   63.6    53.2   128.6   6000.0   500.0   0 1.11e-009
   51    14    17   10.5  10.5  10.5   15.7     2.0    42.9   6000.0   500.0   0 1.11e-009
   52    18    21   31.5  31.5  31.5   63.6    53.2   128.6   6000.0   500.0   0 1.11e-009
   53    18    21   10.5  10.5  10.5   15.7     2.0    42.9   6000.0   500.0   0 1.11e-009
   54    22    25   31.5  31.5  31.5   63.6    53.2   128.6   6000.0   500.0   0 1.11e-009
   55    22    25   10.5  10.5  10.5   15.7     2.0    42.9   6000.0   500.0   0 1.11e-009
   56    26    29   31.5  31.5  31.5   63.6    53.2   128.6   6000.0   500.0   0 1.11e-009
   57    26    29   10.5  10.5  10.5   15.7     2.0    42.9   6000.0   500.0   0 1.11e-009
   58    29    34   31.5  31.5  31.5   63.6    53.2   128.6   6000.0   500.0   0 1.11e-009
   59    29    34   10.5  10.5  10.5   15.7     2.0    42.9   6000.0   500.0   0 1.11e-009
   60    33    38   31.5  31.5  31.5   63.6    53.2   128.6   6000.0   500.0   0 1.11e-009
   61    33    38   10.5  10.5  10.5   15.7     2.0    42.9   6000.0   500.0   0 1.11e-009
   62    37    42   31.5  31.5  31.5   63.6    53.2   128.6   6000.0   500.0   0 1.11e-009
   63    37    42   10.5  10.5  10.5   15.7     2.0    42.9   6000.0   500.0   0 1.11e-009
   64    41    46   31.5  31.5  31.5   63.6    53.2   128.6   6000.0   500.0   0 1.11e-009
   65    41    46   10.5  10.5  10.5   15.7     2.0    42.9   6000.0   500.0   0 1.11e-009
   66    45    50   31.5  31.5  31.5   63.6    53.2   128.6   6000.0   500.0   0 1.11e-009
   67    45    50   10.5  10.5  10.5   15.7     2.0    42.9   6000.0   500.0   0 1.11e-009
   68    49    54   31.5  31.5  31.5   63.6    53.2   128.6   6000.0   500.0   0 1.11e-009
   69    49    54   10.5  10.5  10.5   15.7     2.0    42.9   6000.0   500.0   0 1.11e-009
   70    53    58   31.5  31.5  31.5   63.6    53.2   128.6   6000.0   500.0   0 1.11e-009
   71    53    58   10.5  10.5  10.5   15.7     2.0    42.9   6000.0   500.0   0 1.11e-009
   72     3     7   42.0  42.0  42.0  104.1   126.0   171.5   6000.0   500.0   0 1.11e-009
   73     4     8   52.5  52.5  52.5 1348.6  1824.2  2028.8   6000.0   500.0   0 1.11e-009
   74     7    11   42.0  42.0  42.0  104.1   126.0   171.5   6000.0   500.0   0 1.11e-009
   75     8    12   52.5  52.5  52.5 1348.6  1824.2  2028.8   6000.0   500.0   0 1.11e-009
   76    11    15   42.0  42.0  42.0  104.1   126.0   171.5   6000.0   500.0   0 1.11e-009
   77    12    16   52.5  52.5  52.5 1348.6  1824.2  2028.8   6000.0   500.0   0 1.11e-009
   78    15    19   42.0  42.0  42.0  104.1   126.0   171.5   6000.0   500.0   0 1.11e-009
   79    16    20   52.5  52.5  52.5 1348.6  1824.2  2028.8   6000.0   500.0   0 1.11e-009
   80    19    23   42.0  42.0  42.0  104.1   126.0   171.5   6000.0   500.0   0 1.11e-009
   81    20    24   52.5  52.5  52.5 1348.6  1824.2  2028.8   6000.0   500.0   0 1.11e-009
   82    23    27   42.0  42.0  42.0  104.1   126.0   171.5   6000.0   500.0   0 1.11e-009
   83    24    28   52.5  52.5  52.5 1348.6  1824.2  2028.8   6000.0   500.0   0 1.11e-009
   84    27    31   42.0  42.0  42.0  104.1   126.0   171.5   6000.0   500.0   0 1.11e-009
   85    28    32   52.5  52.5  52.5 1348.6  1824.2  2028.8   6000.0   500.0   0 1.11e-009
   86    31    35   42.0  42.0  42.0  104.1   126.0   171.5   6000.0   500.0   0 1.11e-009
   87    32    36   52.5  52.5  52.5 1348.6  1824.2  2028.8   6000.0   500.0   0 1.11e-009
   88    35    39   42.0  42.0  42.0  104.1   126.0   171.5   6000.0   500.0   0 1.11e-009
   89    36    40   52.5  52.5  52.5 1348.6  1824.2  2028.8   6000.0   500.0   0 1.11e-009
   90    39    43   42.0  42.0  42.0  104.1   126.0   171.5   6000.0   500.0   0 1.11e-009
   91    40    44   52.5  52.5  52.5 1348.6  1824.2  2028.8   6000.0   500.0   0 1.11e-009
   92    43    47   42.0  42.0  42.0  104.1   126.0   171.5   6000.0   500.0   0 1.11e-009
   93    44    48   52.5  52.5  52.5 1348.6  1824.2  2028.8   6000.0   500.0   0 1.11e-009
   94    47    51   42.0  42.0  42.0  104.1   126.0   171.5   6000.0   500.0   0 1.11e-009
   95    48    52   52.5  52.5  52.5 1348.6  1824.2  2028.8   6000.0   500.0   0 1.11e-009
   96    51    55   42.0  42.0  42.0  104.1   126.0   171.5   6000.0   500.0   0 1.11e-009
   97    52    56   52.5  52.5  52.5 1348.6  1824.2  2028.8   6000.0   500.0   0 1.11e-009
   98    55    59   42.0  42.0  42.0  104.1   126.0   171.5   6000.0   500.0   0 1.11e-009
   99    56    60   52.5  52.5  52.5 1348.6  1824.2  2028.8   6000.0   500.0   0 1.11e-009
  100     3     4   31.5  31.5  31.5   63.6    53.2   128.6   6000.0   500.0   0 1.11e-009
  101     7     8   31.5  31.5  31.5   63.6    53.2   128.6   6000.0   500.0   0 1.11e-009
  102    11    12   31.5  31.5  31.5   63.6    53.2   128.6   6000.0   500.0   0 1.11e-009
  103    15    16   31.5  31.5  31.5   63.6    53.2   128.6   6000.0   500.0   0 1.11e-009
  104    19    20   31.5  31.5  31.5   63.6    53.2   128.6   6000.0   500.0   0 1.11e-009
  105    23    24   31.5  31.5  31.5   63.6    53.2   128.6   6000.0   500.0   0 1.11e-009
  106    27    28   31.5  31.5  31.5   63.6    53.2   128.6   6000.0   500.0   0 1.11e-009
  107    31    32   31.5  31.5  31.5   63.6    53.2   128.6   6000.0   500.0   0 1.11e-009
  108    35    36   31.5  31.5  31.5   63.6    53.2   128.6   6000.0   500.0   0 1.11e-009
  109    39    40   31.5  31.5  31.5   63.6    53.2   128.6   6000.0   500.0   0 1.11e-009
  110    43    44   31.5  31.5  31.5   63.6    53.2   128.6   6000.0   500.0   0 1.11e-009
  111    47    48   31.5  31.5  31.5   63.6    53.2   128.6   6000.0   500.0   0 1.11e-009
  112    51    52   31.5  31.5  31.5   63.6    53.2   128.6   6000.0   500.0   0 1.11e-009
  113    55    56   31.5  31.5  31.5   63.6    53.2   128.6   6000.0   500.0   0 1.11e-009
  114    59    60   31.5  31.5  31.5   63.6    53.2   128.6   6000.0   500.0   0 1.11e-009
  115     4     7   31.5  31.5  31.5   63.6    53.2   128.6   6000.0   500.0   0 1.11e-009
  116     4     7   10.5  10.5  10.5   15.7     2.0    42.9   6000.0   500.0   0 1.11e-009
  117     8    11   31.5  31.5  31.5   63.6    53.2   128.6   6000.0   500.0   0 1.11e-009
  118     8    11   10.5  10.5  10.5   15.7     2.0    42.9   6000.0   500.0   0 1.11e-009
  119    12    15   31.5  31.5  31.5   63.6    53.2   128.6   6000.0   500.0   0 1.11e-009
  120    12    15   10.5  10.5  10.5   15.7     2.0    42.9   6000.0   500.0   0 1.11e-009
  121    16    19   31.5  31.5  31.5   63.6    53.2   128.6   6000.0   500.0   0 1.11e-009
  122    16    19   10.5  10.5  10.5   15.7     2.0    42.9   6000.0   500.0   0 1.11e-009
  123    20    23   31.5  31.5  31.5   63.6    53.2   128.6   6000.0   500.0   0 1.11e-009
  124    20    23   10.5  10.5  10.5   15.7     2.0    42.9   6000.0   500.0   0 1.11e-009
  125    24    27   31.5  31.5  31.5   63.6    53.2   128.6   6000.0   500.0   0 1.11e-009
  126    24    27   10.5  10.5  10.5   15.7     2.0    42.9   6000.0   500.0   0 1.11e-009
  127    28    31   31.5  31.5  31.5   63.6    53.2   128.6   6000.0   500.0   0 1.11e-009
  128    28    31   10.5  10.5  10.5   15.7     2.0    42.9   6000.0   500.0   0 1.11e-009
  129    31    36   31.5  31.5  31.5   63.6    53.2   128.6   6000.0   500.0   0 1.11e-009
  130    31    36   10.5  10.5  10.5   15.7     2.0    42.9   6000.0   500.0   0 1.11e-009
  131    35    40   31.5  31.5  31.5   63.6    53.2   128.6   6000.0   500.0   0 1.11e-009
  132    35    40   10.5  10.5  10.5   15.7     2.0    42.9   6000.0   500.0   0 1.11e-009
  133    39    44   31.5  31.5  31.5   63.6    53.2   128.6   6000.0   500.0   0 1.11e-009
  134    39    44   10.5  10.5  10.5   15.7     2.0    42.9   6000.0   500.0   0 1.11e-009
  135    43    48   31.5  31.5  31.5   63.6    53.2   128.6   6000.0   500.0   0 1.11e-009
  136    43    48   10.5  10.5  10.5   15.7     2.0    42.9   6000.0   500.0   0 1.11e-009
  137    47    52   31.5  31.5  31.5   63.6    53.2   128.6   6000.0   500.0   0 1.11e-009
  138    47    52   10.5  10.5  10.5   15.7     2.0    42.9   6000.0   500.0   0 1.11e-009
  139    51    56   31.5  31.5  31.5   63.6    53.2   128.6   6000.0   500.0   0 1.11e-009
  140    51    56   10.5  10.5  10.5   15.7     2.0    42.9   6000.0   500.0   0 1.11e-009
  141    55    60   31.5  31.5  31.5   63.6    53.2   128.6   6000.0   500.0   0 1.11e-009
  142    55    60   10.5  10.5  10.5   15.7     2.0    42.9   6000.0   500.0   0 1.11e-009
  143     1     3   21.0  21.0  21.0   35.5    15.8    85.8   6000.0   500.0   0 1.11e-009
  144     2     4   21.0  21.0  21.0   35.5    15.8    85.8   6000.0   500.0   0 1.11e-009
  145     5     7   21.0  21.0  21.0   35.5    15.8    85.8   6000.0   500.0   0 1.11e-009
  146     6     8   21.0  21.0  21.0   35.5    15.8    85.8   6000.0   500.0   0 1.11e-009
  147     9    11   21.0  21.0  21.0   35.5    15.8    85.8   6000.0   500.0   0 1.11e-009
  148    10    12   21.0  21.0  21.0   35.5    15.8    85.8   6000.0   500.0   0 1.11e-009
  149    13    15   21.0  21.0  21.0   35.5    15.8    85.8   6000.0   500.0   0 1.11e-009
  150    14    16   21.0  21.0  21.0   35.5    15.8    85.8   6000.0   500.0   0 1.11e-009
  151    17    19   21.0  21.0  21.0   35.5    15.8    85.8   6000.0   500.0   0 1.11e-009
  152    18    20   21.0  21.0  21.0   35.5    15.8    85.8   6000.0   500.0   0 1.11e-009
  153    21    23   21.0  21.0  21.0   35.5    15.8    85.8   6000.0   500.0   0 1.11e-009
  154    22    24   21.0  21.0  21.0   35.5    15.8    85.8   6000.0   500.0   0 1.11e-009
  155    25    27   21.0  21.0  21.0   35.5    15.8    85.8   6000.0   500.0   0 1.11e-009
  156    26    28   21.0  21.0  21.0   35.5    15.8    85.8   6000.0   500.0   0 1.11e-009
  157    29    31   21.0  21.0  21.0   35.5    15.8    85.8   6000.0   500.0   0 1.11e-009
  158    30    32   21.0  21.0  21.0   35.5    15.8    85.8   6000.0   500.0   0 1.11e-009
  159    33    35   21.0  21.0  21.0   35.5    15.8    85.8   6000.0   500.0   0 1.11e-009
  160    34    36   21.0  21.0  21.0   35.5    15.8    85.8   6000.0   500.0   0 1.11e-009
  161    37    39   21.0  21.0  21.0   35.5    15.8    85.8   6000.0   500.0   0 1.11e-009
  162    38    40   21.0  21.0  21.0   35.5    15.8    85.8   6000.0   500.0   0 1.11e-009
  163    41    43   21.0  21.0  21.0   35.5    15.8    85.8   6000.0   500.0   0 1.11e-009
  164    42    44   21.0  21.0  21.0   35.5    15.8    85.8   6000.0   500.0   0 1.11e-009
  165    45    47   21.0  21.0  21.0   35.5    15.8    85.8   6000.0   500.0   0 1.11e-009
  166    46    48   21.0  21.0  21.0   35.5    15.8    85.8   6000.0   500.0   0 1.11e-009
  167    49    51   21.0  21.0  21.0   35.5    15.8    85.8   6000.0   500.0   0 1.11e-009
  168    50    52   21.0  21.0  21.0   35.5    15.8    85.8   6000.0   500.0   0 1.11e-009
  169    53    55   21.0  21.0  21.0   35.5    15.8    85.8   6000.0   500.0   0 1.11e-009
  170    54    56   21.0  21.0  21.0   35.5    15.8    85.8   6000.0   500.0   0 1.11e-009
  171    57    59   21.0  21.0  21.0   35.5    15.8    85.8   6000.0   500.0   0 1.11e-009
  172    58    60   21.0  21.0  21.0   35.5    15.8    85.8   6000.0   500.0   0 1.11e-009
  173     1     7   10.5  10.5  10.5   15.7     2.0    42.9   6000.0   500.0   0 1.11e-009
  174     2     8   10.5  10.5  10.5   15.7     2.0    42.9   6000.0   500.0   0 1.11e-009
  175     5    11   10.5  10.5  10.5   15.7     2.0    42.9   6000.0   500.0   0 1.11e-009
  176     6    12   10.5  10.5  10.5   15.7     2.0    42.9   6000.0   500.0   0 1.11e-009
  177     9    15   10.5  10.5  10.5   15.7     2.0    42.9   6000.0   500.0   0 1.11e-009
  178    10    16   10.5  10.5  10.5   15.7     2.0    42.9   6000.0   500.0   0 1.11e-009
  179    13    19   10.5  10.5  10.5   15.7     2.0    42.9   6000.0   500.0   0 1.11e-009
  180    14    20   10.5  10.5  10.5   15.7     2.0    42.9   6000.0   500.0   0 1.11e-009
  181    17    23   10.5  10.5  10.5   15.7     2.0    42.9   6000.0   500.0   0 1.11e-009
  182    18    24   10.5  10.5  10.5   15.7     2.0    42.9   6000.0   500.0   0 1.11e-009
  183    21    27   10.5  10.5  10.5   15.7     2.0    42.9   6000.0   500.0   0 1.11e-009
  184    22    28   10.5  10.5  10.5   15.7     2.0    42.9   6000.0   500.0   0 1.11e-009
  185    25    31   10.5  10.5  10.5   15.7     2.0    42.9   6000.0   500.0   0 1.11e-009
  186    26    32   10.5  10.5  10.5   15.7     2.0    42.9   6000.0   500.0   0 1.11e-009
  187    29    35   10.5  10.5  10.5   15.7     2.0    42.9   6000.0   500.0   0 1.11e-009
  188    30    36   10.5  10.5  10.5   15.7     2.0    42.9   6000.0   500.0   0 1.11e-009
  189    33    39   10.5  10.5  10.5   15.7     2.0    42.9   6000.0   500.0   0 1.11e-009
  190    34    40   10.5  10.5  10.5   15.7     2.0    42.9   6000.0   500.0   0 1.11e-009
  191    37    43   10.5  10.5  10.5   15.7     2.0    42.9   6000.0   500.0   0 1.11e-009
  192    38    44   10.5  10.5  10.5   15.7     2.0    42.9   6000.0   500.0   0 1.11e-009
  193    41    47   10.5  10.5  10.5   15.7     2.0    42.9   6000.0   500.0   0 1.11e-009
  194    42    48   10.5  10.5  10.5   15.7     2.0    42.9   6000.0   500.0   0 1.11e-009
  195    45    51   10.5  10.5  10.5   15.7     2.0    42.9   6000.0   500.0   0 1.11e-009
  196    46    52   10.5  10.5  10.5   15.7     2.0    42.9   6000.0   500.0   0 1.11e-009
  197    49    55   10.5  10.5  10.5   15.7     2.0    42.9   6000.0   500.0   0 1.11e-009
  198    50    56   10.5  10.5  10.5   15.7     2.0    42.9   6000.0   500.0   0 1.11e-009
  199    53    59   10.5  10.5  10.5   15.7     2.0    42.9   6000.0   500.0   0 1.11e-009
  200    54    60   10.5  10.5  10.5   15.7     2.0    42.9   6000.0   500.0   0 1.11e-009
  201     1     4   10.5  10.5  10.5   15.7     2.0    42.9   6000.0   500.0   0 1.11e-009
  202     2     3   10.5  10.5  10.5   15.7     2.0    42.9   6000.0   500.0   0 1.11e-009
  203     5     8   10.5  10.5  10.5   15.7     2.0    42.9   6000.0   500.0   0 1.11e-009
  204     6     7   10.5  10.5  10.5   15.7     2.0    42.9   6000.0   500.0   0 1.11e-009
  205     9    12   10.5  10.5  10.5   15.7     2.0    42.9   6000.0   500.0   0 1.11e-009
  206    10    11   10.5  10.5  10.5   15.7     2.0    42.9   6000.0   500.0   0 1.11e-009
  207    13    16   10.5  10.5  10.5   15.7     2.0    42.9   6000.0   500.0   0 1.11e-009
  208    14    15   10.5  10.5  10.5   15.7     2.0    42.9   6000.0   500.0   0 1.11e-009
  209    17    20   10.5  10.5  10.5   15.7     2.0    42.9   6000.0   500.0   0 1.11e-009
  210    18    19   10.5  10.5  10.5   15.7     2.0    42.9   6000.0   500.0   0 1.11e-009
  211    21    24   10.5  10.5  10.5   15.7     2.0    42.9   6000.0   500.0   0 1.11e-009
  212    22    23   10.5  10.5  10.5   15.7     2.0    42.9   6000.0   500.0   0 1.11e-009
  213    25    28   10.5  10.5  10.5   15.7     2.0    42.9   6000.0   500.0   0 1.11e-009
  214    26    27   10.5  10.5  10.5   15.7     2.0    42.9   6000.0   500.0   0 1.11e-009
  215    29    32   10.5  10.5  10.5   15.7     2.0    42.9   6000.0   500.0   0 1.11e-009
  216    30    31   10.5  10.5  10.5   15.7     2.0    42.9   6000.0   500.0   0 1.11e-009
  217    33    36   10.5  10.5  10.5   15.7     2.0    42.9   6000.0   500.0   0 1.11e-009
  218    34    35   10.5  10.5  10.5   15.7     2.0    42.9   6000.0   500.0   0 1.11e-009
  219    37    40   10.5  10.5  10.5   15.7     2.0    42.9   6000.0   500.0   0 1.11e-009
  220    38    39   10.5  10.5  10.5   15.7     2.0    42.9   6000.0   500.0   0 1.11e-009
  221    41    44   10.5  10.5  10.5   15.7     2.0    42.9   6000.0   500.0   0 1.11e-009
  222    42    43   10.5  10.5  10.5   15.7     2.0    42.9   6000.0   500.0   0 1.11e-009
  223    45    48   10.5  10.5  10.5   15.7     2.0    42.9   6000.0   500.0   0 1.11e-009
  224    46    47   10.5  10.5  10.5   15.7     2.0    42.9   6000.0   500.0   0 1.11e-009
  225    49    52   10.5  10.5  10.5   15.7     2.0    42.9   6000.0   500.0   0 1.11e-009
  226    50    51   10.5  10.5  10.5   15.7     2.0    42.9   6000.0   500.0   0 1.11e-009
  227    53    56   10.5  10.5  10.5   15.7     2.0    42.9   6000.0   500.0   0 1.11e-009
  228    54    55   10.5  10.5  10.5   15.7     2.0    42.9   6000.0   500.0   0 1.11e-009
  229    57    60   10.5  10.5  10.5   15.7     2.0    42.9   6000.0   500.0   0 1.11e-009
  230    58    59   10.5  10.5  10.5   15.7     2.0    42.9   6000.0   500.0   0 1.11e-009
  231     1     5   42.0  42.0  42.0  963.2     7.9  2744.0   6000.0   500.0   0 1.11e-009
  232    53    57   42.0  42.0  42.0  963.2     7.9  2744.0   6000.0   500.0   0 1.11e-009
  233     3     7   42.0  42.0  42.0  963.2     7.9  2744.0   6000.0   500.0   0 1.11e-009
  234    55    59   42.0  42.0  42.0  963.2     7.9  2744.0   6000.0   500.0   0 1.11e-009
  Include shear deformations.
  Neglect geometric stiffness.

L O A D   C A S E   1   O F   1  ... 

   Gravity X =  0.0    Gravity Y =  0.0    Gravity Z =  0.0 
  10 concentrated loads
   0 uniformly distributed loads
   0 trapezoidally distributed loads
   0 concentrated point loads
   0 temperature loads
   0 prescribed displacements
 N O D A L   L O A D S  +  E Q U I V A L E N T   N O D A L   L O A D S  (global)
  Node        Fx          Fy          Fz          Mxx         Myy         Mzz
    22       0.000       0.000     -88.260       0.000       0.000       0.000
    24       0.000       0.000     -88.260       0.000       0.000       0.000
    26       0.000       0.000     -88.260       0.000       0.000       0.000
    28       0.000       0.000     -88.260       0.000       0.000       0.000
    30       0.000       0.000     -88.260       0.000       0.000       0.000
    32       0.000       0.000     -88.260       0.000       0.000       0.000
    34       0.000       0.000     -88.260       0.000       0.000       0.000
    36       0.000       0.000     -88.260       0.000       0.000       0.000
    38       0.000       0.000     -88.260       0.000       0.000       0.000
    40       0.000       0.000     -88.260       0.000       0.000       0.000

E L A S T I C   S T I F F N E S S   A N A L Y S I S   via  L D L'  decomposition

  * The Stiffness Matrix is not positive-definite *
    Check that all six rigid-body translations are restrained
    If geometric stiffness is included, reduce the loads.

L O A D   C A S E   1   O F   1  ... 

N O D E   D I S P L A C E M E N T S  					(global)
  Node    X-dsp       Y-dsp       Z-dsp       X-rot       Y-rot       Z-rot
F R A M E   E L E M E N T   E N D   F O R C E S				(local)
  Elmnt  Node       Nx          Vy         Vz        Txx        Myy        Mzz
     1      1      0.0         0.0        0.0        0.0        0.0        0.0  
     1      5      0.0         0.0        0.0        0.0        0.0        0.0  
     2      2      0.0         0.0        0.0        0.0        0.0        0.0  
     2      6      0.0         0.0        0.0        0.0        0.0        0.0  
     3      5      0.0         0.0        0.0        0.0        0.0        0.0  
     3      9      0.0         0.0        0.0        0.0        0.0        0.0  
     4      6      0.0         0.0        0.0        0.0        0.0        0.0  
     4     10      0.0         0.0        0.0        0.0        0.0        0.0  
     5      9      0.0         0.0        0.0        0.0        0.0        0.0  
     5     13      0.0         0.0        0.0        0.0        0.0        0.0  
     6     10      0.0         0.0        0.0        0.0        0.0        0.0  
     6     14      0.0         0.0        0.0        0.0        0.0        0.0  
     7     13      0.0         0.0        0.0        0.0        0.0        0.0  
     7     17      0.0         0.0        0.0        0.0        0.0        0.0  
     8     14      0.0         0.0        0.0        0.0        0.0        0.0  
     8     18      0.0         0.0        0.0        0.0        0.0        0.0  
     9     17      0.0         0.0        0.0        0.0        0.0        0.0  
     9     21      0.0         0.0        0.0        0.0        0.0        0.0  
    10     18      0.0         0.0        0.0        0.0        0.0        0.0  
    10     22      0.0         0.0        0.0        0.0        0.0        0.0  
    11     21      0.0         0.0        0.0        0.0        0.0        0.0  
    11     25      0.0         0.0        0.0        0.0        0.0        0.0  
    12     22      0.0         0.0        0.0        0.0        0.0        0.0  
    12     26      0.0         0.0        0.0        0.0        0.0        0.0  
    13     25      0.0         0.0        0.0        0.0        0.0        0.0  
    13     29      0.0         0.0        0.0        0.0        0.0        0.0  
    14     26      0.0         0.0        0.0        0.0        0.0        0.0  
    14     30      0.0         0.0        0.0        0.0        0.0        0.0  
    15     29      0.0         0.0        0.0        0.0        0.0        0.0  
    15     33      0.0         0.0        0.0        0.0        0.0        0.0  
    16     30      0.0         0.0        0.0        0.0        0.0        0.0  
    16     34      0.0         0.0        0.0        0.0        0.0        0.0  
    17     33      0.0         0.0        0.0        0.0        0.0        0.0  
    17     37      0.0         0.0        0.0        0.0        0.0        0.0  
    18     34      0.0         0.0        0.0        0.0        0.0        0.0  
    18     38      0.0         0.0        0.0        0.0        0.0        0.0  
    19     37      0.0         0.0        0.0        0.0        0.0        0.0  
    19     41      0.0         0.0        0.0        0.0        0.0        0.0  
    20     38      0.0         0.0        0.0        0.0        0.0        0.0  
    20     42      0.0         0.0        0.0        0.0        0.0        0.0  
    21     41      0.0         0.0        0.0        0.0        0.0        0.0  
    21     45      0.0         0.0        0.0        0.0        0.0        0.0  
    22     42      0.0         0.0        0.0        0.0        0.0        0.0  
    22     46      0.0         0.0        0.0        0.0        0.0        0.0  
    23     45      0.0         0.0        0.0        0.0        0.0        0.0  
    23     49      0.0         0.0        0.0        0.0        0.0        0.0  
    24     46      0.0         0.0        0.0        0.0        0.0        0.0  
    24     50      0.0         0.0        0.0        0.0        0.0        0.0  
    25     49      0.0         0.0        0.0        0.0        0.0        0.0  
    25     53      0.0         0.0        0.0        0.0        0.0        0.0  
    26     50      0.0         0.0        0.0        0.0        0.0        0.0  
    26     54      0.0         0.0        0.0        0.0        0.0        0.0  
    27     53      0.0         0.0        0.0        0.0        0.0        0.0  
    27     57      0.0         0.0        0.0        0.0        0.0        0.0  
    28     54      0.0         0.0        0.0        0.0        0.0        0.0  
    28     58      0.0         0.0        0.0        0.0        0.0        0.0  
    29      1      0.0         0.0        0.0        0.0        0.0        0.0  
    29      2      0.0         0.0        0.0        0.0        0.0        0.0  
    30      5      0.0         0.0        0.0        0.0        0.0        0.0  
    30      6      0.0         0.0        0.0        0.0        0.0        0.0  
    31      9      0.0         0.0        0.0        0.0        0.0        0.0  
    31     10      0.0         0.0        0.0        0.0        0.0        0.0  
    32     13      0.0         0.0        0.0        0.0        0.0        0.0  
    32     14      0.0         0.0        0.0        0.0        0.0        0.0  
    33     17      0.0         0.0        0.0        0.0        0.0        0.0  
    33     18      0.0         0.0        0.0        0.0        0.0        0.0  
    34     21      0.0         0.0        0.0        0.0        0.0        0.0  
    34     22      0.0         0.0        0.0        0.0        0.0        0.0  
    35     25      0.0         0.0        0.0        0.0        0.0        0.0  
    35     26      0.0         0.0        0.0        0.0        0.0        0.0  
    36     29      0.0         0.0        0.0        0.0        0.0        0.0  
    36     30      0.0         0.0        0.0        0.0        0.0        0.0  
    37     33      0.0         0.0        0.0        0.0        0.0        0.0  
    37     34      0.0         0.0        0.0        0.0        0.0        0.0  
    38     37      0.0         0.0        0.0        0.0        0.0        0.0  
    38     38      0.0         0.0        0.0        0.0        0.0        0.0  
    39     41      0.0         0.0        0.0        0.0        0.0        0.0  
    39     42      0.0         0.0        0.0        0.0        0.0        0.0  
    40     45      0.0         0.0        0.0        0.0        0.0        0.0  
    40     46      0.0         0.0        0.0        0.0        0.0        0.0  
    41     49      0.0         0.0        0.0        0.0        0.0        0.0  
    41     50      0.0         0.0        0.0        0.0        0.0        0.0  
    42     53      0.0         0.0        0.0        0.0        0.0        0.0  
    42     54      0.0         0.0        0.0        0.0        0.0        0.0  
    43     57      0.0         0.0        0.0        0.0        0.0        0.0  
    43     58      0.0         0.0        0.0        0.0        0.0        0.0  
    44      2      0.0         0.0        0.0        0.0        0.0        0.0  
    44      5      0.0         0.0        0.0        0.0        0.0        0.0  
    45      2      0.0         0.0        0.0        0.0        0.0        0.0  
    45      5      0.0         0.0        0.0        0.0        0.0        0.0  
    46      6      0.0         0.0        0.0        0.0        0.0        0.0  
    46      9      0.0         0.0        0.0        0.0        0.0        0.0  
    47      6      0.0         0.0        0.0        0.0        0.0        0.0  
    47      9      0.0         0.0        0.0        0.0        0.0        0.0  
    48     10      0.0         0.0        0.0        0.0        0.0        0.0  
    48     13      0.0         0.0        0.0        0.0        0.0        0.0  
    49     10      0.0         0.0        0.0        0.0        0.0        0.0  
    49     13      0.0         0.0        0.0        0.0        0.0        0.0  
    50     14      0.0         0.0        0.0        0.0        0.0        0.0  
    50     17      0.0         0.0        0.0        0.0        0.0        0.0  
    51     14      0.0         0.0        0.0        0.0        0.0        0.0  
    51     17      0.0         0.0        0.0        0.0        0.0        0.0  
    52     18      0.0         0.0        0.0        0.0        0.0        0.0  
    52     21      0.0         0.0        0.0        0.0        0.0        0.0  
    53     18      0.0         0.0        0.0        0.0        0.0        0.0  
    53     21      0.0         0.0        0.0        0.0        0.0        0.0  
    54     22      0.0         0.0        0.0        0.0        0.0        0.0  
    54     25      0.0         0.0        0.0        0.0        0.0        0.0  
    55     22      0.0         0.0        0.0        0.0        0.0        0.0  
    55     25      0.0         0.0        0.0        0.0        0.0        0.0  
    56     26      0.0         0.0        0.0        0.0        0.0        0.0  
    56     29      0.0         0.0        0.0        0.0        0.0        0.0  
    57     26      0.0         0.0        0.0        0.0        0.0        0.0  
    57     29      0.0         0.0        0.0        0.0        0.0        0.0  
    58     29      0.0         0.0        0.0        0.0        0.0        0.0  
    58     34      0.0         0.0        0.0        0.0        0.0        0.0  
    59     29      0.0         0.0        0.0        0.0        0.0        0.0  
    59     34      0.0         0.0        0.0        0.0        0.0        0.0  
    60     33      0.0         0.0        0.0        0.0        0.0        0.0  
    60     38      0.0         0.0        0.0        0.0        0.0        0.0  
    61     33      0.0         0.0        0.0        0.0        0.0        0.0  
    61     38      0.0         0.0        0.0        0.0        0.0        0.0  
    62     37      0.0         0.0        0.0        0.0        0.0        0.0  
    62     42      0.0         0.0        0.0        0.0        0.0        0.0  
    63     37      0.0         0.0        0.0        0.0        0.0        0.0  
    63     42      0.0         0.0        0.0        0.0        0.0        0.0  
    64     41      0.0         0.0        0.0        0.0        0.0        0.0  
    64     46      0.0         0.0        0.0        0.0        0.0        0.0  
    65     41      0.0         0.0        0.0        0.0        0.0        0.0  
    65     46      0.0         0.0        0.0        0.0        0.0        0.0  
    66     45      0.0         0.0        0.0        0.0        0.0        0.0  
    66     50      0.0         0.0        0.0        0.0        0.0        0.0  
    67     45      0.0         0.0        0.0        0.0        0.0        0.0  
    67     50      0.0         0.0        0.0        0.0        0.0        0.0  
    68     49      0.0         0.0        0.0        0.0        0.0        0.0  
    68     54      0.0         0.0        0.0        0.0        0.0        0.0  
    69     49      0.0         0.0        0.0        0.0        0.0        0.0  
    69     54      0.0         0.0        0.0        0.0        0.0        0.0  
    70     53      0.0         0.0        0.0        0.0        0.0        0.0  
    70     58      0.0         0.0        0.0        0.0        0.0        0.0  
    71     53      0.0         0.0        0.0        0.0        0.0        0.0  
    71     58      0.0         0.0        0.0        0.0        0.0        0.0  
    72      3      0.0         0.0        0.0        0.0        0.0        0.0  
    72      7      0.0         0.0        0.0        0.0        0.0        0.0  
    73      4      0.0         0.0        0.0        0.0        0.0        0.0  
    73      8      0.0         0.0        0.0        0.0        0.0        0.0  
    74      7      0.0         0.0        0.0        0.0        0.0        0.0  
    74     11      0.0         0.0        0.0        0.0        0.0        0.0  
    75      8      0.0         0.0        0.0        0.0        0.0        0.0  
    75     12      0.0         0.0        0.0        0.0        0.0        0.0  
    76     11      0.0         0.0        0.0        0.0        0.0        0.0  
    76     15      0.0         0.0        0.0        0.0        0.0        0.0  
    77     12      0.0         0.0        0.0        0.0        0.0        0.0  
    77     16      0.0         0.0        0.0        0.0        0.0        0.0  
    78     15      0.0         0.0        0.0        0.0        0.0        0.0  
    78     19      0.0         0.0        0.0        0.0        0.0        0.0  
    79     16      0.0         0.0        0.0        0.0        0.0        0.0  
    79     20      0.0         0.0        0.0        0.0        0.0        0.0  
    80     19      0.0         0.0        0.0        0.0        0.0        0.0  
    80     23      0.0         0.0        0.0        0.0        0.0        0.0  
    81     20      0.0         0.0        0.0        0.0        0.0        0.0  
    81     24      0.0         0.0        0.0        0.0        0.0        0.0  
    82     23      0.0         0.0        0.0        0.0        0.0        0.0  
    82     27      0.0         0.0        0.0        0.0        0.0        0.0  
    83     24      0.0         0.0        0.0        0.0        0.0        0.0  
    83     28      0.0         0.0        0.0        0.0        0.0        0.0  
    84     27      0.0         0.0        0.0        0.0        0.0        0.0  
    84     31      0.0         0.0        0.0        0.0        0.0        0.0  
    85     28      0.0         0.0        0.0        0.0        0.0        0.0  
    85     32      0.0         0.0        0.0        0.0        0.0        0.0  
    86     31      0.0         0.0        0.0        0.0        0.0        0.0  
    86     35      0.0         0.0        0.0        0.0        0.0        0.0  
    87     32      0.0         0.0        0.0        0.0        0.0        0.0  
    87     36      0.0         0.0        0.0        0.0        0.0        0.0  
    88     35      0.0         0.0        0.0        0.0        0.0        0.0  
    88     39      0.0         0.0        0.0        0.0        0.0        0.0  
    89     36      0.0         0.0        0.0        0.0        0.0        0.0  
    89     40      0.0         0.0        0.0        0.0        0.0        0.0  
    90     39      0.0         0.0        0.0        0.0        0.0        0.0  
    90     43      0.0         0.0        0.0        0.0        0.0        0.0  
    91     40      0.0         0.0        0.0        0.0        0.0        0.0  
    91     44      0.0         0.0        0.0        0.0        0.0        0.0  
    92     43      0.0         0.0        0.0        0.0        0.0        0.0  
    92     47      0.0         0.0        0.0        0.0        0.0        0.0  
    93     44      0.0         0.0        0.0        0.0        0.0        0.0  
    93     48      0.0         0.0        0.0        0.0        0.0        0.0  
    94     47      0.0         0.0        0.0        0.0        0.0        0.0  
    94     51      0.0         0.0        0.0        0.0        0.0        0.0  
    95     48      0.0         0.0        0.0        0.0        0.0        0.0  
    95     52      0.0         0.0        0.0        0.0        0.0        0.0  
    96     51      0.0         0.0        0.0        0.0        0.0        0.0  
    96     55      0.0         0.0        0.0        0.0        0.0        0.0  
    97     52      0.0         0.0        0.0        0.0        0.0        0.0  
    97     56      0.0         0.0        0.0        0.0        0.0        0.0  
    98     55      0.0         0.0        0.0        0.0        0.0        0.0  
    98     59      0.0         0.0        0.0        0.0        0.0        0.0  
    99     56      0.0         0.0        0.0        0.0        0.0        0.0  
    99     60      0.0         0.0        0.0        0.0        0.0        0.0  
   100      3      0.0         0.0        0.0        0.0        0.0        0.0  
   100      4      0.0         0.0        0.0        0.0        0.0        0.0  
   101      7      0.0         0.0        0.0        0.0        0.0        0.0  
   101      8      0.0         0.0        0.0        0.0        0.0        0.0  
   102     11      0.0         0.0        0.0        0.0        0.0        0.0  
   102     12      0.0         0.0        0.0        0.0        0.0        0.0  
   103     15      0.0         0.0        0.0        0.0        0.0        0.0  
   103     16      0.0         0.0        0.0        0.0        0.0        0.0  
   104     19      0.0         0.0        0.0        0.0        0.0        0.0  
   104     20      0.0         0.0        0.0        0.0        0.0        0.0  
   105     23      0.0         0.0        0.0        0.0        0.0        0.0  
   105     24      0.0         0.0        0.0        0.0        0.0        0.0  
   106     27      0.0         0.0        0.0        0.0        0.0        0.0  
   106     28      0.0         0.0        0.0        0.0        0.0        0.0  
   107     31      0.0         0.0        0.0        0.0        0.0        0.0  
   107     32      0.0         0.0        0.0        0.0        0.0        0.0  
   108     35      0.0         0.0        0.0        0.0        0.0        0.0  
   108     36      0.0         0.0        0.0        0.0        0.0        0.0  
   109     39      0.0         0.0        0.0        0.0        0.0        0.0  
   109     40      0.0         0.0        0.0        0.0        0.0        0.0  
   110     43      0.0         0.0        0.0        0.0        0.0        0.0  
   110     44      0.0         0.0        0.0        0.0        0.0        0.0  
   111     47      0.0         0.0        0.0        0.0        0.0        0.0  
   111     48      0.0         0.0        0.0        0.0        0.0        0.0  
   112     51      0.0         0.0        0.0        0.0        0.0        0.0  
   112     52      0.0         0.0        0.0        0.0        0.0        0.0  
   113     55      0.0         0.0        0.0        0.0        0.0        0.0  
   113     56      0.0         0.0        0.0        0.0        0.0        0.0  
   114     59      0.0         0.0        0.0        0.0        0.0        0.0  
   114     60      0.0         0.0        0.0        0.0        0.0        0.0  
   115      4      0.0         0.0        0.0        0.0        0.0        0.0  
   115      7      0.0         0.0        0.0        0.0        0.0        0.0  
   116      4      0.0         0.0        0.0        0.0        0.0        0.0  
   116      7      0.0         0.0        0.0        0.0        0.0        0.0  
   117      8      0.0         0.0        0.0        0.0        0.0        0.0  
   117     11      0.0         0.0        0.0        0.0        0.0        0.0  
   118      8      0.0         0.0        0.0        0.0        0.0        0.0  
   118     11      0.0         0.0        0.0        0.0        0.0        0.0  
   119     12      0.0         0.0        0.0        0.0        0.0        0.0  
   119     15      0.0         0.0        0.0        0.0        0.0        0.0  
   120     12      0.0         0.0        0.0        0.0        0.0        0.0  
   120     15      0.0         0.0        0.0        0.0        0.0        0.0  
   121     16      0.0         0.0        0.0        0.0        0.0        0.0  
   121     19      0.0         0.0        0.0        0.0        0.0        0.0  
   122     16      0.0         0.0        0.0        0.0        0.0        0.0  
   122     19      0.0         0.0        0.0        0.0        0.0        0.0  
   123     20      0.0         0.0        0.0        0.0        0.0        0.0  
   123     23      0.0         0.0        0.0        0.0        0.0        0.0  
   124     20      0.0         0.0        0.0        0.0        0.0        0.0  
   124     23      0.0         0.0        0.0        0.0        0.0        0.0  
   125     24      0.0         0.0        0.0        0.0        0.0        0.0  
   125     27      0.0         0.0        0.0        0.0        0.0        0.0  
   126     24      0.0         0.0        0.0        0.0        0.0        0.0  
   126     27      0.0         0.0        0.0        0.0        0.0        0.0  
   127     28      0.0         0.0        0.0        0.0        0.0        0.0  
   127     31      0.0         0.0        0.0        0.0        0.0        0.0  
   128     28      0.0         0.0        0.0        0.0        0.0        0.0  
   128     31      0.0         0.0        0.0        0.0        0.0        0.0  
   129     31      0.0         0.0        0.0        0.0        0.0        0.0  
   129     36      0.0         0.0        0.0        0.0        0.0        0.0  
   130     31      0.0         0.0        0.0        0.0        0.0        0.0  
   130     36      0.0         0.0        0.0        0.0        0.0        0.0  
   131     35      0.0         0.0        0.0        0.0        0.0        0.0  
   131     40      0.0         0.0        0.0        0.0        0.0        0.0  
   132     35      0.0         0.0        0.0        0.0        0.0        0.0  
   132     40      0.0         0.0        0.0        0.0        0.0        0.0  
   133     39      0.0         0.0        0.0        0.0        0.0        0.0  
   133     44      0.0         0.0        0.0        0.0        0.0        0.0  
   134     39      0.0         0.0        0.0        0.0        0.0        0.0  
   134     44      0.0         0.0        0.0        0.0        0.0        0.0  
   135     43      0.0         0.0        0.0        0.0        0.0        0.0  
   135     48      0.0         0.0        0.0        0.0        0.0        0.0  
   136     43      0.0         0.0        0.0        0.0        0.0        0.0  
   136     48      0.0         0.0        0.0        0.0        0.0        0.0  
   137     47      0.0         0.0        0.0        0.0        0.0        0.0  
   137     52      0.0         0.0        0.0        0.0        0.0        0.0  
   138     47      0.0         0.0        0.0        0.0        0.0        0.0  
   138     52      0.0         0.0        0.0        0.0        0.0        0.0  
   139     51      0.0         0.0        0.0        0.0        0.0        0.0  
   139     56      0.0         0.0        0.0        0.0        0.0        0.0  
   140     51      0.0         0.0        0.0        0.0        0.0        0.0  
   140     56      0.0         0.0        0.0        0.0        0.0        0.0  
   141     55      0.0         0.0        0.0        0.0        0.0        0.0  
   141     60      0.0         0.0        0.0        0.0        0.0        0.0  
   142     55      0.0         0.0        0.0        0.0        0.0        0.0  
   142     60      0.0         0.0        0.0        0.0        0.0        0.0  
   143      1      0.0         0.0        0.0        0.0        0.0        0.0  
   143      3      0.0         0.0        0.0        0.0        0.0        0.0  
   144      2      0.0         0.0        0.0        0.0        0.0        0.0  
   144      4      0.0         0.0        0.0        0.0        0.0        0.0  
   145      5      0.0         0.0        0.0        0.0        0.0        0.0  
   145      7      0.0         0.0        0.0        0.0        0.0        0.0  
   146      6      0.0         0.0        0.0        0.0        0.0        0.0  
   146      8      0.0         0.0        0.0        0.0        0.0        0.0  
   147      9      0.0         0.0        0.0        0.0        0.0        0.0  
   147     11      0.0         0.0        0.0        0.0        0.0        0.0  
   148     10      0.0         0.0        0.0        0.0        0.0        0.0  
   148     12      0.0         0.0        0.0        0.0        0.0        0.0  
   149     13      0.0         0.0        0.0        0.0        0.0        0.0  
   149     15      0.0         0.0        0.0        0.0        0.0        0.0  
   150     14      0.0         0.0        0.0        0.0        0.0        0.0  
   150     16      0.0         0.0        0.0        0.0        0.0        0.0  
   151     17      0.0         0.0        0.0        0.0        0.0        0.0  
   151     19      0.0         0.0        0.0        0.0        0.0        0.0  
   152     18      0.0         0.0        0.0        0.0        0.0        0.0  
   152     20      0.0         0.0        0.0        0.0        0.0        0.0  
   153     21      0.0         0.0        0.0        0.0        0.0        0.0  
   153     23      0.0         0.0        0.0        0.0        0.0        0.0  
   154     22      0.0         0.0        0.0        0.0        0.0        0.0  
   154     24      0.0         0.0        0.0        0.0        0.0        0.0  
   155     25      0.0         0.0        0.0        0.0        0.0        0.0  
   155     27      0.0         0.0        0.0        0.0        0.0        0.0  
   156     26      0.0         0.0        0.0        0.0        0.0        0.0  
   156     28      0.0         0.0        0.0        0.0        0.0        0.0  
   157     29      0.0         0.0        0.0        0.0        0.0        0.0  
   157     31      0.0         0.0        0.0        0.0        0.0        0.0  
   158     30      0.0         0.0        0.0        0.0        0.0        0.0  
   158     32      0.0         0.0        0.0        0.0        0.0        0.0  
   159     33      0.0         0.0        0.0        0.0        0.0        0.0  
   159     35      0.0         0.0        0.0        0.0        0.0        0.0  
   160     34      0.0         0.0        0.0        0.0        0.0        0.0  
   160     36      0.0         0.0        0.0        0.0        0.0        0.0  
   161     37      0.0         0.0        0.0        0.0        0.0        0.0  
   161     39      0.0         0.0        0.0        0.0        0.0        0.0  
   162     38      0.0         0.0        0.0        0.0        0.0        0.0  
   162     40      0.0         0.0        0.0        0.0        0.0        0.0  
   163     41      0.0         0.0        0.0        0.0        0.0        0.0  
   163     43      0.0         0.0        0.0        0.0        0.0        0.0  
   164     42      0.0         0.0        0.0        0.0        0.0        0.0  
   164     44      0.0         0.0        0.0        0.0        0.0        0.0  
   165     45      0.0         0.0        0.0        0.0        0.0        0.0  
   165     47      0.0         0.0        0.0        0.0        0.0        0.0  
   166     46      0.0         0.0        0.0        0.0        0.0        0.0  
   166     48      0.0         0.0        0.0        0.0        0.0        0.0  
   167     49      0.0         0.0        0.0        0.0        0.0        0.0  
   167     51      0.0         0.0        0.0        0.0        0.0        0.0  
   168     50      0.0         0.0        0.0        0.0        0.0        0.0  
   168     52      0.0         0.0        0.0        0.0        0.0        0.0  
   169     53      0.0         0.0        0.0        0.0        0.0        0.0  
   169     55      0.0         0.0        0.0        0.0        0.0        0.0  
   170     54      0.0         0.0        0.0        0.0        0.0        0.0  
   170     56      0.0         0.0        0.0        0.0        0.0        0.0  
   171     57      0.0         0.0        0.0        0.0        0.0        0.0  
   171     59      0.0         0.0        0.0        0.0        0.0        0.0  
   172     58      0.0         0.0        0.0        0.0        0.0        0.0  
   172     60      0.0         0.0        0.0        0.0        0.0        0.0  
   173      1      0.0         0.0        0.0        0.0        0.0        0.0  
   173      7      0.0         0.0        0.0        0.0        0.0        0.0  
   174      2      0.0         0.0        0.0        0.0        0.0        0.0  
   174      8      0.0         0.0        0.0        0.0        0.0        0.0  
   175      5      0.0         0.0        0.0        0.0        0.0        0.0  
   175     11      0.0         0.0        0.0        0.0        0.0        0.0  
   176      6      0.0         0.0        0.0        0.0        0.0        0.0  
   176     12      0.0         0.0        0.0        0.0        0.0        0.0  
   177      9      0.0         0.0        0.0        0.0        0.0        0.0  
   177     15      0.0         0.0        0.0        0.0        0.0        0.0  
   178     10      0.0         0.0        0.0        0.0        0.0        0.0  
   178     16      0.0         0.0        0.0        0.0        0.0        0.0  
   179     13      0.0         0.0        0.0        0.0        0.0        0.0  
   179     19      0.0         0.0        0.0        0.0        0.0        0.0  
   180     14      0.0         0.0        0.0        0.0        0.0        0.0  
   180     20      0.0         0.0        0.0        0.0        0.0        0.0  
   181     17      0.0         0.0        0.0        0.0        0.0        0.0  
   181     23      0.0         0.0        0.0        0.0        0.0        0.0  
   182     18      0.0         0.0        0.0        0.0        0.0        0.0  
   182     24      0.0         0.0        0.0        0.0        0.0        0.0  
   183     21      0.0         0.0        0.0        0.0        0.0        0.0  
   183     27      0.0         0.0        0.0        0.0        0.0        0.0  
   184     22      0.0         0.0        0.0        0.0        0.0        0.0  
   184     28      0.0         0.0        0.0        0.0        0.0        0.0  
   185     25      0.0         0.0        0.0        0.0        0.0        0.0  
   185     31      0.0         0.0        0.0        0.0        0.0        0.0  
   186     26      0.0         0.0        0.0        0.0        0.0        0.0  
   186     32      0.0         0.0        0.0        0.0        0.0        0.0  
   187     29      0.0         0.0        0.0        0.0        0.0        0.0  
   187     35      0.0         0.0        0.0        0.0        0.0        0.0  
   188     30      0.0         0.0        0.0        0.0        0.0        0.0  
   188     36      0.0         0.0        0.0        0.0        0.0        0.0  
   189     33      0.0         0.0        0.0        0.0        0.0        0.0  
   189     39      0.0         0.0        0.0        0.0        0.0        0.0  
   190     34      0.0         0.0        0.0        0.0        0.0        0.0  
   190     40      0.0         0.0        0.0        0.0        0.0        0.0  
   191     37      0.0         0.0        0.0        0.0        0.0        0.0  
   191     43      0.0         0.0        0.0        0.0        0.0        0.0  
   192     38      0.0         0.0        0.0        0.0        0.0        0.0  
   192     44      0.0         0.0        0.0        0.0        0.0        0.0  
   193     41      0.0         0.0        0.0        0.0        0.0        0.0  
   193     47      0.0         0.0        0.0        0.0        0.0        0.0  
   194     42      0.0         0.0        0.0        0.0        0.0        0.0  
   194     48      0.0         0.0        0.0        0.0        0.0        0.0  
   195     45      0.0         0.0        0.0        0.0        0.0        0.0  
   195     51      0.0         0.0        0.0        0.0        0.0        0.0  
   196     46      0.0         0.0        0.0        0.0        0.0        0.0  
   196     52      0.0         0.0        0.0        0.0        0.0        0.0  
   197     49      0.0         0.0        0.0        0.0        0.0        0.0  
   197     55      0.0         0.0        0.0        0.0        0.0        0.0  
   198     50      0.0         0.0        0.0        0.0        0.0        0.0  
   198     56      0.0         0.0        0.0        0.0        0.0        0.0  
   199     53      0.0         0.0        0.0        0.0        0.0        0.0  
   199     59      0.0         0.0        0.0        0.0        0.0        0.0  
   200     54      0.0         0.0        0.0        0.0        0.0        0.0  
   200     60      0.0         0.0        0.0        0.0        0.0        0.0  
   201      1      0.0         0.0        0.0        0.0        0.0        0.0  
   201      4      0.0         0.0        0.0        0.0        0.0        0.0  
   202      2      0.0         0.0        0.0        0.0        0.0        0.0  
   202      3      0.0         0.0        0.0        0.0        0.0        0.0  
   203      5      0.0         0.0        0.0        0.0        0.0        0.0  
   203      8      0.0         0.0        0.0        0.0        0.0        0.0  
   204      6      0.0         0.0        0.0        0.0        0.0        0.0  
   204      7      0.0         0.0        0.0        0.0        0.0        0.0  
   205      9      0.0         0.0        0.0        0.0        0.0        0.0  
   205     12      0.0         0.0        0.0        0.0        0.0        0.0  
   206     10      0.0         0.0        0.0        0.0        0.0        0.0  
   206     11      0.0         0.0        0.0        0.0        0.0        0.0  
   207     13      0.0         0.0        0.0        0.0        0.0        0.0  
   207     16      0.0         0.0        0.0        0.0        0.0        0.0  
   208     14      0.0         0.0        0.0        0.0        0.0        0.0  
   208     15      0.0         0.0        0.0        0.0        0.0        0.0  
   209     17      0.0         0.0        0.0        0.0        0.0        0.0  
   209     20      0.0         0.0        0.0        0.0        0.0        0.0  
   210     18      0.0         0.0        0.0        0.0        0.0        0.0  
   210     19      0.0         0.0        0.0        0.0        0.0        0.0  
   211     21      0.0         0.0        0.0        0.0        0.0        0.0  
   211     24      0.0         0.0        0.0        0.0        0.0        0.0  
   212     22      0.0         0.0        0.0        0.0        0.0        0.0  
   212     23      0.0         0.0        0.0        0.0        0.0        0.0  
   213     25      0.0         0.0        0.0        0.0        0.0        0.0  
   213     28      0.0         0.0        0.0        0.0        0.0        0.0  
   214     26      0.0         0.0        0.0        0.0        0.0        0.0  
   214     27      0.0         0.0        0.0        0.0        0.0        0.0  
   215     29      0.0         0.0        0.0        0.0        0.0        0.0  
   215     32      0.0         0.0        0.0        0.0        0.0        0.0  
   216     30      0.0         0.0        0.0        0.0        0.0        0.0  
   216     31      0.0         0.0        0.0        0.0        0.0        0.0  
   217     33      0.0         0.0        0.0        0.0        0.0        0.0  
   217     36      0.0         0.0        0.0        0.0        0.0        0.0  
   218     34      0.0         0.0        0.0        0.0        0.0        0.0  
   218     35      0.0         0.0        0.0        0.0        0.0        0.0  
   219     37      0.0         0.0        0.0        0.0        0.0        0.0  
   219     40      0.0         0.0        0.0        0.0        0.0        0.0  
   220     38      0.0         0.0        0.0        0.0        0.0        0.0  
   220     39      0.0         0.0        0.0        0.0        0.0        0.0  
   221     41      0.0         0.0        0.0        0.0        0.0        0.0  
   221     44      0.0         0.0        0.0        0.0        0.0        0.0  
   222     42      0.0         0.0        0.0        0.0        0.0        0.0  
   222     43      0.0         0.0        0.0        0.0        0.0        0.0  
   223     45      0.0         0.0        0.0        0.0        0.0        0.0  
   223     48      0.0         0.0        0.0        0.0        0.0        0.0  
   224     46      0.0         0.0        0.0        0.0        0.0        0.0  
   224     47      0.0         0.0        0.0        0.0        0.0        0.0  
   225     49      0.0         0.0        0.0        0.0        0.0        0.0  
   225     52      0.0         0.0        0.0        0.0        0.0        0.0  
   226     50      0.0         0.0        0.0        0.0        0.0        0.0  
   226     51      0.0         0.0        0.0        0.0        0.0        0.0  
   227     53      0.0         0.0        0.0        0.0        0.0        0.0  
   227     56      0.0         0.0        0.0        0.0        0.0        0.0  
   228     54      0.0         0.0        0.0        0.0        0.0        0.0  
   228     55      0.0         0.0        0.0        0.0        0.0        0.0  
   229     57      0.0         0.0        0.0        0.0        0.0        0.0  
   229     60      0.0         0.0        0.0        0.0        0.0        0.0  
   230     58      0.0         0.0        0.0        0.0        0.0        0.0  
   230     59      0.0         0.0        0.0        0.0        0.0        0.0  
   231      1      0.0         0.0        0.0        0.0        0.0        0.0  
   231      5      0.0         0.0        0.0        0.0        0.0        0.0  
   232     53      0.0         0.0        0.0        0.0        0.0        0.0  
   232     57      0.0         0.0        0.0        0.0        0.0        0.0  
   233      3      0.0         0.0        0.0        0.0        0.0        0.0  
   233      7      0.0         0.0        0.0        0.0        0.0        0.0  
   234     55      0.0         0.0        0.0        0.0        0.0        0.0  
   234     59      0.0         0.0        0.0        0.0        0.0        0.0  
R E A C T I O N S							(global)
  Node        Fx          Fy          Fz         Mxx         Myy         Mzz
     5       0.0         0.0         0.000       0.000       0.000       0.000
     7       0.0         0.0         0.000       0.000       0.000       0.000
    53       0.0         0.0         0.000       0.000       0.000       0.000
    55       0.0         0.0         0.000       0.000       0.000       0.000
R M S    R E L A T I V E    E Q U I L I B R I U M    E R R O R: 1.000e+000

P E A K   F R A M E   E L E M E N T   I N T E R N A L   F O R C E S(local)", 
  Elmnt   .         Nx          Vy         Vz        Txx        Myy        Mzz
     1   max       0.000      -0.000      0.000      0.000      0.000     -0.000
     1   min       0.000      -0.000      0.000      0.000      0.000     -0.000
     2   max       0.000      -0.000      0.000      0.000      0.000     -0.000
     2   min       0.000      -0.000      0.000      0.000      0.000     -0.000
     3   max       0.000      -0.000      0.000      0.000      0.000     -0.000
     3   min       0.000      -0.000      0.000      0.000      0.000     -0.000
     4   max       0.000      -0.000      0.000      0.000      0.000     -0.000
     4   min       0.000      -0.000      0.000      0.000      0.000     -0.000
     5   max       0.000      -0.000      0.000      0.000      0.000     -0.000
     5   min       0.000      -0.000      0.000      0.000      0.000     -0.000
     6   max       0.000      -0.000      0.000      0.000      0.000     -0.000
     6   min       0.000      -0.000      0.000      0.000      0.000     -0.000
     7   max       0.000      -0.000      0.000      0.000      0.000     -0.000
     7   min       0.000      -0.000      0.000      0.000      0.000     -0.000
     8   max       0.000      -0.000      0.000      0.000      0.000     -0.000
     8   min       0.000      -0.000      0.000      0.000      0.000     -0.000
     9   max       0.000      -0.000      0.000      0.000      0.000     -0.000
     9   min       0.000      -0.000      0.000      0.000      0.000     -0.000
    10   max       0.000      -0.000      0.000      0.000      0.000     -0.000
    10   min       0.000      -0.000      0.000      0.000      0.000     -0.000
    11   max       0.000      -0.000      0.000      0.000      0.000     -0.000
    11   min       0.000      -0.000      0.000      0.000      0.000     -0.000
    12   max       0.000      -0.000      0.000      0.000      0.000     -0.000
    12   min       0.000      -0.000      0.000      0.000      0.000     -0.000
    13   max       0.000      -0.000      0.000      0.000      0.000     -0.000
    13   min       0.000      -0.000      0.000      0.000      0.000     -0.000
    14   max       0.000      -0.000      0.000      0.000      0.000     -0.000
    14   min       0.000      -0.000      0.000      0.000      0.000     -0.000
    15   max       0.000      -0.000      0.000      0.000      0.000     -0.000
    15   min       0.000      -0.000      0.000      0.000      0.000     -0.000
    16   max       0.000      -0.000      0.000      0.000      0.000     -0.000
    16   min       0.000      -0.000      0.000      0.000      0.000     -0.000
    17   max       0.000      -0.000      0.000      0.000      0.000     -0.000
    17   min       0.000      -0.000      0.000      0.000      0.000     -0.000
    18   max       0.000      -0.000      0.000      0.000      0.000     -0.000
    18   min       0.000      -0.000      0.000      0.000      0.000     -0.000
    19   max       0.000      -0.000      0.000      0.000      0.000     -0.000
    19   min       0.000      -0.000      0.000      0.000      0.000     -0.000
    20   max       0.000      -0.000      0.000      0.000      0.000     -0.000
    20   min       0.000      -0.000      0.000      0.000      0.000     -0.000
    21   max       0.000      -0.000      0.000      0.000      0.000     -0.000
    21   min       0.000      -0.000      0.000      0.000      0.000     -0.000
    22   max       0.000      -0.000      0.000      0.000      0.000     -0.000
    22   min       0.000      -0.000      0.000      0.000      0.000     -0.000
    23   max       0.000      -0.000      0.000      0.000      0.000     -0.000
    23   min       0.000      -0.000      0.000      0.000      0.000     -0.000
    24   max       0.000      -0.000      0.000      0.000      0.000     -0.000
    24   min       0.000      -0.000      0.000      0.000      0.000     -0.000
    25   max       0.000      -0.000      0.000      0.000      0.000     -0.000
    25   min       0.000      -0.000      0.000      0.000      0.000     -0.000
    26   max       0.000      -0.000      0.000      0.000      0.000     -0.000
    26   min       0.000      -0.000      0.000      0.000      0.000     -0.000
    27   max       0.000      -0.000      0.000      0.000      0.000     -0.000
    27   min       0.000      -0.000      0.000      0.000      0.000     -0.000
    28   max       0.000      -0.000      0.000      0.000      0.000     -0.000
    28   min       0.000      -0.000      0.000      0.000      0.000     -0.000
    29   max       0.000      -0.000      0.000      0.000      0.000     -0.000
    29   min       0.000      -0.000      0.000      0.000      0.000     -0.000
    30   max       0.000      -0.000      0.000      0.000      0.000     -0.000
    30   min       0.000      -0.000      0.000      0.000      0.000     -0.000
    31   max       0.000      -0.000      0.000      0.000      0.000     -0.000
    31   min       0.000      -0.000      0.000      0.000      0.000     -0.000
    32   max       0.000      -0.000      0.000      0.000      0.000     -0.000
    32   min       0.000      -0.000      0.000      0.000      0.000     -0.000
    33   max       0.000      -0.000      0.000      0.000      0.000     -0.000
    33   min       0.000      -0.000      0.000      0.000      0.000     -0.000
    34   max       0.000      -0.000      0.000      0.000      0.000     -0.000
    34   min       0.000      -0.000      0.000      0.000      0.000     -0.000
    35   max       0.000      -0.000      0.000      0.000      0.000     -0.000
    35   min       0.000      -0.000      0.000      0.000      0.000     -0.000
    36   max       0.000      -0.000      0.000      0.000      0.000     -0.000
    36   min       0.000      -0.000      0.000      0.000      0.000     -0.000
    37   max       0.000      -0.000      0.000      0.000      0.000     -0.000
    37   min       0.000      -0.000      0.000      0.000      0.000     -0.000
    38   max       0.000      -0.000      0.000      0.000      0.000     -0.000
    38   min       0.000      -0.000      0.000      0.000      0.000     -0.000
    39   max       0.000      -0.000      0.000      0.000      0.000     -0.000
    39   min       0.000      -0.000      0.000      0.000      0.000     -0.000
    40   max       0.000      -0.000      0.000      0.000      0.000     -0.000
    40   min       0.000      -0.000      0.000      0.000      0.000     -0.000
    41   max       0.000      -0.000      0.000      0.000      0.000     -0.000
    41   min       0.000      -0.000      0.000      0.000      0.000     -0.000
    42   max       0.000      -0.000      0.000      0.000      0.000     -0.000
    42   min       0.000      -0.000      0.000      0.000      0.000     -0.000
    43   max       0.000      -0.000      0.000      0.000      0.000     -0.000
    43   min       0.000      -0.000      0.000      0.000      0.000     -0.000
    44   max       0.000      -0.000      0.000      0.000      0.000     -0.000
    44   min       0.000      -0.000      0.000      0.000      0.000     -0.000
    45   max       0.000      -0.000      0.000      0.000      0.000     -0.000
    45   min       0.000      -0.000      0.000      0.000      0.000     -0.000
    46   max       0.000      -0.000      0.000      0.000      0.000     -0.000
    46   min       0.000      -0.000      0.000      0.000      0.000     -0.000
    47   max       0.000      -0.000      0.000      0.000      0.000     -0.000
    47   min       0.000      -0.000      0.000      0.000      0.000     -0.000
    48   max       0.000      -0.000      0.000      0.000      0.000     -0.000
    48   min       0.000      -0.000      0.000      0.000      0.000     -0.000
    49   max       0.000      -0.000      0.000      0.000      0.000     -0.000
    49   min       0.000      -0.000      0.000      0.000      0.000     -0.000
    50   max       0.000      -0.000      0.000      0.000      0.000     -0.000
    50   min       0.000      -0.000      0.000      0.000      0.000     -0.000
    51   max       0.000      -0.000      0.000      0.000      0.000     -0.000
    51   min       0.000      -0.000      0.000      0.000      0.000     -0.000
    52   max       0.000      -0.000      0.000      0.000      0.000     -0.000
    52   min       0.000      -0.000      0.000      0.000      0.000     -0.000
    53   max       0.000      -0.000      0.000      0.000      0.000     -0.000
    53   min       0.000      -0.000      0.000      0.000      0.000     -0.000
    54   max       0.000      -0.000      0.000      0.000      0.000     -0.000
    54   min       0.000      -0.000      0.000      0.000      0.000     -0.000
    55   max       0.000      -0.000      0.000      0.000      0.000     -0.000
    55   min       0.000      -0.000      0.000      0.000      0.000     -0.000
    56   max       0.000      -0.000      0.000      0.000      0.000     -0.000
    56   min       0.000      -0.000      0.000      0.000      0.000     -0.000
    57   max       0.000      -0.000      0.000      0.000      0.000     -0.000
    57   min       0.000      -0.000      0.000      0.000      0.000     -0.000
    58   max       0.000      -0.000      0.000      0.000      0.000     -0.000
    58   min       0.000      -0.000      0.000      0.000      0.000     -0.000
    59   max       0.000      -0.000      0.000      0.000      0.000     -0.000
    59   min       0.000      -0.000      0.000      0.000      0.000     -0.000
    60   max       0.000      -0.000      0.000      0.000      0.000     -0.000
    60   min       0.000      -0.000      0.000      0.000      0.000     -0.000
    61   max       0.000      -0.000      0.000      0.000      0.000     -0.000
    61   min       0.000      -0.000      0.000      0.000      0.000     -0.000
    62   max       0.000      -0.000      0.000      0.000      0.000     -0.000
    62   min       0.000      -0.000      0.000      0.000      0.000     -0.000
    63   max       0.000      -0.000      0.000      0.000      0.000     -0.000
    63   min       0.000      -0.000      0.000      0.000      0.000     -0.000
    64   max       0.000      -0.000      0.000      0.000      0.000     -0.000
    64   min       0.000      -0.000      0.000      0.000      0.000     -0.000
    65   max       0.000      -0.000      0.000      0.000      0.000     -0.000
    65   min       0.000      -0.000      0.000      0.000      0.000     -0.000
    66   max       0.000      -0.000      0.000      0.000      0.000     -0.000
    66   min       0.000      -0.000      0.000      0.000      0.000     -0.000
    67   max       0.000      -0.000      0.000      0.000      0.000     -0.000
    67   min       0.000      -0.000      0.000      0.000      0.000     -0.000
    68   max       0.000      -0.000      0.000      0.000      0.000     -0.000
    68   min       0.000      -0.000      0.000      0.000      0.000     -0.000
    69   max       0.000      -0.000      0.000      0.000      0.000     -0.000
    69   min       0.000      -0.000      0.000      0.000      0.000     -0.000
    70   max       0.000      -0.000      0.000      0.000      0.000     -0.000
    70   min       0.000      -0.000      0.000      0.000      0.000     -0.000
    71   max       0.000      -0.000      0.000      0.000      0.000     -0.000
    71   min       0.000      -0.000      0.000      0.000      0.000     -0.000
    72   max       0.000      -0.000      0.000      0.000      0.000     -0.000
    72   min       0.000      -0.000      0.000      0.000      0.000     -0.000
    73   max       0.000      -0.000      0.000      0.000      0.000     -0.000
    73   min       0.000      -0.000      0.000      0.000      0.000     -0.000
    74   max       0.000      -0.000      0.000      0.000      0.000     -0.000
    74   min       0.000      -0.000      0.000      0.000      0.000     -0.000
    75   max       0.000      -0.000      0.000      0.000      0.000     -0.000
    75   min       0.000      -0.000      0.000      0.000      0.000     -0.000
    76   max       0.000      -0.000      0.000      0.000      0.000     -0.000
    76   min       0.000      -0.000      0.000      0.000      0.000     -0.000
    77   max       0.000      -0.000      0.000      0.000      0.000     -0.000
    77   min       0.000      -0.000      0.000      0.000      0.000     -0.000
    78   max       0.000      -0.000      0.000      0.000      0.000     -0.000
    78   min       0.000      -0.000      0.000      0.000      0.000     -0.000
    79   max       0.000      -0.000      0.000      0.000      0.000     -0.000
    79   min       0.000      -0.000      0.000      0.000      0.000     -0.000
    80   max       0.000      -0.000      0.000      0.000      0.000     -0.000
    80   min       0.000      -0.000      0.000      0.000      0.000     -0.000
    81   max       0.000      -0.000      0.000      0.000      0.000     -0.000
    81   min       0.000      -0.000      0.000      0.000      0.000     -0.000
    82   max       0.000      -0.000      0.000      0.000      0.000     -0.000
    82   min       0.000      -0.000      0.000      0.000      0.000     -0.000
    83   max       0.000      -0.000      0.000      0.000      0.000     -0.000
    83   min       0.000      -0.000      0.000      0.000      0.000     -0.000
    84   max       0.000      -0.000      0.000      0.000      0.000     -0.000
    84   min       0.000      -0.000      0.000      0.000      0.000     -0.000
    85   max       0.000      -0.000      0.000      0.000      0.000     -0.000
    85   min       0.000      -0.000      0.000      0.000      0.000     -0.000
    86   max       0.000      -0.000      0.000      0.000      0.000     -0.000
    86   min       0.000      -0.000      0.000      0.000      0.000     -0.000
    87   max       0.000      -0.000      0.000      0.000      0.000     -0.000
    87   min       0.000      -0.000      0.000      0.000      0.000     -0.000
    88   max       0.000      -0.000      0.000      0.000      0.000     -0.000
    88   min       0.000      -0.000      0.000      0.000      0.000     -0.000
    89   max       0.000      -0.000      0.000      0.000      0.000     -0.000
    89   min       0.000      -0.000      0.000      0.000      0.000     -0.000
    90   max       0.000      -0.000      0.000      0.000      0.000     -0.000
    90   min       0.000      -0.000      0.000      0.000      0.000     -0.000
    91   max       0.000      -0.000      0.000      0.000      0.000     -0.000
    91   min       0.000      -0.000      0.000      0.000      0.000     -0.000
    92   max       0.000      -0.000      0.000      0.000      0.000     -0.000
    92   min       0.000      -0.000      0.000      0.000      0.000     -0.000
    93   max       0.000      -0.000      0.000      0.000      0.000     -0.000
    93   min       0.000      -0.000      0.000      0.000      0.000     -0.000
    94   max       0.000      -0.000      0.000      0.000      0.000     -0.000
    94   min       0.000      -0.000      0.000      0.000      0.000     -0.000
    95   max       0.000      -0.000      0.000      0.000      0.000     -0.000
    95   min       0.000      -0.000      0.000      0.000      0.000     -0.000
    96   max       0.000      -0.000      0.000      0.000      0.000     -0.000
    96   min       0.000      -0.000      0.000      0.000      0.000     -0.000
    97   max       0.000      -0.000      0.000      0.000      0.000     -0.000
    97   min       0.000      -0.000      0.000      0.000      0.000     -0.000
    98   max       0.000      -0.000      0.000      0.000      0.000     -0.000
    98   min       0.000      -0.000      0.000      0.000      0.000     -0.000
    99   max       0.000      -0.000      0.000      0.000      0.000     -0.000
    99   min       0.000      -0.000      0.000      0.000      0.000     -0.000
   100   max       0.000      -0.000      0.000      0.000      0.000     -0.000
   100   min       0.000      -0.000      0.000      0.000      0.000     -0.000
   101   max       0.000      -0.000      0.000      0.000      0.000     -0.000
   101   min       0.000      -0.000      0.000      0.000      0.000     -0.000
   102   max       0.000      -0.000      0.000      0.000      0.000     -0.000
   102   min       0.000      -0.000      0.000      0.000      0.000     -0.000
   103   max       0.000      -0.000      0.000      0.000      0.000     -0.000
   103   min       0.000      -0.000      0.000      0.000      0.000     -0.000
   104   max       0.000      -0.000      0.000      0.000      0.000     -0.000
   104   min       0.000      -0.000      0.000      0.000      0.000     -0.000
   105   max       0.000      -0.000      0.000      0.000      0.000     -0.000
   105   min       0.000      -0.000      0.000      0.000      0.000     -0.000
   106   max       0.000      -0.000      0.000      0.000      0.000     -0.000
   106   min       0.000      -0.000      0.000      0.000      0.000     -0.000
   107   max       0.000      -0.000      0.000      0.000      0.000     -0.000
   107   min       0.000      -0.000      0.000      0.000      0.000     -0.000
   108   max       0.000      -0.000      0.000      0.000      0.000     -0.000
   108   min       0.000      -0.000      0.000      0.000      0.000     -0.000
   109   max       0.000      -0.000      0.000      0.000      0.000     -0.000
   109   min       0.000      -0.000      0.000      0.000      0.000     -0.000
   110   max       0.000      -0.000      0.000      0.000      0.000     -0.000
   110   min       0.000      -0.000      0.000      0.000      0.000     -0.000
   111   max       0.000      -0.000      0.000      0.000      0.000     -0.000
   111   min       0.000      -0.000      0.000      0.000      0.000     -0.000
   112   max       0.000      -0.000      0.000      0.000      0.000     -0.000
   112   min       0.000      -0.000      0.000      0.000      0.000     -0.000
   113   max       0.000      -0.000      0.000      0.000      0.000     -0.000
   113   min       0.000      -0.000      0.000      0.000      0.000     -0.000
   114   max       0.000      -0.000      0.000      0.000      0.000     -0.000
   114   min       0.000      -0.000      0.000      0.000      0.000     -0.000
   115   max       0.000      -0.000      0.000      0.000      0.000     -0.000
   115   min       0.000      -0.000      0.000      0.000      0.000     -0.000
   116   max       0.000      -0.000      0.000      0.000      0.000     -0.000
   116   min       0.000      -0.000      0.000      0.000      0.000     -0.000
   117   max       0.000      -0.000      0.000      0.000      0.000     -0.000
   117   min       0.000      -0.000      0.000      0.000      0.000     -0.000
   118   max       0.000      -0.000      0.000      0.000      0.000     -0.000
   118   min       0.000      -0.000      0.000      0.000      0.000     -0.000
   119   max       0.000      -0.000      0.000      0.000      0.000     -0.000
   119   min       0.000      -0.000      0.000      0.000      0.000     -0.000
   120   max       0.000      -0.000      0.000      0.000      0.000     -0.000
   120   min       0.000      -0.000      0.000      0.000      0.000     -0.000
   121   max       0.000      -0.000      0.000      0.000      0.000     -0.000
   121   min       0.000      -0.000      0.000      0.000      0.000     -0.000
   122   max       0.000      -0.000      0.000      0.000      0.000     -0.000
   122   min       0.000      -0.000      0.000      0.000      0.000     -0.000
   123   max       0.000      -0.000      0.000      0.000      0.000     -0.000
   123   min       0.000      -0.000      0.000      0.000      0.000     -0.000
   124   max       0.000      -0.000      0.000      0.000      0.000     -0.000
   124   min       0.000      -0.000      0.000      0.000      0.000     -0.000
   125   max       0.000      -0.000      0.000      0.000      0.000     -0.000
   125   min       0.000      -0.000      0.000      0.000      0.000     -0.000
   126   max       0.000      -0.000      0.000      0.000      0.000     -0.000
   126   min       0.000      -0.000      0.000      0.000      0.000     -0.000
   127   max       0.000      -0.000      0.000      0.000      0.000     -0.000
   127   min       0.000      -0.000      0.000      0.000      0.000     -0.000
   128   max       0.000      -0.000      0.000      0.000      0.000     -0.000
   128   min       0.000      -0.000      0.000      0.000      0.000     -0.000
   129   max       0.000      -0.000      0.000      0.000      0.000     -0.000
   129   min       0.000      -0.000      0.000      0.000      0.000     -0.000
   130   max       0.000      -0.000      0.000      0.000      0.000     -0.000
   130   min       0.000      -0.000      0.000      0.000      0.000     -0.000
   131   max       0.000      -0.000      0.000      0.000      0.000     -0.000
   131   min       0.000      -0.000      0.000      0.000      0.000     -0.000
   132   max       0.000      -0.000      0.000      0.000      0.000     -0.000
   132   min       0.000      -0.000      0.000      0.000      0.000     -0.000
   133   max       0.000      -0.000      0.000      0.000      0.000     -0.000
   133   min       0.000      -0.000      0.000      0.000      0.000     -0.000
   134   max       0.000      -0.000      0.000      0.000      0.000     -0.000
   134   min       0.000      -0.000      0.000      0.000      0.000     -0.000
   135   max       0.000      -0.000      0.000      0.000      0.000     -0.000
   135   min       0.000      -0.000      0.000      0.000      0.000     -0.000
   136   max       0.000      -0.000      0.000      0.000      0.000     -0.000
   136   min       0.000      -0.000      0.000      0.000      0.000     -0.000
   137   max       0.000      -0.000      0.000      0.000      0.000     -0.000
   137   min       0.000      -0.000      0.000      0.000      0.000     -0.000
   138   max       0.000      -0.000      0.000      0.000      0.000     -0.000
   138   min       0.000      -0.000      0.000      0.000      0.000     -0.000
   139   max       0.000      -0.000      0.000      0.000      0.000     -0.000
   139   min       0.000      -0.000      0.000      0.000      0.000     -0.000
   140   max       0.000      -0.000      0.000      0.000      0.000     -0.000
   140   min       0.000      -0.000      0.000      0.000      0.000     -0.000
   141   max       0.000      -0.000      0.000      0.000      0.000     -0.000
   141   min       0.000      -0.000      0.000      0.000      0.000     -0.000
   142   max       0.000      -0.000      0.000      0.000      0.000     -0.000
   142   min       0.000      -0.000      0.000      0.000      0.000     -0.000
   143   max       0.000      -0.000      0.000      0.000      0.000     -0.000
   143   min       0.000      -0.000      0.000      0.000      0.000     -0.000
   144   max       0.000      -0.000      0.000      0.000      0.000     -0.000
   144   min       0.000      -0.000      0.000      0.000      0.000     -0.000
   145   max       0.000      -0.000      0.000      0.000      0.000     -0.000
   145   min       0.000      -0.000      0.000      0.000      0.000     -0.000
   146   max       0.000      -0.000      0.000      0.000      0.000     -0.000
   146   min       0.000      -0.000      0.000      0.000      0.000     -0.000
   147   max       0.000      -0.000      0.000      0.000      0.000     -0.000
   147   min       0.000      -0.000      0.000      0.000      0.000     -0.000
   148   max       0.000      -0.000      0.000      0.000      0.000     -0.000
   148   min       0.000      -0.000      0.000      0.000      0.000     -0.000
   149   max       0.000      -0.000      0.000      0.000      0.000     -0.000
   149   min       0.000      -0.000      0.000      0.000      0.000     -0.000
   150   max       0.000      -0.000      0.000      0.000      0.000     -0.000
   150   min       0.000      -0.000      0.000      0.000      0.000     -0.000
   151   max       0.000      -0.000      0.000      0.000      0.000     -0.000
   151   min       0.000      -0.000      0.000      0.000      0.000     -0.000
   152   max       0.000      -0.000      0.000      0.000      0.000     -0.000
   152   min       0.000      -0.000      0.000      0.000      0.000     -0.000
   153   max       0.000      -0.000      0.000      0.000      0.000     -0.000
   153   min       0.000      -0.000      0.000      0.000      0.000     -0.000
   154   max       0.000      -0.000      0.000      0.000      0.000     -0.000
   154   min       0.000      -0.000      0.000      0.000      0.000     -0.000
   155   max       0.000      -0.000      0.000      0.000      0.000     -0.000
   155   min       0.000      -0.000      0.000      0.000      0.000     -0.000
   156   max       0.000      -0.000      0.000      0.000      0.000     -0.000
   156   min       0.000      -0.000      0.000      0.000      0.000     -0.000
   157   max       0.000      -0.000      0.000      0.000      0.000     -0.000
   157   min       0.000      -0.000      0.000      0.000      0.000     -0.000
   158   max       0.000      -0.000      0.000      0.000      0.000     -0.000
   158   min       0.000      -0.000      0.000      0.000      0.000     -0.000
   159   max       0.000      -0.000      0.000      0.000      0.000     -0.000
   159   min       0.000      -0.000      0.000      0.000      0.000     -0.000
   160   max       0.000      -0.000      0.000      0.000      0.000     -0.000
   160   min       0.000      -0.000      0.000      0.000      0.000     -0.000
   161   max       0.000      -0.000      0.000      0.000      0.000     -0.000
   161   min       0.000      -0.000      0.000      0.000      0.000     -0.000
   162   max       0.000      -0.000      0.000      0.000      0.000     -0.000
   162   min       0.000      -0.000      0.000      0.000      0.000     -0.000
   163   max       0.000      -0.000      0.000      0.000      0.000     -0.000
   163   min       0.000      -0.000      0.000      0.000      0.000     -0.000
   164   max       0.000      -0.000      0.000      0.000      0.000     -0.000
   164   min       0.000      -0.000      0.000      0.000      0.000     -0.000
   165   max       0.000      -0.000      0.000      0.000      0.000     -0.000
   165   min       0.000      -0.000      0.000      0.000      0.000     -0.000
   166   max       0.000      -0.000      0.000      0.000      0.000     -0.000
   166   min       0.000      -0.000      0.000      0.000      0.000     -0.000
   167   max       0.000      -0.000      0.000      0.000      0.000     -0.000
   167   min       0.000      -0.000      0.000      0.000      0.000     -0.000
   168   max       0.000      -0.000      0.000      0.000      0.000     -0.000
   168   min       0.000      -0.000      0.000      0.000      0.000     -0.000
   169   max       0.000      -0.000      0.000      0.000      0.000     -0.000
   169   min       0.000      -0.000      0.000      0.000      0.000     -0.000
   170   max       0.000      -0.000      0.000      0.000      0.000     -0.000
   170   min       0.000      -0.000      0.000      0.000      0.000     -0.000
   171   max       0.000      -0.000      0.000      0.000      0.000     -0.000
   171   min       0.000      -0.000      0.000      0.000      0.000     -0.000
   172   max       0.000      -0.000      0.000      0.000      0.000     -0.000
   172   min       0.000      -0.000      0.000      0.000      0.000     -0.000
   173   max       0.000      -0.000      0.000      0.000      0.000     -0.000
   173   min       0.000      -0.000      0.000      0.000      0.000     -0.000
   174   max       0.000      -0.000      0.000      0.000      0.000     -0.000
   174   min       0.000      -0.000      0.000      0.000      0.000     -0.000
   175   max       0.000      -0.000      0.000      0.000      0.000     -0.000
   175   min       0.000      -0.000      0.000      0.000      0.000     -0.000
   176   max       0.000      -0.000      0.000      0.000      0.000     -0.000
   176   min       0.000      -0.000      0.000      0.000      0.000     -0.000
   177   max       0.000      -0.000      0.000      0.000      0.000     -0.000
   177   min       0.000      -0.000      0.000      0.000      0.000     -0.000
   178   max       0.000      -0.000      0.000      0.000      0.000     -0.000
   178   min       0.000      -0.000      0.000      0.000      0.000     -0.000
   179   max       0.000      -0.000      0.000      0.000      0.000     -0.000
   179   min       0.000      -0.000      0.000      0.000      0.000     -0.000
   180   max       0.000      -0.000      0.000      0.000      0.000     -0.000
   180   min       0.000      -0.000      0.000      0.000      0.000     -0.000
   181   max       0.000      -0.000      0.000      0.000      0.000     -0.000
   181   min       0.000      -0.000      0.000      0.000      0.000     -0.000
   182   max       0.000      -0.000      0.000      0.000      0.000     -0.000
   182   min       0.000      -0.000      0.000      0.000      0.000     -0.000
   183   max       0.000      -0.000      0.000      0.000      0.000     -0.000
   183   min       0.000      -0.000      0.000      0.000      0.000     -0.000
   184   max       0.000      -0.000      0.000      0.000      0.000     -0.000
   184   min       0.000      -0.000      0.000      0.000      0.000     -0.000
   185   max       0.000      -0.000      0.000      0.000      0.000     -0.000
   185   min       0.000      -0.000      0.000      0.000      0.000     -0.000
   186   max       0.000      -0.000      0.000      0.000      0.000     -0.000
   186   min       0.000      -0.000      0.000      0.000      0.000     -0.000
   187   max       0.000      -0.000      0.000      0.000      0.000     -0.000
   187   min       0.000      -0.000      0.000      0.000      0.000     -0.000
   188   max       0.000      -0.000      0.000      0.000      0.000     -0.000
   188   min       0.000      -0.000      0.000      0.000      0.000     -0.000
   189   max       0.000      -0.000      0.000      0.000      0.000     -0.000
   189   min       0.000      -0.000      0.000      0.000      0.000     -0.000
   190   max       0.000      -0.000      0.000      0.000      0.000     -0.000
   190   min       0.000      -0.000      0.000      0.000      0.000     -0.000
   191   max       0.000      -0.000      0.000      0.000      0.000     -0.000
   191   min       0.000      -0.000      0.000      0.000      0.000     -0.000
   192   max       0.000      -0.000      0.000      0.000      0.000     -0.000
   192   min       0.000      -0.000      0.000      0.000      0.000     -0.000
   193   max       0.000      -0.000      0.000      0.000      0.000     -0.000
   193   min       0.000      -0.000      0.000      0.000      0.000     -0.000
   194   max       0.000      -0.000      0.000      0.000      0.000     -0.000
   194   min       0.000      -0.000      0.000      0.000      0.000     -0.000
   195   max       0.000      -0.000      0.000      0.000      0.000     -0.000
   195   min       0.000      -0.000      0.000      0.000      0.000     -0.000
   196   max       0.000      -0.000      0.000      0.000      0.000     -0.000
   196   min       0.000      -0.000      0.000      0.000      0.000     -0.000
   197   max       0.000      -0.000      0.000      0.000      0.000     -0.000
   197   min       0.000      -0.000      0.000      0.000      0.000     -0.000
   198   max       0.000      -0.000      0.000      0.000      0.000     -0.000
   198   min       0.000      -0.000      0.000      0.000      0.000     -0.000
   199   max       0.000      -0.000      0.000      0.000      0.000     -0.000
   199   min       0.000      -0.000      0.000      0.000      0.000     -0.000
   200   max       0.000      -0.000      0.000      0.000      0.000     -0.000
   200   min       0.000      -0.000      0.000      0.000      0.000     -0.000
   201   max       0.000      -0.000      0.000      0.000      0.000     -0.000
   201   min       0.000      -0.000      0.000      0.000      0.000     -0.000
   202   max       0.000      -0.000      0.000      0.000      0.000     -0.000
   202   min       0.000      -0.000      0.000      0.000      0.000     -0.000
   203   max       0.000      -0.000      0.000      0.000      0.000     -0.000
   203   min       0.000      -0.000      0.000      0.000      0.000     -0.000
   204   max       0.000      -0.000      0.000      0.000      0.000     -0.000
   204   min       0.000      -0.000      0.000      0.000      0.000     -0.000
   205   max       0.000      -0.000      0.000      0.000      0.000     -0.000
   205   min       0.000      -0.000      0.000      0.000      0.000     -0.000
   206   max       0.000      -0.000      0.000      0.000      0.000     -0.000
   206   min       0.000      -0.000      0.000      0.000      0.000     -0.000
   207   max       0.000      -0.000      0.000      0.000      0.000     -0.000
   207   min       0.000      -0.000      0.000      0.000      0.000     -0.000
   208   max       0.000      -0.000      0.000      0.000      0.000     -0.000
   208   min       0.000      -0.000      0.000      0.000      0.000     -0.000
   209   max       0.000      -0.000      0.000      0.000      0.000     -0.000
   209   min       0.000      -0.000      0.000      0.000      0.000     -0.000
   210   max       0.000      -0.000      0.000      0.000      0.000     -0.000
   210   min       0.000      -0.000      0.000      0.000      0.000     -0.000
   211   max       0.000      -0.000      0.000      0.000      0.000     -0.000
   211   min       0.000      -0.000      0.000      0.000      0.000     -0.000
   212   max       0.000      -0.000      0.000      0.000      0.000     -0.000
   212   min       0.000      -0.000      0.000      0.000      0.000     -0.000
   213   max       0.000      -0.000      0.000      0.000      0.000     -0.000
   213   min       0.000      -0.000      0.000      0.000      0.000     -0.000
   214   max       0.000      -0.000      0.000      0.000      0.000     -0.000
   214   min       0.000      -0.000      0.000      0.000      0.000     -0.000
   215   max       0.000      -0.000      0.000      0.000      0.000     -0.000
   215   min       0.000      -0.000      0.000      0.000      0.000     -0.000
   216   max       0.000      -0.000      0.000      0.000      0.000     -0.000
   216   min       0.000      -0.000      0.000      0.000      0.000     -0.000
   217   max       0.000      -0.000      0.000      0.000      0.000     -0.000
   217   min       0.000      -0.000      0.000      0.000      0.000     -0.000
   218   max       0.000      -0.000      0.000      0.000      0.000     -0.000
   218   min       0.000      -0.000      0.000      0.000      0.000     -0.000
   219   max       0.000      -0.000      0.000      0.000      0.000     -0.000
   219   min       0.000      -0.000      0.000      0.000      0.000     -0.000
   220   max       0.000      -0.000      0.000      0.000      0.000     -0.000
   220   min       0.000      -0.000      0.000      0.000      0.000     -0.000
   221   max       0.000      -0.000      0.000      0.000      0.000     -0.000
   221   min       0.000      -0.000      0.000      0.000      0.000     -0.000
   222   max       0.000      -0.000      0.000      0.000      0.000     -0.000
   222   min       0.000      -0.000      0.000      0.000      0.000     -0.000
   223   max       0.000      -0.000      0.000      0.000      0.000     -0.000
   223   min       0.000      -0.000      0.000      0.000      0.000     -0.000
   224   max       0.000      -0.000      0.000      0.000      0.000     -0.000
   224   min       0.000      -0.000      0.000      0.000      0.000     -0.000
   225   max       0.000      -0.000      0.000      0.000      0.000     -0.000
   225   min       0.000      -0.000      0.000      0.000      0.000     -0.000
   226   max       0.000      -0.000      0.000      0.000      0.000     -0.000
   226   min       0.000      -0.000      0.000      0.000      0.000     -0.000
   227   max       0.000      -0.000      0.000      0.000      0.000     -0.000
   227   min       0.000      -0.000      0.000      0.000      0.000     -0.000
   228   max       0.000      -0.000      0.000      0.000      0.000     -0.000
   228   min       0.000      -0.000      0.000      0.000      0.000     -0.000
   229   max       0.000      -0.000      0.000      0.000      0.000     -0.000
   229   min       0.000      -0.000      0.000      0.000      0.000     -0.000
   230   max       0.000      -0.000      0.000      0.000      0.000     -0.000
   230   min       0.000      -0.000      0.000      0.000      0.000     -0.000
   231   max       0.000      -0.000      0.000      0.000      0.000     -0.000
   231   min       0.000      -0.000      0.000      0.000      0.000     -0.000
   232   max       0.000      -0.000      0.000      0.000      0.000     -0.000
   232   min       0.000      -0.000      0.000      0.000      0.000     -0.000
   233   max       0.000      -0.000      0.000      0.000      0.000     -0.000
   233   min       0.000      -0.000      0.000      0.000      0.000     -0.000
   234   max       0.000      -0.000      0.000      0.000      0.000     -0.000
   234   min       0.000      -0.000      0.000      0.000      0.000     -0.000

________________________________________________________________________________
Frame3DD version: 20140514+               http://frame3dd.sf.net/
GPL Copyright (C) 1992-2015, Henri P. Gavin 
Frame3DD is distributed in the hope that it will be useful but with no warranty.
For details see the GNU Public Licence: http://www.fsf.org/copyleft/gpl.html
________________________________________________________________________________

Ponte de palitos - Frame3DD linear estabilizado (N mm tonne) 
Mon May 04 19:41:04 2026
________________________________________________________________________________
In 2D problems the Y-axis is vertical.  In 3D problems the Z-axis is vertical.
________________________________________________________________________________
   60 NODES              4 FIXED NODES      234 FRAME ELEMENTS   1 LOAD CASES   
________________________________________________________________________________
N O D E   D A T A                                           R E S T R A I N T S
  Node       X              Y              Z         radius  Fx Fy Fz Mx My Mz
    1    -100.000000     -85.000000       0.000000    0.000   0  0  0  0  0  0
    2    -100.000000     -85.000000      73.333333    0.000   0  0  0  0  0  0
    3    -100.000000      85.000000       0.000000    0.000   0  0  0  0  0  0
    4    -100.000000      85.000000      73.333333    0.000   0  0  0  0  0  0
    5       0.000000     -85.000000       0.000000    0.000   0  0  1  1  1  1
    6       0.000000     -85.000000      73.333333    0.000   0  0  0  0  0  0
    7       0.000000      85.000000       0.000000    0.000   0  0  1  1  1  1
    8       0.000000      85.000000      73.333333    0.000   0  0  0  0  0  0
    9     100.000000     -85.000000       0.000000    0.000   0  0  0  0  0  0
   10     100.000000     -85.000000     110.000000    0.000   0  0  0  0  0  0
   11     100.000000      85.000000       0.000000    0.000   0  0  0  0  0  0
   12     100.000000      85.000000     110.000000    0.000   0  0  0  0  0  0
   13     200.000000     -85.000000       0.000000    0.000   0  0  0  0  0  0
   14     200.000000     -85.000000     146.666667    0.000   0  0  0  0  0  0
   15     200.000000      85.000000       0.000000    0.000   0  0  0  0  0  0
   16     200.000000      85.000000     146.666667    0.000   0  0  0  0  0  0
   17     300.000000     -85.000000       0.000000    0.000   0  0  0  0  0  0
   18     300.000000     -85.000000     183.333333    0.000   0  0  0  0  0  0
   19     300.000000      85.000000       0.000000    0.000   0  0  0  0  0  0
   20     300.000000      85.000000     183.333333    0.000   0  0  0  0  0  0
   21     400.000000     -85.000000       0.000000    0.000   0  0  0  0  0  0
   22     400.000000     -85.000000     220.000000    0.000   0  0  0  0  0  0
   23     400.000000      85.000000       0.000000    0.000   0  0  0  0  0  0
   24     400.000000      85.000000     220.000000    0.000   0  0  0  0  0  0
   25     500.000000     -85.000000       0.000000    0.000   0  0  0  0  0  0
   26     500.000000     -85.000000     220.000000    0.000   0  0  0  0  0  0
   27     500.000000      85.000000       0.000000    0.000   0  0  0  0  0  0
   28     500.000000      85.000000     220.000000    0.000   0  0  0  0  0  0
   29     600.000000     -85.000000       0.000000    0.000   0  0  0  0  0  0
   30     600.000000     -85.000000     220.000000    0.000   0  0  0  0  0  0
   31     600.000000      85.000000       0.000000    0.000   0  0  0  0  0  0
   32     600.000000      85.000000     220.000000    0.000   0  0  0  0  0  0
   33     700.000000     -85.000000       0.000000    0.000   0  0  0  0  0  0
   34     700.000000     -85.000000     220.000000    0.000   0  0  0  0  0  0
   35     700.000000      85.000000       0.000000    0.000   0  0  0  0  0  0
   36     700.000000      85.000000     220.000000    0.000   0  0  0  0  0  0
   37     800.000000     -85.000000       0.000000    0.000   0  0  0  0  0  0
   38     800.000000     -85.000000     220.000000    0.000   0  0  0  0  0  0
   39     800.000000      85.000000       0.000000    0.000   0  0  0  0  0  0
   40     800.000000      85.000000     220.000000    0.000   0  0  0  0  0  0
   41     900.000000     -85.000000       0.000000    0.000   0  0  0  0  0  0
   42     900.000000     -85.000000     183.333333    0.000   0  0  0  0  0  0
   43     900.000000      85.000000       0.000000    0.000   0  0  0  0  0  0
   44     900.000000      85.000000     183.333333    0.000   0  0  0  0  0  0
   45    1000.000000     -85.000000       0.000000    0.000   0  0  0  0  0  0
   46    1000.000000     -85.000000     146.666667    0.000   0  0  0  0  0  0
   47    1000.000000      85.000000       0.000000    0.000   0  0  0  0  0  0
   48    1000.000000      85.000000     146.666667    0.000   0  0  0  0  0  0
   49    1100.000000     -85.000000       0.000000    0.000   0  0  0  0  0  0
   50    1100.000000     -85.000000     110.000000    0.000   0  0  0  0  0  0
   51    1100.000000      85.000000       0.000000    0.000   0  0  0  0  0  0
   52    1100.000000      85.000000     110.000000    0.000   0  0  0  0  0  0
   53    1200.000000     -85.000000       0.000000    0.000   0  0  1  1  1  1
   54    1200.000000     -85.000000      73.333333    0.000   0  0  0  0  0  0
   55    1200.000000      85.000000       0.000000    0.000   0  0  1  1  1  1
   56    1200.000000      85.000000      73.333333    0.000   0  0  0  0  0  0
   57    1300.000000     -85.000000       0.000000    0.000   0  0  0  0  0  0
   58    1300.000000     -85.000000      73.333333    0.000   0  0  0  0  0  0
   59    1300.000000      85.000000       0.000000    0.000   0  0  0  0  0  0
   60    1300.000000      85.000000      73.333333    0.000   0  0  0  0  0  0
F R A M E   E L E M E N T   D A T A					(local)
  Elmnt  J1    J2     Ax   Asy   Asz    Jxx     Iyy     Izz       E       G roll  density
    1     1     5   42.0  42.0  42.0  104.1   126.0   171.5   6000.0   500.0   0 1.11e-009
    2     2     6   52.5  52.5  52.5 1348.6  1824.2  2028.8   6000.0   500.0   0 1.11e-009
    3     5     9   42.0  42.0  42.0  104.1   126.0   171.5   6000.0   500.0   0 1.11e-009
    4     6    10   52.5  52.5  52.5 1348.6  1824.2  2028.8   6000.0   500.0   0 1.11e-009
    5     9    13   42.0  42.0  42.0  104.1   126.0   171.5   6000.0   500.0   0 1.11e-009
    6    10    14   52.5  52.5  52.5 1348.6  1824.2  2028.8   6000.0   500.0   0 1.11e-009
    7    13    17   42.0  42.0  42.0  104.1   126.0   171.5   6000.0   500.0   0 1.11e-009
    8    14    18   52.5  52.5  52.5 1348.6  1824.2  2028.8   6000.0   500.0   0 1.11e-009
    9    17    21   42.0  42.0  42.0  104.1   126.0   171.5   6000.0   500.0   0 1.11e-009
   10    18    22   52.5  52.5  52.5 1348.6  1824.2  2028.8   6000.0   500.0   0 1.11e-009
   11    21    25   42.0  42.0  42.0  104.1   126.0   171.5   6000.0   500.0   0 1.11e-009
   12    22    26   52.5  52.5  52.5 1348.6  1824.2  2028.8   6000.0   500.0   0 1.11e-009
   13    25    29   42.0  42.0  42.0  104.1   126.0   171.5   6000.0   500.0   0 1.11e-009
   14    26    30   52.5  52.5  52.5 1348.6  1824.2  2028.8   6000.0   500.0   0 1.11e-009
   15    29    33   42.0  42.0  42.0  104.1   126.0   171.5   6000.0   500.0   0 1.11e-009
   16    30    34   52.5  52.5  52.5 1348.6  1824.2  2028.8   6000.0   500.0   0 1.11e-009
   17    33    37   42.0  42.0  42.0  104.1   126.0   171.5   6000.0   500.0   0 1.11e-009
   18    34    38   52.5  52.5  52.5 1348.6  1824.2  2028.8   6000.0   500.0   0 1.11e-009
   19    37    41   42.0  42.0  42.0  104.1   126.0   171.5   6000.0   500.0   0 1.11e-009
   20    38    42   52.5  52.5  52.5 1348.6  1824.2  2028.8   6000.0   500.0   0 1.11e-009
   21    41    45   42.0  42.0  42.0  104.1   126.0   171.5   6000.0   500.0   0 1.11e-009
   22    42    46   52.5  52.5  52.5 1348.6  1824.2  2028.8   6000.0   500.0   0 1.11e-009
   23    45    49   42.0  42.0  42.0  104.1   126.0   171.5   6000.0   500.0   0 1.11e-009
   24    46    50   52.5  52.5  52.5 1348.6  1824.2  2028.8   6000.0   500.0   0 1.11e-009
   25    49    53   42.0  42.0  42.0  104.1   126.0   171.5   6000.0   500.0   0 1.11e-009
   26    50    54   52.5  52.5  52.5 1348.6  1824.2  2028.8   6000.0   500.0   0 1.11e-009
   27    53    57   42.0  42.0  42.0  104.1   126.0   171.5   6000.0   500.0   0 1.11e-009
   28    54    58   52.5  52.5  52.5 1348.6  1824.2  2028.8   6000.0   500.0   0 1.11e-009
   29     1     2   31.5  31.5  31.5   63.6    53.2   128.6   6000.0   500.0   0 1.11e-009
   30     5     6   31.5  31.5  31.5   63.6    53.2   128.6   6000.0   500.0   0 1.11e-009
   31     9    10   31.5  31.5  31.5   63.6    53.2   128.6   6000.0   500.0   0 1.11e-009
   32    13    14   31.5  31.5  31.5   63.6    53.2   128.6   6000.0   500.0   0 1.11e-009
   33    17    18   31.5  31.5  31.5   63.6    53.2   128.6   6000.0   500.0   0 1.11e-009
   34    21    22   31.5  31.5  31.5   63.6    53.2   128.6   6000.0   500.0   0 1.11e-009
   35    25    26   31.5  31.5  31.5   63.6    53.2   128.6   6000.0   500.0   0 1.11e-009
   36    29    30   31.5  31.5  31.5   63.6    53.2   128.6   6000.0   500.0   0 1.11e-009
   37    33    34   31.5  31.5  31.5   63.6    53.2   128.6   6000.0   500.0   0 1.11e-009
   38    37    38   31.5  31.5  31.5   63.6    53.2   128.6   6000.0   500.0   0 1.11e-009
   39    41    42   31.5  31.5  31.5   63.6    53.2   128.6   6000.0   500.0   0 1.11e-009
   40    45    46   31.5  31.5  31.5   63.6    53.2   128.6   6000.0   500.0   0 1.11e-009
   41    49    50   31.5  31.5  31.5   63.6    53.2   128.6   6000.0   500.0   0 1.11e-009
   42    53    54   31.5  31.5  31.5   63.6    53.2   128.6   6000.0   500.0   0 1.11e-009
   43    57    58   31.5  31.5  31.5   63.6    53.2   128.6   6000.0   500.0   0 1.11e-009
   44     2     5   31.5  31.5  31.5   63.6    53.2   128.6   6000.0   500.0   0 1.11e-009
   45     2     5   10.5  10.5  10.5   15.7     2.0    42.9   6000.0   500.0   0 1.11e-009
   46     6     9   31.5  31.5  31.5   63.6    53.2   128.6   6000.0   500.0   0 1.11e-009
   47     6     9   10.5  10.5  10.5   15.7     2.0    42.9   6000.0   500.0   0 1.11e-009
   48    10    13   31.5  31.5  31.5   63.6    53.2   128.6   6000.0   500.0   0 1.11e-009
   49    10    13   10.5  10.5  10.5   15.7     2.0    42.9   6000.0   500.0   0 1.11e-009
   50    14    17   31.5  31.5  31.5   63.6    53.2   128.6   6000.0   500.0   0 1.11e-009
   51    14    17   10.5  10.5  10.5   15.7     2.0    42.9   6000.0   500.0   0 1.11e-009
   52    18    21   31.5  31.5  31.5   63.6    53.2   128.6   6000.0   500.0   0 1.11e-009
   53    18    21   10.5  10.5  10.5   15.7     2.0    42.9   6000.0   500.0   0 1.11e-009
   54    22    25   31.5  31.5  31.5   63.6    53.2   128.6   6000.0   500.0   0 1.11e-009
   55    22    25   10.5  10.5  10.5   15.7     2.0    42.9   6000.0   500.0   0 1.11e-009
   56    26    29   31.5  31.5  31.5   63.6    53.2   128.6   6000.0   500.0   0 1.11e-009
   57    26    29   10.5  10.5  10.5   15.7     2.0    42.9   6000.0   500.0   0 1.11e-009
   58    29    34   31.5  31.5  31.5   63.6    53.2   128.6   6000.0   500.0   0 1.11e-009
   59    29    34   10.5  10.5  10.5   15.7     2.0    42.9   6000.0   500.0   0 1.11e-009
   60    33    38   31.5  31.5  31.5   63.6    53.2   128.6   6000.0   500.0   0 1.11e-009
   61    33    38   10.5  10.5  10.5   15.7     2.0    42.9   6000.0   500.0   0 1.11e-009
   62    37    42   31.5  31.5  31.5   63.6    53.2   128.6   6000.0   500.0   0 1.11e-009
   63    37    42   10.5  10.5  10.5   15.7     2.0    42.9   6000.0   500.0   0 1.11e-009
   64    41    46   31.5  31.5  31.5   63.6    53.2   128.6   6000.0   500.0   0 1.11e-009
   65    41    46   10.5  10.5  10.5   15.7     2.0    42.9   6000.0   500.0   0 1.11e-009
   66    45    50   31.5  31.5  31.5   63.6    53.2   128.6   6000.0   500.0   0 1.11e-009
   67    45    50   10.5  10.5  10.5   15.7     2.0    42.9   6000.0   500.0   0 1.11e-009
   68    49    54   31.5  31.5  31.5   63.6    53.2   128.6   6000.0   500.0   0 1.11e-009
   69    49    54   10.5  10.5  10.5   15.7     2.0    42.9   6000.0   500.0   0 1.11e-009
   70    53    58   31.5  31.5  31.5   63.6    53.2   128.6   6000.0   500.0   0 1.11e-009
   71    53    58   10.5  10.5  10.5   15.7     2.0    42.9   6000.0   500.0   0 1.11e-009
   72     3     7   42.0  42.0  42.0  104.1   126.0   171.5   6000.0   500.0   0 1.11e-009
   73     4     8   52.5  52.5  52.5 1348.6  1824.2  2028.8   6000.0   500.0   0 1.11e-009
   74     7    11   42.0  42.0  42.0  104.1   126.0   171.5   6000.0   500.0   0 1.11e-009
   75     8    12   52.5  52.5  52.5 1348.6  1824.2  2028.8   6000.0   500.0   0 1.11e-009
   76    11    15   42.0  42.0  42.0  104.1   126.0   171.5   6000.0   500.0   0 1.11e-009
   77    12    16   52.5  52.5  52.5 1348.6  1824.2  2028.8   6000.0   500.0   0 1.11e-009
   78    15    19   42.0  42.0  42.0  104.1   126.0   171.5   6000.0   500.0   0 1.11e-009
   79    16    20   52.5  52.5  52.5 1348.6  1824.2  2028.8   6000.0   500.0   0 1.11e-009
   80    19    23   42.0  42.0  42.0  104.1   126.0   171.5   6000.0   500.0   0 1.11e-009
   81    20    24   52.5  52.5  52.5 1348.6  1824.2  2028.8   6000.0   500.0   0 1.11e-009
   82    23    27   42.0  42.0  42.0  104.1   126.0   171.5   6000.0   500.0   0 1.11e-009
   83    24    28   52.5  52.5  52.5 1348.6  1824.2  2028.8   6000.0   500.0   0 1.11e-009
   84    27    31   42.0  42.0  42.0  104.1   126.0   171.5   6000.0   500.0   0 1.11e-009
   85    28    32   52.5  52.5  52.5 1348.6  1824.2  2028.8   6000.0   500.0   0 1.11e-009
   86    31    35   42.0  42.0  42.0  104.1   126.0   171.5   6000.0   500.0   0 1.11e-009
   87    32    36   52.5  52.5  52.5 1348.6  1824.2  2028.8   6000.0   500.0   0 1.11e-009
   88    35    39   42.0  42.0  42.0  104.1   126.0   171.5   6000.0   500.0   0 1.11e-009
   89    36    40   52.5  52.5  52.5 1348.6  1824.2  2028.8   6000.0   500.0   0 1.11e-009
   90    39    43   42.0  42.0  42.0  104.1   126.0   171.5   6000.0   500.0   0 1.11e-009
   91    40    44   52.5  52.5  52.5 1348.6  1824.2  2028.8   6000.0   500.0   0 1.11e-009
   92    43    47   42.0  42.0  42.0  104.1   126.0   171.5   6000.0   500.0   0 1.11e-009
   93    44    48   52.5  52.5  52.5 1348.6  1824.2  2028.8   6000.0   500.0   0 1.11e-009
   94    47    51   42.0  42.0  42.0  104.1   126.0   171.5   6000.0   500.0   0 1.11e-009
   95    48    52   52.5  52.5  52.5 1348.6  1824.2  2028.8   6000.0   500.0   0 1.11e-009
   96    51    55   42.0  42.0  42.0  104.1   126.0   171.5   6000.0   500.0   0 1.11e-009
   97    52    56   52.5  52.5  52.5 1348.6  1824.2  2028.8   6000.0   500.0   0 1.11e-009
   98    55    59   42.0  42.0  42.0  104.1   126.0   171.5   6000.0   500.0   0 1.11e-009
   99    56    60   52.5  52.5  52.5 1348.6  1824.2  2028.8   6000.0   500.0   0 1.11e-009
  100     3     4   31.5  31.5  31.5   63.6    53.2   128.6   6000.0   500.0   0 1.11e-009
  101     7     8   31.5  31.5  31.5   63.6    53.2   128.6   6000.0   500.0   0 1.11e-009
  102    11    12   31.5  31.5  31.5   63.6    53.2   128.6   6000.0   500.0   0 1.11e-009
  103    15    16   31.5  31.5  31.5   63.6    53.2   128.6   6000.0   500.0   0 1.11e-009
  104    19    20   31.5  31.5  31.5   63.6    53.2   128.6   6000.0   500.0   0 1.11e-009
  105    23    24   31.5  31.5  31.5   63.6    53.2   128.6   6000.0   500.0   0 1.11e-009
  106    27    28   31.5  31.5  31.5   63.6    53.2   128.6   6000.0   500.0   0 1.11e-009
  107    31    32   31.5  31.5  31.5   63.6    53.2   128.6   6000.0   500.0   0 1.11e-009
  108    35    36   31.5  31.5  31.5   63.6    53.2   128.6   6000.0   500.0   0 1.11e-009
  109    39    40   31.5  31.5  31.5   63.6    53.2   128.6   6000.0   500.0   0 1.11e-009
  110    43    44   31.5  31.5  31.5   63.6    53.2   128.6   6000.0   500.0   0 1.11e-009
  111    47    48   31.5  31.5  31.5   63.6    53.2   128.6   6000.0   500.0   0 1.11e-009
  112    51    52   31.5  31.5  31.5   63.6    53.2   128.6   6000.0   500.0   0 1.11e-009
  113    55    56   31.5  31.5  31.5   63.6    53.2   128.6   6000.0   500.0   0 1.11e-009
  114    59    60   31.5  31.5  31.5   63.6    53.2   128.6   6000.0   500.0   0 1.11e-009
  115     4     7   31.5  31.5  31.5   63.6    53.2   128.6   6000.0   500.0   0 1.11e-009
  116     4     7   10.5  10.5  10.5   15.7     2.0    42.9   6000.0   500.0   0 1.11e-009
  117     8    11   31.5  31.5  31.5   63.6    53.2   128.6   6000.0   500.0   0 1.11e-009
  118     8    11   10.5  10.5  10.5   15.7     2.0    42.9   6000.0   500.0   0 1.11e-009
  119    12    15   31.5  31.5  31.5   63.6    53.2   128.6   6000.0   500.0   0 1.11e-009
  120    12    15   10.5  10.5  10.5   15.7     2.0    42.9   6000.0   500.0   0 1.11e-009
  121    16    19   31.5  31.5  31.5   63.6    53.2   128.6   6000.0   500.0   0 1.11e-009
  122    16    19   10.5  10.5  10.5   15.7     2.0    42.9   6000.0   500.0   0 1.11e-009
  123    20    23   31.5  31.5  31.5   63.6    53.2   128.6   6000.0   500.0   0 1.11e-009
  124    20    23   10.5  10.5  10.5   15.7     2.0    42.9   6000.0   500.0   0 1.11e-009
  125    24    27   31.5  31.5  31.5   63.6    53.2   128.6   6000.0   500.0   0 1.11e-009
  126    24    27   10.5  10.5  10.5   15.7     2.0    42.9   6000.0   500.0   0 1.11e-009
  127    28    31   31.5  31.5  31.5   63.6    53.2   128.6   6000.0   500.0   0 1.11e-009
  128    28    31   10.5  10.5  10.5   15.7     2.0    42.9   6000.0   500.0   0 1.11e-009
  129    31    36   31.5  31.5  31.5   63.6    53.2   128.6   6000.0   500.0   0 1.11e-009
  130    31    36   10.5  10.5  10.5   15.7     2.0    42.9   6000.0   500.0   0 1.11e-009
  131    35    40   31.5  31.5  31.5   63.6    53.2   128.6   6000.0   500.0   0 1.11e-009
  132    35    40   10.5  10.5  10.5   15.7     2.0    42.9   6000.0   500.0   0 1.11e-009
  133    39    44   31.5  31.5  31.5   63.6    53.2   128.6   6000.0   500.0   0 1.11e-009
  134    39    44   10.5  10.5  10.5   15.7     2.0    42.9   6000.0   500.0   0 1.11e-009
  135    43    48   31.5  31.5  31.5   63.6    53.2   128.6   6000.0   500.0   0 1.11e-009
  136    43    48   10.5  10.5  10.5   15.7     2.0    42.9   6000.0   500.0   0 1.11e-009
  137    47    52   31.5  31.5  31.5   63.6    53.2   128.6   6000.0   500.0   0 1.11e-009
  138    47    52   10.5  10.5  10.5   15.7     2.0    42.9   6000.0   500.0   0 1.11e-009
  139    51    56   31.5  31.5  31.5   63.6    53.2   128.6   6000.0   500.0   0 1.11e-009
  140    51    56   10.5  10.5  10.5   15.7     2.0    42.9   6000.0   500.0   0 1.11e-009
  141    55    60   31.5  31.5  31.5   63.6    53.2   128.6   6000.0   500.0   0 1.11e-009
  142    55    60   10.5  10.5  10.5   15.7     2.0    42.9   6000.0   500.0   0 1.11e-009
  143     1     3   21.0  21.0  21.0   35.5    15.8    85.8   6000.0   500.0   0 1.11e-009
  144     2     4   21.0  21.0  21.0   35.5    15.8    85.8   6000.0   500.0   0 1.11e-009
  145     5     7   21.0  21.0  21.0   35.5    15.8    85.8   6000.0   500.0   0 1.11e-009
  146     6     8   21.0  21.0  21.0   35.5    15.8    85.8   6000.0   500.0   0 1.11e-009
  147     9    11   21.0  21.0  21.0   35.5    15.8    85.8   6000.0   500.0   0 1.11e-009
  148    10    12   21.0  21.0  21.0   35.5    15.8    85.8   6000.0   500.0   0 1.11e-009
  149    13    15   21.0  21.0  21.0   35.5    15.8    85.8   6000.0   500.0   0 1.11e-009
  150    14    16   21.0  21.0  21.0   35.5    15.8    85.8   6000.0   500.0   0 1.11e-009
  151    17    19   21.0  21.0  21.0   35.5    15.8    85.8   6000.0   500.0   0 1.11e-009
  152    18    20   21.0  21.0  21.0   35.5    15.8    85.8   6000.0   500.0   0 1.11e-009
  153    21    23   21.0  21.0  21.0   35.5    15.8    85.8   6000.0   500.0   0 1.11e-009
  154    22    24   21.0  21.0  21.0   35.5    15.8    85.8   6000.0   500.0   0 1.11e-009
  155    25    27   21.0  21.0  21.0   35.5    15.8    85.8   6000.0   500.0   0 1.11e-009
  156    26    28   21.0  21.0  21.0   35.5    15.8    85.8   6000.0   500.0   0 1.11e-009
  157    29    31   21.0  21.0  21.0   35.5    15.8    85.8   6000.0   500.0   0 1.11e-009
  158    30    32   21.0  21.0  21.0   35.5    15.8    85.8   6000.0   500.0   0 1.11e-009
  159    33    35   21.0  21.0  21.0   35.5    15.8    85.8   6000.0   500.0   0 1.11e-009
  160    34    36   21.0  21.0  21.0   35.5    15.8    85.8   6000.0   500.0   0 1.11e-009
  161    37    39   21.0  21.0  21.0   35.5    15.8    85.8   6000.0   500.0   0 1.11e-009
  162    38    40   21.0  21.0  21.0   35.5    15.8    85.8   6000.0   500.0   0 1.11e-009
  163    41    43   21.0  21.0  21.0   35.5    15.8    85.8   6000.0   500.0   0 1.11e-009
  164    42    44   21.0  21.0  21.0   35.5    15.8    85.8   6000.0   500.0   0 1.11e-009
  165    45    47   21.0  21.0  21.0   35.5    15.8    85.8   6000.0   500.0   0 1.11e-009
  166    46    48   21.0  21.0  21.0   35.5    15.8    85.8   6000.0   500.0   0 1.11e-009
  167    49    51   21.0  21.0  21.0   35.5    15.8    85.8   6000.0   500.0   0 1.11e-009
  168    50    52   21.0  21.0  21.0   35.5    15.8    85.8   6000.0   500.0   0 1.11e-009
  169    53    55   21.0  21.0  21.0   35.5    15.8    85.8   6000.0   500.0   0 1.11e-009
  170    54    56   21.0  21.0  21.0   35.5    15.8    85.8   6000.0   500.0   0 1.11e-009
  171    57    59   21.0  21.0  21.0   35.5    15.8    85.8   6000.0   500.0   0 1.11e-009
  172    58    60   21.0  21.0  21.0   35.5    15.8    85.8   6000.0   500.0   0 1.11e-009
  173     1     7   10.5  10.5  10.5   15.7     2.0    42.9   6000.0   500.0   0 1.11e-009
  174     2     8   10.5  10.5  10.5   15.7     2.0    42.9   6000.0   500.0   0 1.11e-009
  175     5    11   10.5  10.5  10.5   15.7     2.0    42.9   6000.0   500.0   0 1.11e-009
  176     6    12   10.5  10.5  10.5   15.7     2.0    42.9   6000.0   500.0   0 1.11e-009
  177     9    15   10.5  10.5  10.5   15.7     2.0    42.9   6000.0   500.0   0 1.11e-009
  178    10    16   10.5  10.5  10.5   15.7     2.0    42.9   6000.0   500.0   0 1.11e-009
  179    13    19   10.5  10.5  10.5   15.7     2.0    42.9   6000.0   500.0   0 1.11e-009
  180    14    20   10.5  10.5  10.5   15.7     2.0    42.9   6000.0   500.0   0 1.11e-009
  181    17    23   10.5  10.5  10.5   15.7     2.0    42.9   6000.0   500.0   0 1.11e-009
  182    18    24   10.5  10.5  10.5   15.7     2.0    42.9   6000.0   500.0   0 1.11e-009
  183    21    27   10.5  10.5  10.5   15.7     2.0    42.9   6000.0   500.0   0 1.11e-009
  184    22    28   10.5  10.5  10.5   15.7     2.0    42.9   6000.0   500.0   0 1.11e-009
  185    25    31   10.5  10.5  10.5   15.7     2.0    42.9   6000.0   500.0   0 1.11e-009
  186    26    32   10.5  10.5  10.5   15.7     2.0    42.9   6000.0   500.0   0 1.11e-009
  187    29    35   10.5  10.5  10.5   15.7     2.0    42.9   6000.0   500.0   0 1.11e-009
  188    30    36   10.5  10.5  10.5   15.7     2.0    42.9   6000.0   500.0   0 1.11e-009
  189    33    39   10.5  10.5  10.5   15.7     2.0    42.9   6000.0   500.0   0 1.11e-009
  190    34    40   10.5  10.5  10.5   15.7     2.0    42.9   6000.0   500.0   0 1.11e-009
  191    37    43   10.5  10.5  10.5   15.7     2.0    42.9   6000.0   500.0   0 1.11e-009
  192    38    44   10.5  10.5  10.5   15.7     2.0    42.9   6000.0   500.0   0 1.11e-009
  193    41    47   10.5  10.5  10.5   15.7     2.0    42.9   6000.0   500.0   0 1.11e-009
  194    42    48   10.5  10.5  10.5   15.7     2.0    42.9   6000.0   500.0   0 1.11e-009
  195    45    51   10.5  10.5  10.5   15.7     2.0    42.9   6000.0   500.0   0 1.11e-009
  196    46    52   10.5  10.5  10.5   15.7     2.0    42.9   6000.0   500.0   0 1.11e-009
  197    49    55   10.5  10.5  10.5   15.7     2.0    42.9   6000.0   500.0   0 1.11e-009
  198    50    56   10.5  10.5  10.5   15.7     2.0    42.9   6000.0   500.0   0 1.11e-009
  199    53    59   10.5  10.5  10.5   15.7     2.0    42.9   6000.0   500.0   0 1.11e-009
  200    54    60   10.5  10.5  10.5   15.7     2.0    42.9   6000.0   500.0   0 1.11e-009
  201     1     4   10.5  10.5  10.5   15.7     2.0    42.9   6000.0   500.0   0 1.11e-009
  202     2     3   10.5  10.5  10.5   15.7     2.0    42.9   6000.0   500.0   0 1.11e-009
  203     5     8   10.5  10.5  10.5   15.7     2.0    42.9   6000.0   500.0   0 1.11e-009
  204     6     7   10.5  10.5  10.5   15.7     2.0    42.9   6000.0   500.0   0 1.11e-009
  205     9    12   10.5  10.5  10.5   15.7     2.0    42.9   6000.0   500.0   0 1.11e-009
  206    10    11   10.5  10.5  10.5   15.7     2.0    42.9   6000.0   500.0   0 1.11e-009
  207    13    16   10.5  10.5  10.5   15.7     2.0    42.9   6000.0   500.0   0 1.11e-009
  208    14    15   10.5  10.5  10.5   15.7     2.0    42.9   6000.0   500.0   0 1.11e-009
  209    17    20   10.5  10.5  10.5   15.7     2.0    42.9   6000.0   500.0   0 1.11e-009
  210    18    19   10.5  10.5  10.5   15.7     2.0    42.9   6000.0   500.0   0 1.11e-009
  211    21    24   10.5  10.5  10.5   15.7     2.0    42.9   6000.0   500.0   0 1.11e-009
  212    22    23   10.5  10.5  10.5   15.7     2.0    42.9   6000.0   500.0   0 1.11e-009
  213    25    28   10.5  10.5  10.5   15.7     2.0    42.9   6000.0   500.0   0 1.11e-009
  214    26    27   10.5  10.5  10.5   15.7     2.0    42.9   6000.0   500.0   0 1.11e-009
  215    29    32   10.5  10.5  10.5   15.7     2.0    42.9   6000.0   500.0   0 1.11e-009
  216    30    31   10.5  10.5  10.5   15.7     2.0    42.9   6000.0   500.0   0 1.11e-009
  217    33    36   10.5  10.5  10.5   15.7     2.0    42.9   6000.0   500.0   0 1.11e-009
  218    34    35   10.5  10.5  10.5   15.7     2.0    42.9   6000.0   500.0   0 1.11e-009
  219    37    40   10.5  10.5  10.5   15.7     2.0    42.9   6000.0   500.0   0 1.11e-009
  220    38    39   10.5  10.5  10.5   15.7     2.0    42.9   6000.0   500.0   0 1.11e-009
  221    41    44   10.5  10.5  10.5   15.7     2.0    42.9   6000.0   500.0   0 1.11e-009
  222    42    43   10.5  10.5  10.5   15.7     2.0    42.9   6000.0   500.0   0 1.11e-009
  223    45    48   10.5  10.5  10.5   15.7     2.0    42.9   6000.0   500.0   0 1.11e-009
  224    46    47   10.5  10.5  10.5   15.7     2.0    42.9   6000.0   500.0   0 1.11e-009
  225    49    52   10.5  10.5  10.5   15.7     2.0    42.9   6000.0   500.0   0 1.11e-009
  226    50    51   10.5  10.5  10.5   15.7     2.0    42.9   6000.0   500.0   0 1.11e-009
  227    53    56   10.5  10.5  10.5   15.7     2.0    42.9   6000.0   500.0   0 1.11e-009
  228    54    55   10.5  10.5  10.5   15.7     2.0    42.9   6000.0   500.0   0 1.11e-009
  229    57    60   10.5  10.5  10.5   15.7     2.0    42.9   6000.0   500.0   0 1.11e-009
  230    58    59   10.5  10.5  10.5   15.7     2.0    42.9   6000.0   500.0   0 1.11e-009
  231     1     5   42.0  42.0  42.0  963.2     7.9  2744.0   6000.0   500.0   0 1.11e-009
  232    53    57   42.0  42.0  42.0  963.2     7.9  2744.0   6000.0   500.0   0 1.11e-009
  233     3     7   42.0  42.0  42.0  963.2     7.9  2744.0   6000.0   500.0   0 1.11e-009
  234    55    59   42.0  42.0  42.0  963.2     7.9  2744.0   6000.0   500.0   0 1.11e-009
  Include shear deformations.
  Neglect geometric stiffness.

L O A D   C A S E   1   O F   1  ... 

   Gravity X =  0.0    Gravity Y =  0.0    Gravity Z =  0.0 
  10 concentrated loads
   0 uniformly distributed loads
   0 trapezoidally distributed loads
   0 concentrated point loads
   0 temperature loads
   0 prescribed displacements
 N O D A L   L O A D S  +  E Q U I V A L E N T   N O D A L   L O A D S  (global)
  Node        Fx          Fy          Fz          Mxx         Myy         Mzz
    22       0.000       0.000     -88.260       0.000       0.000       0.000
    24       0.000       0.000     -88.260       0.000       0.000       0.000
    26       0.000       0.000     -88.260       0.000       0.000       0.000
    28       0.000       0.000     -88.260       0.000       0.000       0.000
    30       0.000       0.000     -88.260       0.000       0.000       0.000
    32       0.000       0.000     -88.260       0.000       0.000       0.000
    34       0.000       0.000     -88.260       0.000       0.000       0.000
    36       0.000       0.000     -88.260       0.000       0.000       0.000
    38       0.000       0.000     -88.260       0.000       0.000       0.000
    40       0.000       0.000     -88.260       0.000       0.000       0.000

E L A S T I C   S T I F F N E S S   A N A L Y S I S   via  L D L'  decomposition

  * The Stiffness Matrix is not positive-definite *
    Check that all six rigid-body translations are restrained
    If geometric stiffness is included, reduce the loads.

L O A D   C A S E   1   O F   1  ... 

N O D E   D I S P L A C E M E N T S  					(global)
  Node    X-dsp       Y-dsp       Z-dsp       X-rot       Y-rot       Z-rot
F R A M E   E L E M E N T   E N D   F O R C E S				(local)
  Elmnt  Node       Nx          Vy         Vz        Txx        Myy        Mzz
     1      1      0.0         0.0        0.0        0.0        0.0        0.0  
     1      5      0.0         0.0        0.0        0.0        0.0        0.0  
     2      2      0.0         0.0        0.0        0.0        0.0        0.0  
     2      6      0.0         0.0        0.0        0.0        0.0        0.0  
     3      5      0.0         0.0        0.0        0.0        0.0        0.0  
     3      9      0.0         0.0        0.0        0.0        0.0        0.0  
     4      6      0.0         0.0        0.0        0.0        0.0        0.0  
     4     10      0.0         0.0        0.0        0.0        0.0        0.0  
     5      9      0.0         0.0        0.0        0.0        0.0        0.0  
     5     13      0.0         0.0        0.0        0.0        0.0        0.0  
     6     10      0.0         0.0        0.0        0.0        0.0        0.0  
     6     14      0.0         0.0        0.0        0.0        0.0        0.0  
     7     13      0.0         0.0        0.0        0.0        0.0        0.0  
     7     17      0.0         0.0        0.0        0.0        0.0        0.0  
     8     14      0.0         0.0        0.0        0.0        0.0        0.0  
     8     18      0.0         0.0        0.0        0.0        0.0        0.0  
     9     17      0.0         0.0        0.0        0.0        0.0        0.0  
     9     21      0.0         0.0        0.0        0.0        0.0        0.0  
    10     18      0.0         0.0        0.0        0.0        0.0        0.0  
    10     22      0.0         0.0        0.0        0.0        0.0        0.0  
    11     21      0.0         0.0        0.0        0.0        0.0        0.0  
    11     25      0.0         0.0        0.0        0.0        0.0        0.0  
    12     22      0.0         0.0        0.0        0.0        0.0        0.0  
    12     26      0.0         0.0        0.0        0.0        0.0        0.0  
    13     25      0.0         0.0        0.0        0.0        0.0        0.0  
    13     29      0.0         0.0        0.0        0.0        0.0        0.0  
    14     26      0.0         0.0        0.0        0.0        0.0        0.0  
    14     30      0.0         0.0        0.0        0.0        0.0        0.0  
    15     29      0.0         0.0        0.0        0.0        0.0        0.0  
    15     33      0.0         0.0        0.0        0.0        0.0        0.0  
    16     30      0.0         0.0        0.0        0.0        0.0        0.0  
    16     34      0.0         0.0        0.0        0.0        0.0        0.0  
    17     33      0.0         0.0        0.0        0.0        0.0        0.0  
    17     37      0.0         0.0        0.0        0.0        0.0        0.0  
    18     34      0.0         0.0        0.0        0.0        0.0        0.0  
    18     38      0.0         0.0        0.0        0.0        0.0        0.0  
    19     37      0.0         0.0        0.0        0.0        0.0        0.0  
    19     41      0.0         0.0        0.0        0.0        0.0        0.0  
    20     38      0.0         0.0        0.0        0.0        0.0        0.0  
    20     42      0.0         0.0        0.0        0.0        0.0        0.0  
    21     41      0.0         0.0        0.0        0.0        0.0        0.0  
    21     45      0.0         0.0        0.0        0.0        0.0        0.0  
    22     42      0.0         0.0        0.0        0.0        0.0        0.0  
    22     46      0.0         0.0        0.0        0.0        0.0        0.0  
    23     45      0.0         0.0        0.0        0.0        0.0        0.0  
    23     49      0.0         0.0        0.0        0.0        0.0        0.0  
    24     46      0.0         0.0        0.0        0.0        0.0        0.0  
    24     50      0.0         0.0        0.0        0.0        0.0        0.0  
    25     49      0.0         0.0        0.0        0.0        0.0        0.0  
    25     53      0.0         0.0        0.0        0.0        0.0        0.0  
    26     50      0.0         0.0        0.0        0.0        0.0        0.0  
    26     54      0.0         0.0        0.0        0.0        0.0        0.0  
    27     53      0.0         0.0        0.0        0.0        0.0        0.0  
    27     57      0.0         0.0        0.0        0.0        0.0        0.0  
    28     54      0.0         0.0        0.0        0.0        0.0        0.0  
    28     58      0.0         0.0        0.0        0.0        0.0        0.0  
    29      1      0.0         0.0        0.0        0.0        0.0        0.0  
    29      2      0.0         0.0        0.0        0.0        0.0        0.0  
    30      5      0.0         0.0        0.0        0.0        0.0        0.0  
    30      6      0.0         0.0        0.0        0.0        0.0        0.0  
    31      9      0.0         0.0        0.0        0.0        0.0        0.0  
    31     10      0.0         0.0        0.0        0.0        0.0        0.0  
    32     13      0.0         0.0        0.0        0.0        0.0        0.0  
    32     14      0.0         0.0        0.0        0.0        0.0        0.0  
    33     17      0.0         0.0        0.0        0.0        0.0        0.0  
    33     18      0.0         0.0        0.0        0.0        0.0        0.0  
    34     21      0.0         0.0        0.0        0.0        0.0        0.0  
    34     22      0.0         0.0        0.0        0.0        0.0        0.0  
    35     25      0.0         0.0        0.0        0.0        0.0        0.0  
    35     26      0.0         0.0        0.0        0.0        0.0        0.0  
    36     29      0.0         0.0        0.0        0.0        0.0        0.0  
    36     30      0.0         0.0        0.0        0.0        0.0        0.0  
    37     33      0.0         0.0        0.0        0.0        0.0        0.0  
    37     34      0.0         0.0        0.0        0.0        0.0        0.0  
    38     37      0.0         0.0        0.0        0.0        0.0        0.0  
    38     38      0.0         0.0        0.0        0.0        0.0        0.0  
    39     41      0.0         0.0        0.0        0.0        0.0        0.0  
    39     42      0.0         0.0        0.0        0.0        0.0        0.0  
    40     45      0.0         0.0        0.0        0.0        0.0        0.0  
    40     46      0.0         0.0        0.0        0.0        0.0        0.0  
    41     49      0.0         0.0        0.0        0.0        0.0        0.0  
    41     50      0.0         0.0        0.0        0.0        0.0        0.0  
    42     53      0.0         0.0        0.0        0.0        0.0        0.0  
    42     54      0.0         0.0        0.0        0.0        0.0        0.0  
    43     57      0.0         0.0        0.0        0.0        0.0        0.0  
    43     58      0.0         0.0        0.0        0.0        0.0        0.0  
    44      2      0.0         0.0        0.0        0.0        0.0        0.0  
    44      5      0.0         0.0        0.0        0.0        0.0        0.0  
    45      2      0.0         0.0        0.0        0.0        0.0        0.0  
    45      5      0.0         0.0        0.0        0.0        0.0        0.0  
    46      6      0.0         0.0        0.0        0.0        0.0        0.0  
    46      9      0.0         0.0        0.0        0.0        0.0        0.0  
    47      6      0.0         0.0        0.0        0.0        0.0        0.0  
    47      9      0.0         0.0        0.0        0.0        0.0        0.0  
    48     10      0.0         0.0        0.0        0.0        0.0        0.0  
    48     13      0.0         0.0        0.0        0.0        0.0        0.0  
    49     10      0.0         0.0        0.0        0.0        0.0        0.0  
    49     13      0.0         0.0        0.0        0.0        0.0        0.0  
    50     14      0.0         0.0        0.0        0.0        0.0        0.0  
    50     17      0.0         0.0        0.0        0.0        0.0        0.0  
    51     14      0.0         0.0        0.0        0.0        0.0        0.0  
    51     17      0.0         0.0        0.0        0.0        0.0        0.0  
    52     18      0.0         0.0        0.0        0.0        0.0        0.0  
    52     21      0.0         0.0        0.0        0.0        0.0        0.0  
    53     18      0.0         0.0        0.0        0.0        0.0        0.0  
    53     21      0.0         0.0        0.0        0.0        0.0        0.0  
    54     22      0.0         0.0        0.0        0.0        0.0        0.0  
    54     25      0.0         0.0        0.0        0.0        0.0        0.0  
    55     22      0.0         0.0        0.0        0.0        0.0        0.0  
    55     25      0.0         0.0        0.0        0.0        0.0        0.0  
    56     26      0.0         0.0        0.0        0.0        0.0        0.0  
    56     29      0.0         0.0        0.0        0.0        0.0        0.0  
    57     26      0.0         0.0        0.0        0.0        0.0        0.0  
    57     29      0.0         0.0        0.0        0.0        0.0        0.0  
    58     29      0.0         0.0        0.0        0.0        0.0        0.0  
    58     34      0.0         0.0        0.0        0.0        0.0        0.0  
    59     29      0.0         0.0        0.0        0.0        0.0        0.0  
    59     34      0.0         0.0        0.0        0.0        0.0        0.0  
    60     33      0.0         0.0        0.0        0.0        0.0        0.0  
    60     38      0.0         0.0        0.0        0.0        0.0        0.0  
    61     33      0.0         0.0        0.0        0.0        0.0        0.0  
    61     38      0.0         0.0        0.0        0.0        0.0        0.0  
    62     37      0.0         0.0        0.0        0.0        0.0        0.0  
    62     42      0.0         0.0        0.0        0.0        0.0        0.0  
    63     37      0.0         0.0        0.0        0.0        0.0        0.0  
    63     42      0.0         0.0        0.0        0.0        0.0        0.0  
    64     41      0.0         0.0        0.0        0.0        0.0        0.0  
    64     46      0.0         0.0        0.0        0.0        0.0        0.0  
    65     41      0.0         0.0        0.0        0.0        0.0        0.0  
    65     46      0.0         0.0        0.0        0.0        0.0        0.0  
    66     45      0.0         0.0        0.0        0.0        0.0        0.0  
    66     50      0.0         0.0        0.0        0.0        0.0        0.0  
    67     45      0.0         0.0        0.0        0.0        0.0        0.0  
    67     50      0.0         0.0        0.0        0.0        0.0        0.0  
    68     49      0.0         0.0        0.0        0.0        0.0        0.0  
    68     54      0.0         0.0        0.0        0.0        0.0        0.0  
    69     49      0.0         0.0        0.0        0.0        0.0        0.0  
    69     54      0.0         0.0        0.0        0.0        0.0        0.0  
    70     53      0.0         0.0        0.0        0.0        0.0        0.0  
    70     58      0.0         0.0        0.0        0.0        0.0        0.0  
    71     53      0.0         0.0        0.0        0.0        0.0        0.0  
    71     58      0.0         0.0        0.0        0.0        0.0        0.0  
    72      3      0.0         0.0        0.0        0.0        0.0        0.0  
    72      7      0.0         0.0        0.0        0.0        0.0        0.0  
    73      4      0.0         0.0        0.0        0.0        0.0        0.0  
    73      8      0.0         0.0        0.0        0.0        0.0        0.0  
    74      7      0.0         0.0        0.0        0.0        0.0        0.0  
    74     11      0.0         0.0        0.0        0.0        0.0        0.0  
    75      8      0.0         0.0        0.0        0.0        0.0        0.0  
    75     12      0.0         0.0        0.0        0.0        0.0        0.0  
    76     11      0.0         0.0        0.0        0.0        0.0        0.0  
    76     15      0.0         0.0        0.0        0.0        0.0        0.0  
    77     12      0.0         0.0        0.0        0.0        0.0        0.0  
    77     16      0.0         0.0        0.0        0.0        0.0        0.0  
    78     15      0.0         0.0        0.0        0.0        0.0        0.0  
    78     19      0.0         0.0        0.0        0.0        0.0        0.0  
    79     16      0.0         0.0        0.0        0.0        0.0        0.0  
    79     20      0.0         0.0        0.0        0.0        0.0        0.0  
    80     19      0.0         0.0        0.0        0.0        0.0        0.0  
    80     23      0.0         0.0        0.0        0.0        0.0        0.0  
    81     20      0.0         0.0        0.0        0.0        0.0        0.0  
    81     24      0.0         0.0        0.0        0.0        0.0        0.0  
    82     23      0.0         0.0        0.0        0.0        0.0        0.0  
    82     27      0.0         0.0        0.0        0.0        0.0        0.0  
    83     24      0.0         0.0        0.0        0.0        0.0        0.0  
    83     28      0.0         0.0        0.0        0.0        0.0        0.0  
    84     27      0.0         0.0        0.0        0.0        0.0        0.0  
    84     31      0.0         0.0        0.0        0.0        0.0        0.0  
    85     28      0.0         0.0        0.0        0.0        0.0        0.0  
    85     32      0.0         0.0        0.0        0.0        0.0        0.0  
    86     31      0.0         0.0        0.0        0.0        0.0        0.0  
    86     35      0.0         0.0        0.0        0.0        0.0        0.0  
    87     32      0.0         0.0        0.0        0.0        0.0        0.0  
    87     36      0.0         0.0        0.0        0.0        0.0        0.0  
    88     35      0.0         0.0        0.0        0.0        0.0        0.0  
    88     39      0.0         0.0        0.0        0.0        0.0        0.0  
    89     36      0.0         0.0        0.0        0.0        0.0        0.0  
    89     40      0.0         0.0        0.0        0.0        0.0        0.0  
    90     39      0.0         0.0        0.0        0.0        0.0        0.0  
    90     43      0.0         0.0        0.0        0.0        0.0        0.0  
    91     40      0.0         0.0        0.0        0.0        0.0        0.0  
    91     44      0.0         0.0        0.0        0.0        0.0        0.0  
    92     43      0.0         0.0        0.0        0.0        0.0        0.0  
    92     47      0.0         0.0        0.0        0.0        0.0        0.0  
    93     44      0.0         0.0        0.0        0.0        0.0        0.0  
    93     48      0.0         0.0        0.0        0.0        0.0        0.0  
    94     47      0.0         0.0        0.0        0.0        0.0        0.0  
    94     51      0.0         0.0        0.0        0.0        0.0        0.0  
    95     48      0.0         0.0        0.0        0.0        0.0        0.0  
    95     52      0.0         0.0        0.0        0.0        0.0        0.0  
    96     51      0.0         0.0        0.0        0.0        0.0        0.0  
    96     55      0.0         0.0        0.0        0.0        0.0        0.0  
    97     52      0.0         0.0        0.0        0.0        0.0        0.0  
    97     56      0.0         0.0        0.0        0.0        0.0        0.0  
    98     55      0.0         0.0        0.0        0.0        0.0        0.0  
    98     59      0.0         0.0        0.0        0.0        0.0        0.0  
    99     56      0.0         0.0        0.0        0.0        0.0        0.0  
    99     60      0.0         0.0        0.0        0.0        0.0        0.0  
   100      3      0.0         0.0        0.0        0.0        0.0        0.0  
   100      4      0.0         0.0        0.0        0.0        0.0        0.0  
   101      7      0.0         0.0        0.0        0.0        0.0        0.0  
   101      8      0.0         0.0        0.0        0.0        0.0        0.0  
   102     11      0.0         0.0        0.0        0.0        0.0        0.0  
   102     12      0.0         0.0        0.0        0.0        0.0        0.0  
   103     15      0.0         0.0        0.0        0.0        0.0        0.0  
   103     16      0.0         0.0        0.0        0.0        0.0        0.0  
   104     19      0.0         0.0        0.0        0.0        0.0        0.0  
   104     20      0.0         0.0        0.0        0.0        0.0        0.0  
   105     23      0.0         0.0        0.0        0.0        0.0        0.0  
   105     24      0.0         0.0        0.0        0.0        0.0        0.0  
   106     27      0.0         0.0        0.0        0.0        0.0        0.0  
   106     28      0.0         0.0        0.0        0.0        0.0        0.0  
   107     31      0.0         0.0        0.0        0.0        0.0        0.0  
   107     32      0.0         0.0        0.0        0.0        0.0        0.0  
   108     35      0.0         0.0        0.0        0.0        0.0        0.0  
   108     36      0.0         0.0        0.0        0.0        0.0        0.0  
   109     39      0.0         0.0        0.0        0.0        0.0        0.0  
   109     40      0.0         0.0        0.0        0.0        0.0        0.0  
   110     43      0.0         0.0        0.0        0.0        0.0        0.0  
   110     44      0.0         0.0        0.0        0.0        0.0        0.0  
   111     47      0.0         0.0        0.0        0.0        0.0        0.0  
   111     48      0.0         0.0        0.0        0.0        0.0        0.0  
   112     51      0.0         0.0        0.0        0.0        0.0        0.0  
   112     52      0.0         0.0        0.0        0.0        0.0        0.0  
   113     55      0.0         0.0        0.0        0.0        0.0        0.0  
   113     56      0.0         0.0        0.0        0.0        0.0        0.0  
   114     59      0.0         0.0        0.0        0.0        0.0        0.0  
   114     60      0.0         0.0        0.0        0.0        0.0        0.0  
   115      4      0.0         0.0        0.0        0.0        0.0        0.0  
   115      7      0.0         0.0        0.0        0.0        0.0        0.0  
   116      4      0.0         0.0        0.0        0.0        0.0        0.0  
   116      7      0.0         0.0        0.0        0.0        0.0        0.0  
   117      8      0.0         0.0        0.0        0.0        0.0        0.0  
   117     11      0.0         0.0        0.0        0.0        0.0        0.0  
   118      8      0.0         0.0        0.0        0.0        0.0        0.0  
   118     11      0.0         0.0        0.0        0.0        0.0        0.0  
   119     12      0.0         0.0        0.0        0.0        0.0        0.0  
   119     15      0.0         0.0        0.0        0.0        0.0        0.0  
   120     12      0.0         0.0        0.0        0.0        0.0        0.0  
   120     15      0.0         0.0        0.0        0.0        0.0        0.0  
   121     16      0.0         0.0        0.0        0.0        0.0        0.0  
   121     19      0.0         0.0        0.0        0.0        0.0        0.0  
   122     16      0.0         0.0        0.0        0.0        0.0        0.0  
   122     19      0.0         0.0        0.0        0.0        0.0        0.0  
   123     20      0.0         0.0        0.0        0.0        0.0        0.0  
   123     23      0.0         0.0        0.0        0.0        0.0        0.0  
   124     20      0.0         0.0        0.0        0.0        0.0        0.0  
   124     23      0.0         0.0        0.0        0.0        0.0        0.0  
   125     24      0.0         0.0        0.0        0.0        0.0        0.0  
   125     27      0.0         0.0        0.0        0.0        0.0        0.0  
   126     24      0.0         0.0        0.0        0.0        0.0        0.0  
   126     27      0.0         0.0        0.0        0.0        0.0        0.0  
   127     28      0.0         0.0        0.0        0.0        0.0        0.0  
   127     31      0.0         0.0        0.0        0.0        0.0        0.0  
   128     28      0.0         0.0        0.0        0.0        0.0        0.0  
   128     31      0.0         0.0        0.0        0.0        0.0        0.0  
   129     31      0.0         0.0        0.0        0.0        0.0        0.0  
   129     36      0.0         0.0        0.0        0.0        0.0        0.0  
   130     31      0.0         0.0        0.0        0.0        0.0        0.0  
   130     36      0.0         0.0        0.0        0.0        0.0        0.0  
   131     35      0.0         0.0        0.0        0.0        0.0        0.0  
   131     40      0.0         0.0        0.0        0.0        0.0        0.0  
   132     35      0.0         0.0        0.0        0.0        0.0        0.0  
   132     40      0.0         0.0        0.0        0.0        0.0        0.0  
   133     39      0.0         0.0        0.0        0.0        0.0        0.0  
   133     44      0.0         0.0        0.0        0.0        0.0        0.0  
   134     39      0.0         0.0        0.0        0.0        0.0        0.0  
   134     44      0.0         0.0        0.0        0.0        0.0        0.0  
   135     43      0.0         0.0        0.0        0.0        0.0        0.0  
   135     48      0.0         0.0        0.0        0.0        0.0        0.0  
   136     43      0.0         0.0        0.0        0.0        0.0        0.0  
   136     48      0.0         0.0        0.0        0.0        0.0        0.0  
   137     47      0.0         0.0        0.0        0.0        0.0        0.0  
   137     52      0.0         0.0        0.0        0.0        0.0        0.0  
   138     47      0.0         0.0        0.0        0.0        0.0        0.0  
   138     52      0.0         0.0        0.0        0.0        0.0        0.0  
   139     51      0.0         0.0        0.0        0.0        0.0        0.0  
   139     56      0.0         0.0        0.0        0.0        0.0        0.0  
   140     51      0.0         0.0        0.0        0.0        0.0        0.0  
   140     56      0.0         0.0        0.0        0.0        0.0        0.0  
   141     55      0.0         0.0        0.0        0.0        0.0        0.0  
   141     60      0.0         0.0        0.0        0.0        0.0        0.0  
   142     55      0.0         0.0        0.0        0.0        0.0        0.0  
   142     60      0.0         0.0        0.0        0.0        0.0        0.0  
   143      1      0.0         0.0        0.0        0.0        0.0        0.0  
   143      3      0.0         0.0        0.0        0.0        0.0        0.0  
   144      2      0.0         0.0        0.0        0.0        0.0        0.0  
   144      4      0.0         0.0        0.0        0.0        0.0        0.0  
   145      5      0.0         0.0        0.0        0.0        0.0        0.0  
   145      7      0.0         0.0        0.0        0.0        0.0        0.0  
   146      6      0.0         0.0        0.0        0.0        0.0        0.0  
   146      8      0.0         0.0        0.0        0.0        0.0        0.0  
   147      9      0.0         0.0        0.0        0.0        0.0        0.0  
   147     11      0.0         0.0        0.0        0.0        0.0        0.0  
   148     10      0.0         0.0        0.0        0.0        0.0        0.0  
   148     12      0.0         0.0        0.0        0.0        0.0        0.0  
   149     13      0.0         0.0        0.0        0.0        0.0        0.0  
   149     15      0.0         0.0        0.0        0.0        0.0        0.0  
   150     14      0.0         0.0        0.0        0.0        0.0        0.0  
   150     16      0.0         0.0        0.0        0.0        0.0        0.0  
   151     17      0.0         0.0        0.0        0.0        0.0        0.0  
   151     19      0.0         0.0        0.0        0.0        0.0        0.0  
   152     18      0.0         0.0        0.0        0.0        0.0        0.0  
   152     20      0.0         0.0        0.0        0.0        0.0        0.0  
   153     21      0.0         0.0        0.0        0.0        0.0        0.0  
   153     23      0.0         0.0        0.0        0.0        0.0        0.0  
   154     22      0.0         0.0        0.0        0.0        0.0        0.0  
   154     24      0.0         0.0        0.0        0.0        0.0        0.0  
   155     25      0.0         0.0        0.0        0.0        0.0        0.0  
   155     27      0.0         0.0        0.0        0.0        0.0        0.0  
   156     26      0.0         0.0        0.0        0.0        0.0        0.0  
   156     28      0.0         0.0        0.0        0.0        0.0        0.0  
   157     29      0.0         0.0        0.0        0.0        0.0        0.0  
   157     31      0.0         0.0        0.0        0.0        0.0        0.0  
   158     30      0.0         0.0        0.0        0.0        0.0        0.0  
   158     32      0.0         0.0        0.0        0.0        0.0        0.0  
   159     33      0.0         0.0        0.0        0.0        0.0        0.0  
   159     35      0.0         0.0        0.0        0.0        0.0        0.0  
   160     34      0.0         0.0        0.0        0.0        0.0        0.0  
   160     36      0.0         0.0        0.0        0.0        0.0        0.0  
   161     37      0.0         0.0        0.0        0.0        0.0        0.0  
   161     39      0.0         0.0        0.0        0.0        0.0        0.0  
   162     38      0.0         0.0        0.0        0.0        0.0        0.0  
   162     40      0.0         0.0        0.0        0.0        0.0        0.0  
   163     41      0.0         0.0        0.0        0.0        0.0        0.0  
   163     43      0.0         0.0        0.0        0.0        0.0        0.0  
   164     42      0.0         0.0        0.0        0.0        0.0        0.0  
   164     44      0.0         0.0        0.0        0.0        0.0        0.0  
   165     45      0.0         0.0        0.0        0.0        0.0        0.0  
   165     47      0.0         0.0        0.0        0.0        0.0        0.0  
   166     46      0.0         0.0        0.0        0.0        0.0        0.0  
   166     48      0.0         0.0        0.0        0.0        0.0        0.0  
   167     49      0.0         0.0        0.0        0.0        0.0        0.0  
   167     51      0.0         0.0        0.0        0.0        0.0        0.0  
   168     50      0.0         0.0        0.0        0.0        0.0        0.0  
   168     52      0.0         0.0        0.0        0.0        0.0        0.0  
   169     53      0.0         0.0        0.0        0.0        0.0        0.0  
   169     55      0.0         0.0        0.0        0.0        0.0        0.0  
   170     54      0.0         0.0        0.0        0.0        0.0        0.0  
   170     56      0.0         0.0        0.0        0.0        0.0        0.0  
   171     57      0.0         0.0        0.0        0.0        0.0        0.0  
   171     59      0.0         0.0        0.0        0.0        0.0        0.0  
   172     58      0.0         0.0        0.0        0.0        0.0        0.0  
   172     60      0.0         0.0        0.0        0.0        0.0        0.0  
   173      1      0.0         0.0        0.0        0.0        0.0        0.0  
   173      7      0.0         0.0        0.0        0.0        0.0        0.0  
   174      2      0.0         0.0        0.0        0.0        0.0        0.0  
   174      8      0.0         0.0        0.0        0.0        0.0        0.0  
   175      5      0.0         0.0        0.0        0.0        0.0        0.0  
   175     11      0.0         0.0        0.0        0.0        0.0        0.0  
   176      6      0.0         0.0        0.0        0.0        0.0        0.0  
   176     12      0.0         0.0        0.0        0.0        0.0        0.0  
   177      9      0.0         0.0        0.0        0.0        0.0        0.0  
   177     15      0.0         0.0        0.0        0.0        0.0        0.0  
   178     10      0.0         0.0        0.0        0.0        0.0        0.0  
   178     16      0.0         0.0        0.0        0.0        0.0        0.0  
   179     13      0.0         0.0        0.0        0.0        0.0        0.0  
   179     19      0.0         0.0        0.0        0.0        0.0        0.0  
   180     14      0.0         0.0        0.0        0.0        0.0        0.0  
   180     20      0.0         0.0        0.0        0.0        0.0        0.0  
   181     17      0.0         0.0        0.0        0.0        0.0        0.0  
   181     23      0.0         0.0        0.0        0.0        0.0        0.0  
   182     18      0.0         0.0        0.0        0.0        0.0        0.0  
   182     24      0.0         0.0        0.0        0.0        0.0        0.0  
   183     21      0.0         0.0        0.0        0.0        0.0        0.0  
   183     27      0.0         0.0        0.0        0.0        0.0        0.0  
   184     22      0.0         0.0        0.0        0.0        0.0        0.0  
   184     28      0.0         0.0        0.0        0.0        0.0        0.0  
   185     25      0.0         0.0        0.0        0.0        0.0        0.0  
   185     31      0.0         0.0        0.0        0.0        0.0        0.0  
   186     26      0.0         0.0        0.0        0.0        0.0        0.0  
   186     32      0.0         0.0        0.0        0.0        0.0        0.0  
   187     29      0.0         0.0        0.0        0.0        0.0        0.0  
   187     35      0.0         0.0        0.0        0.0        0.0        0.0  
   188     30      0.0         0.0        0.0        0.0        0.0        0.0  
   188     36      0.0         0.0        0.0        0.0        0.0        0.0  
   189     33      0.0         0.0        0.0        0.0        0.0        0.0  
   189     39      0.0         0.0        0.0        0.0        0.0        0.0  
   190     34      0.0         0.0        0.0        0.0        0.0        0.0  
   190     40      0.0         0.0        0.0        0.0        0.0        0.0  
   191     37      0.0         0.0        0.0        0.0        0.0        0.0  
   191     43      0.0         0.0        0.0        0.0        0.0        0.0  
   192     38      0.0         0.0        0.0        0.0        0.0        0.0  
   192     44      0.0         0.0        0.0        0.0        0.0        0.0  
   193     41      0.0         0.0        0.0        0.0        0.0        0.0  
   193     47      0.0         0.0        0.0        0.0        0.0        0.0  
   194     42      0.0         0.0        0.0        0.0        0.0        0.0  
   194     48      0.0         0.0        0.0        0.0        0.0        0.0  
   195     45      0.0         0.0        0.0        0.0        0.0        0.0  
   195     51      0.0         0.0        0.0        0.0        0.0        0.0  
   196     46      0.0         0.0        0.0        0.0        0.0        0.0  
   196     52      0.0         0.0        0.0        0.0        0.0        0.0  
   197     49      0.0         0.0        0.0        0.0        0.0        0.0  
   197     55      0.0         0.0        0.0        0.0        0.0        0.0  
   198     50      0.0         0.0        0.0        0.0        0.0        0.0  
   198     56      0.0         0.0        0.0        0.0        0.0        0.0  
   199     53      0.0         0.0        0.0        0.0        0.0        0.0  
   199     59      0.0         0.0        0.0        0.0        0.0        0.0  
   200     54      0.0         0.0        0.0        0.0        0.0        0.0  
   200     60      0.0         0.0        0.0        0.0        0.0        0.0  
   201      1      0.0         0.0        0.0        0.0        0.0        0.0  
   201      4      0.0         0.0        0.0        0.0        0.0        0.0  
   202      2      0.0         0.0        0.0        0.0        0.0        0.0  
   202      3      0.0         0.0        0.0        0.0        0.0        0.0  
   203      5      0.0         0.0        0.0        0.0        0.0        0.0  
   203      8      0.0         0.0        0.0        0.0        0.0        0.0  
   204      6      0.0         0.0        0.0        0.0        0.0        0.0  
   204      7      0.0         0.0        0.0        0.0        0.0        0.0  
   205      9      0.0         0.0        0.0        0.0        0.0        0.0  
   205     12      0.0         0.0        0.0        0.0        0.0        0.0  
   206     10      0.0         0.0        0.0        0.0        0.0        0.0  
   206     11      0.0         0.0        0.0        0.0        0.0        0.0  
   207     13      0.0         0.0        0.0        0.0        0.0        0.0  
   207     16      0.0         0.0        0.0        0.0        0.0        0.0  
   208     14      0.0         0.0        0.0        0.0        0.0        0.0  
   208     15      0.0         0.0        0.0        0.0        0.0        0.0  
   209     17      0.0         0.0        0.0        0.0        0.0        0.0  
   209     20      0.0         0.0        0.0        0.0        0.0        0.0  
   210     18      0.0         0.0        0.0        0.0        0.0        0.0  
   210     19      0.0         0.0        0.0        0.0        0.0        0.0  
   211     21      0.0         0.0        0.0        0.0        0.0        0.0  
   211     24      0.0         0.0        0.0        0.0        0.0        0.0  
   212     22      0.0         0.0        0.0        0.0        0.0        0.0  
   212     23      0.0         0.0        0.0        0.0        0.0        0.0  
   213     25      0.0         0.0        0.0        0.0        0.0        0.0  
   213     28      0.0         0.0        0.0        0.0        0.0        0.0  
   214     26      0.0         0.0        0.0        0.0        0.0        0.0  
   214     27      0.0         0.0        0.0        0.0        0.0        0.0  
   215     29      0.0         0.0        0.0        0.0        0.0        0.0  
   215     32      0.0         0.0        0.0        0.0        0.0        0.0  
   216     30      0.0         0.0        0.0        0.0        0.0        0.0  
   216     31      0.0         0.0        0.0        0.0        0.0        0.0  
   217     33      0.0         0.0        0.0        0.0        0.0        0.0  
   217     36      0.0         0.0        0.0        0.0        0.0        0.0  
   218     34      0.0         0.0        0.0        0.0        0.0        0.0  
   218     35      0.0         0.0        0.0        0.0        0.0        0.0  
   219     37      0.0         0.0        0.0        0.0        0.0        0.0  
   219     40      0.0         0.0        0.0        0.0        0.0        0.0  
   220     38      0.0         0.0        0.0        0.0        0.0        0.0  
   220     39      0.0         0.0        0.0        0.0        0.0        0.0  
   221     41      0.0         0.0        0.0        0.0        0.0        0.0  
   221     44      0.0         0.0        0.0        0.0        0.0        0.0  
   222     42      0.0         0.0        0.0        0.0        0.0        0.0  
   222     43      0.0         0.0        0.0        0.0        0.0        0.0  
   223     45      0.0         0.0        0.0        0.0        0.0        0.0  
   223     48      0.0         0.0        0.0        0.0        0.0        0.0  
   224     46      0.0         0.0        0.0        0.0        0.0        0.0  
   224     47      0.0         0.0        0.0        0.0        0.0        0.0  
   225     49      0.0         0.0        0.0        0.0        0.0        0.0  
   225     52      0.0         0.0        0.0        0.0        0.0        0.0  
   226     50      0.0         0.0        0.0        0.0        0.0        0.0  
   226     51      0.0         0.0        0.0        0.0        0.0        0.0  
   227     53      0.0         0.0        0.0        0.0        0.0        0.0  
   227     56      0.0         0.0        0.0        0.0        0.0        0.0  
   228     54      0.0         0.0        0.0        0.0        0.0        0.0  
   228     55      0.0         0.0        0.0        0.0        0.0        0.0  
   229     57      0.0         0.0        0.0        0.0        0.0        0.0  
   229     60      0.0         0.0        0.0        0.0        0.0        0.0  
   230     58      0.0         0.0        0.0        0.0        0.0        0.0  
   230     59      0.0         0.0        0.0        0.0        0.0        0.0  
   231      1      0.0         0.0        0.0        0.0        0.0        0.0  
   231      5      0.0         0.0        0.0        0.0        0.0        0.0  
   232     53      0.0         0.0        0.0        0.0        0.0        0.0  
   232     57      0.0         0.0        0.0        0.0        0.0        0.0  
   233      3      0.0         0.0        0.0        0.0        0.0        0.0  
   233      7      0.0         0.0        0.0        0.0        0.0        0.0  
   234     55      0.0         0.0        0.0        0.0        0.0        0.0  
   234     59      0.0         0.0        0.0        0.0        0.0        0.0  
R E A C T I O N S							(global)
  Node        Fx          Fy          Fz         Mxx         Myy         Mzz
     5       0.0         0.0         0.000       0.000       0.000       0.000
     7       0.0         0.0         0.000       0.000       0.000       0.000
    53       0.0         0.0         0.000       0.000       0.000       0.000
    55       0.0         0.0         0.000       0.000       0.000       0.000
R M S    R E L A T I V E    E Q U I L I B R I U M    E R R O R: 1.000e+000

P E A K   F R A M E   E L E M E N T   I N T E R N A L   F O R C E S(local)", 
  Elmnt   .         Nx          Vy         Vz        Txx        Myy        Mzz
     1   max       0.000      -0.000      0.000      0.000      0.000     -0.000
     1   min       0.000      -0.000      0.000      0.000      0.000     -0.000
     2   max       0.000      -0.000      0.000      0.000      0.000     -0.000
     2   min       0.000      -0.000      0.000      0.000      0.000     -0.000
     3   max       0.000      -0.000      0.000      0.000      0.000     -0.000
     3   min       0.000      -0.000      0.000      0.000      0.000     -0.000
     4   max       0.000      -0.000      0.000      0.000      0.000     -0.000
     4   min       0.000      -0.000      0.000      0.000      0.000     -0.000
     5   max       0.000      -0.000      0.000      0.000      0.000     -0.000
     5   min       0.000      -0.000      0.000      0.000      0.000     -0.000
     6   max       0.000      -0.000      0.000      0.000      0.000     -0.000
     6   min       0.000      -0.000      0.000      0.000      0.000     -0.000
     7   max       0.000      -0.000      0.000      0.000      0.000     -0.000
     7   min       0.000      -0.000      0.000      0.000      0.000     -0.000
     8   max       0.000      -0.000      0.000      0.000      0.000     -0.000
     8   min       0.000      -0.000      0.000      0.000      0.000     -0.000
     9   max       0.000      -0.000      0.000      0.000      0.000     -0.000
     9   min       0.000      -0.000      0.000      0.000      0.000     -0.000
    10   max       0.000      -0.000      0.000      0.000      0.000     -0.000
    10   min       0.000      -0.000      0.000      0.000      0.000     -0.000
    11   max       0.000      -0.000      0.000      0.000      0.000     -0.000
    11   min       0.000      -0.000      0.000      0.000      0.000     -0.000
    12   max       0.000      -0.000      0.000      0.000      0.000     -0.000
    12   min       0.000      -0.000      0.000      0.000      0.000     -0.000
    13   max       0.000      -0.000      0.000      0.000      0.000     -0.000
    13   min       0.000      -0.000      0.000      0.000      0.000     -0.000
    14   max       0.000      -0.000      0.000      0.000      0.000     -0.000
    14   min       0.000      -0.000      0.000      0.000      0.000     -0.000
    15   max       0.000      -0.000      0.000      0.000      0.000     -0.000
    15   min       0.000      -0.000      0.000      0.000      0.000     -0.000
    16   max       0.000      -0.000      0.000      0.000      0.000     -0.000
    16   min       0.000      -0.000      0.000      0.000      0.000     -0.000
    17   max       0.000      -0.000      0.000      0.000      0.000     -0.000
    17   min       0.000      -0.000      0.000      0.000      0.000     -0.000
    18   max       0.000      -0.000      0.000      0.000      0.000     -0.000
    18   min       0.000      -0.000      0.000      0.000      0.000     -0.000
    19   max       0.000      -0.000      0.000      0.000      0.000     -0.000
    19   min       0.000      -0.000      0.000      0.000      0.000     -0.000
    20   max       0.000      -0.000      0.000      0.000      0.000     -0.000
    20   min       0.000      -0.000      0.000      0.000      0.000     -0.000
    21   max       0.000      -0.000      0.000      0.000      0.000     -0.000
    21   min       0.000      -0.000      0.000      0.000      0.000     -0.000
    22   max       0.000      -0.000      0.000      0.000      0.000     -0.000
    22   min       0.000      -0.000      0.000      0.000      0.000     -0.000
    23   max       0.000      -0.000      0.000      0.000      0.000     -0.000
    23   min       0.000      -0.000      0.000      0.000      0.000     -0.000
    24   max       0.000      -0.000      0.000      0.000      0.000     -0.000
    24   min       0.000      -0.000      0.000      0.000      0.000     -0.000
    25   max       0.000      -0.000      0.000      0.000      0.000     -0.000
    25   min       0.000      -0.000      0.000      0.000      0.000     -0.000
    26   max       0.000      -0.000      0.000      0.000      0.000     -0.000
    26   min       0.000      -0.000      0.000      0.000      0.000     -0.000
    27   max       0.000      -0.000      0.000      0.000      0.000     -0.000
    27   min       0.000      -0.000      0.000      0.000      0.000     -0.000
    28   max       0.000      -0.000      0.000      0.000      0.000     -0.000
    28   min       0.000      -0.000      0.000      0.000      0.000     -0.000
    29   max       0.000      -0.000      0.000      0.000      0.000     -0.000
    29   min       0.000      -0.000      0.000      0.000      0.000     -0.000
    30   max       0.000      -0.000      0.000      0.000      0.000     -0.000
    30   min       0.000      -0.000      0.000      0.000      0.000     -0.000
    31   max       0.000      -0.000      0.000      0.000      0.000     -0.000
    31   min       0.000      -0.000      0.000      0.000      0.000     -0.000
    32   max       0.000      -0.000      0.000      0.000      0.000     -0.000
    32   min       0.000      -0.000      0.000      0.000      0.000     -0.000
    33   max       0.000      -0.000      0.000      0.000      0.000     -0.000
    33   min       0.000      -0.000      0.000      0.000      0.000     -0.000
    34   max       0.000      -0.000      0.000      0.000      0.000     -0.000
    34   min       0.000      -0.000      0.000      0.000      0.000     -0.000
    35   max       0.000      -0.000      0.000      0.000      0.000     -0.000
    35   min       0.000      -0.000      0.000      0.000      0.000     -0.000
    36   max       0.000      -0.000      0.000      0.000      0.000     -0.000
    36   min       0.000      -0.000      0.000      0.000      0.000     -0.000
    37   max       0.000      -0.000      0.000      0.000      0.000     -0.000
    37   min       0.000      -0.000      0.000      0.000      0.000     -0.000
    38   max       0.000      -0.000      0.000      0.000      0.000     -0.000
    38   min       0.000      -0.000      0.000      0.000      0.000     -0.000
    39   max       0.000      -0.000      0.000      0.000      0.000     -0.000
    39   min       0.000      -0.000      0.000      0.000      0.000     -0.000
    40   max       0.000      -0.000      0.000      0.000      0.000     -0.000
    40   min       0.000      -0.000      0.000      0.000      0.000     -0.000
    41   max       0.000      -0.000      0.000      0.000      0.000     -0.000
    41   min       0.000      -0.000      0.000      0.000      0.000     -0.000
    42   max       0.000      -0.000      0.000      0.000      0.000     -0.000
    42   min       0.000      -0.000      0.000      0.000      0.000     -0.000
    43   max       0.000      -0.000      0.000      0.000      0.000     -0.000
    43   min       0.000      -0.000      0.000      0.000      0.000     -0.000
    44   max       0.000      -0.000      0.000      0.000      0.000     -0.000
    44   min       0.000      -0.000      0.000      0.000      0.000     -0.000
    45   max       0.000      -0.000      0.000      0.000      0.000     -0.000
    45   min       0.000      -0.000      0.000      0.000      0.000     -0.000
    46   max       0.000      -0.000      0.000      0.000      0.000     -0.000
    46   min       0.000      -0.000      0.000      0.000      0.000     -0.000
    47   max       0.000      -0.000      0.000      0.000      0.000     -0.000
    47   min       0.000      -0.000      0.000      0.000      0.000     -0.000
    48   max       0.000      -0.000      0.000      0.000      0.000     -0.000
    48   min       0.000      -0.000      0.000      0.000      0.000     -0.000
    49   max       0.000      -0.000      0.000      0.000      0.000     -0.000
    49   min       0.000      -0.000      0.000      0.000      0.000     -0.000
    50   max       0.000      -0.000      0.000      0.000      0.000     -0.000
    50   min       0.000      -0.000      0.000      0.000      0.000     -0.000
    51   max       0.000      -0.000      0.000      0.000      0.000     -0.000
    51   min       0.000      -0.000      0.000      0.000      0.000     -0.000
    52   max       0.000      -0.000      0.000      0.000      0.000     -0.000
    52   min       0.000      -0.000      0.000      0.000      0.000     -0.000
    53   max       0.000      -0.000      0.000      0.000      0.000     -0.000
    53   min       0.000      -0.000      0.000      0.000      0.000     -0.000
    54   max       0.000      -0.000      0.000      0.000      0.000     -0.000
    54   min       0.000      -0.000      0.000      0.000      0.000     -0.000
    55   max       0.000      -0.000      0.000      0.000      0.000     -0.000
    55   min       0.000      -0.000      0.000      0.000      0.000     -0.000
    56   max       0.000      -0.000      0.000      0.000      0.000     -0.000
    56   min       0.000      -0.000      0.000      0.000      0.000     -0.000
    57   max       0.000      -0.000      0.000      0.000      0.000     -0.000
    57   min       0.000      -0.000      0.000      0.000      0.000     -0.000
    58   max       0.000      -0.000      0.000      0.000      0.000     -0.000
    58   min       0.000      -0.000      0.000      0.000      0.000     -0.000
    59   max       0.000      -0.000      0.000      0.000      0.000     -0.000
    59   min       0.000      -0.000      0.000      0.000      0.000     -0.000
    60   max       0.000      -0.000      0.000      0.000      0.000     -0.000
    60   min       0.000      -0.000      0.000      0.000      0.000     -0.000
    61   max       0.000      -0.000      0.000      0.000      0.000     -0.000
    61   min       0.000      -0.000      0.000      0.000      0.000     -0.000
    62   max       0.000      -0.000      0.000      0.000      0.000     -0.000
    62   min       0.000      -0.000      0.000      0.000      0.000     -0.000
    63   max       0.000      -0.000      0.000      0.000      0.000     -0.000
    63   min       0.000      -0.000      0.000      0.000      0.000     -0.000
    64   max       0.000      -0.000      0.000      0.000      0.000     -0.000
    64   min       0.000      -0.000      0.000      0.000      0.000     -0.000
    65   max       0.000      -0.000      0.000      0.000      0.000     -0.000
    65   min       0.000      -0.000      0.000      0.000      0.000     -0.000
    66   max       0.000      -0.000      0.000      0.000      0.000     -0.000
    66   min       0.000      -0.000      0.000      0.000      0.000     -0.000
    67   max       0.000      -0.000      0.000      0.000      0.000     -0.000
    67   min       0.000      -0.000      0.000      0.000      0.000     -0.000
    68   max       0.000      -0.000      0.000      0.000      0.000     -0.000
    68   min       0.000      -0.000      0.000      0.000      0.000     -0.000
    69   max       0.000      -0.000      0.000      0.000      0.000     -0.000
    69   min       0.000      -0.000      0.000      0.000      0.000     -0.000
    70   max       0.000      -0.000      0.000      0.000      0.000     -0.000
    70   min       0.000      -0.000      0.000      0.000      0.000     -0.000
    71   max       0.000      -0.000      0.000      0.000      0.000     -0.000
    71   min       0.000      -0.000      0.000      0.000      0.000     -0.000
    72   max       0.000      -0.000      0.000      0.000      0.000     -0.000
    72   min       0.000      -0.000      0.000      0.000      0.000     -0.000
    73   max       0.000      -0.000      0.000      0.000      0.000     -0.000
    73   min       0.000      -0.000      0.000      0.000      0.000     -0.000
    74   max       0.000      -0.000      0.000      0.000      0.000     -0.000
    74   min       0.000      -0.000      0.000      0.000      0.000     -0.000
    75   max       0.000      -0.000      0.000      0.000      0.000     -0.000
    75   min       0.000      -0.000      0.000      0.000      0.000     -0.000
    76   max       0.000      -0.000      0.000      0.000      0.000     -0.000
    76   min       0.000      -0.000      0.000      0.000      0.000     -0.000
    77   max       0.000      -0.000      0.000      0.000      0.000     -0.000
    77   min       0.000      -0.000      0.000      0.000      0.000     -0.000
    78   max       0.000      -0.000      0.000      0.000      0.000     -0.000
    78   min       0.000      -0.000      0.000      0.000      0.000     -0.000
    79   max       0.000      -0.000      0.000      0.000      0.000     -0.000
    79   min       0.000      -0.000      0.000      0.000      0.000     -0.000
    80   max       0.000      -0.000      0.000      0.000      0.000     -0.000
    80   min       0.000      -0.000      0.000      0.000      0.000     -0.000
    81   max       0.000      -0.000      0.000      0.000      0.000     -0.000
    81   min       0.000      -0.000      0.000      0.000      0.000     -0.000
    82   max       0.000      -0.000      0.000      0.000      0.000     -0.000
    82   min       0.000      -0.000      0.000      0.000      0.000     -0.000
    83   max       0.000      -0.000      0.000      0.000      0.000     -0.000
    83   min       0.000      -0.000      0.000      0.000      0.000     -0.000
    84   max       0.000      -0.000      0.000      0.000      0.000     -0.000
    84   min       0.000      -0.000      0.000      0.000      0.000     -0.000
    85   max       0.000      -0.000      0.000      0.000      0.000     -0.000
    85   min       0.000      -0.000      0.000      0.000      0.000     -0.000
    86   max       0.000      -0.000      0.000      0.000      0.000     -0.000
    86   min       0.000      -0.000      0.000      0.000      0.000     -0.000
    87   max       0.000      -0.000      0.000      0.000      0.000     -0.000
    87   min       0.000      -0.000      0.000      0.000      0.000     -0.000
    88   max       0.000      -0.000      0.000      0.000      0.000     -0.000
    88   min       0.000      -0.000      0.000      0.000      0.000     -0.000
    89   max       0.000      -0.000      0.000      0.000      0.000     -0.000
    89   min       0.000      -0.000      0.000      0.000      0.000     -0.000
    90   max       0.000      -0.000      0.000      0.000      0.000     -0.000
    90   min       0.000      -0.000      0.000      0.000      0.000     -0.000
    91   max       0.000      -0.000      0.000      0.000      0.000     -0.000
    91   min       0.000      -0.000      0.000      0.000      0.000     -0.000
    92   max       0.000      -0.000      0.000      0.000      0.000     -0.000
    92   min       0.000      -0.000      0.000      0.000      0.000     -0.000
    93   max       0.000      -0.000      0.000      0.000      0.000     -0.000
    93   min       0.000      -0.000      0.000      0.000      0.000     -0.000
    94   max       0.000      -0.000      0.000      0.000      0.000     -0.000
    94   min       0.000      -0.000      0.000      0.000      0.000     -0.000
    95   max       0.000      -0.000      0.000      0.000      0.000     -0.000
    95   min       0.000      -0.000      0.000      0.000      0.000     -0.000
    96   max       0.000      -0.000      0.000      0.000      0.000     -0.000
    96   min       0.000      -0.000      0.000      0.000      0.000     -0.000
    97   max       0.000      -0.000      0.000      0.000      0.000     -0.000
    97   min       0.000      -0.000      0.000      0.000      0.000     -0.000
    98   max       0.000      -0.000      0.000      0.000      0.000     -0.000
    98   min       0.000      -0.000      0.000      0.000      0.000     -0.000
    99   max       0.000      -0.000      0.000      0.000      0.000     -0.000
    99   min       0.000      -0.000      0.000      0.000      0.000     -0.000
   100   max       0.000      -0.000      0.000      0.000      0.000     -0.000
   100   min       0.000      -0.000      0.000      0.000      0.000     -0.000
   101   max       0.000      -0.000      0.000      0.000      0.000     -0.000
   101   min       0.000      -0.000      0.000      0.000      0.000     -0.000
   102   max       0.000      -0.000      0.000      0.000      0.000     -0.000
   102   min       0.000      -0.000      0.000      0.000      0.000     -0.000
   103   max       0.000      -0.000      0.000      0.000      0.000     -0.000
   103   min       0.000      -0.000      0.000      0.000      0.000     -0.000
   104   max       0.000      -0.000      0.000      0.000      0.000     -0.000
   104   min       0.000      -0.000      0.000      0.000      0.000     -0.000
   105   max       0.000      -0.000      0.000      0.000      0.000     -0.000
   105   min       0.000      -0.000      0.000      0.000      0.000     -0.000
   106   max       0.000      -0.000      0.000      0.000      0.000     -0.000
   106   min       0.000      -0.000      0.000      0.000      0.000     -0.000
   107   max       0.000      -0.000      0.000      0.000      0.000     -0.000
   107   min       0.000      -0.000      0.000      0.000      0.000     -0.000
   108   max       0.000      -0.000      0.000      0.000      0.000     -0.000
   108   min       0.000      -0.000      0.000      0.000      0.000     -0.000
   109   max       0.000      -0.000      0.000      0.000      0.000     -0.000
   109   min       0.000      -0.000      0.000      0.000      0.000     -0.000
   110   max       0.000      -0.000      0.000      0.000      0.000     -0.000
   110   min       0.000      -0.000      0.000      0.000      0.000     -0.000
   111   max       0.000      -0.000      0.000      0.000      0.000     -0.000
   111   min       0.000      -0.000      0.000      0.000      0.000     -0.000
   112   max       0.000      -0.000      0.000      0.000      0.000     -0.000
   112   min       0.000      -0.000      0.000      0.000      0.000     -0.000
   113   max       0.000      -0.000      0.000      0.000      0.000     -0.000
   113   min       0.000      -0.000      0.000      0.000      0.000     -0.000
   114   max       0.000      -0.000      0.000      0.000      0.000     -0.000
   114   min       0.000      -0.000      0.000      0.000      0.000     -0.000
   115   max       0.000      -0.000      0.000      0.000      0.000     -0.000
   115   min       0.000      -0.000      0.000      0.000      0.000     -0.000
   116   max       0.000      -0.000      0.000      0.000      0.000     -0.000
   116   min       0.000      -0.000      0.000      0.000      0.000     -0.000
   117   max       0.000      -0.000      0.000      0.000      0.000     -0.000
   117   min       0.000      -0.000      0.000      0.000      0.000     -0.000
   118   max       0.000      -0.000      0.000      0.000      0.000     -0.000
   118   min       0.000      -0.000      0.000      0.000      0.000     -0.000
   119   max       0.000      -0.000      0.000      0.000      0.000     -0.000
   119   min       0.000      -0.000      0.000      0.000      0.000     -0.000
   120   max       0.000      -0.000      0.000      0.000      0.000     -0.000
   120   min       0.000      -0.000      0.000      0.000      0.000     -0.000
   121   max       0.000      -0.000      0.000      0.000      0.000     -0.000
   121   min       0.000      -0.000      0.000      0.000      0.000     -0.000
   122   max       0.000      -0.000      0.000      0.000      0.000     -0.000
   122   min       0.000      -0.000      0.000      0.000      0.000     -0.000
   123   max       0.000      -0.000      0.000      0.000      0.000     -0.000
   123   min       0.000      -0.000      0.000      0.000      0.000     -0.000
   124   max       0.000      -0.000      0.000      0.000      0.000     -0.000
   124   min       0.000      -0.000      0.000      0.000      0.000     -0.000
   125   max       0.000      -0.000      0.000      0.000      0.000     -0.000
   125   min       0.000      -0.000      0.000      0.000      0.000     -0.000
   126   max       0.000      -0.000      0.000      0.000      0.000     -0.000
   126   min       0.000      -0.000      0.000      0.000      0.000     -0.000
   127   max       0.000      -0.000      0.000      0.000      0.000     -0.000
   127   min       0.000      -0.000      0.000      0.000      0.000     -0.000
   128   max       0.000      -0.000      0.000      0.000      0.000     -0.000
   128   min       0.000      -0.000      0.000      0.000      0.000     -0.000
   129   max       0.000      -0.000      0.000      0.000      0.000     -0.000
   129   min       0.000      -0.000      0.000      0.000      0.000     -0.000
   130   max       0.000      -0.000      0.000      0.000      0.000     -0.000
   130   min       0.000      -0.000      0.000      0.000      0.000     -0.000
   131   max       0.000      -0.000      0.000      0.000      0.000     -0.000
   131   min       0.000      -0.000      0.000      0.000      0.000     -0.000
   132   max       0.000      -0.000      0.000      0.000      0.000     -0.000
   132   min       0.000      -0.000      0.000      0.000      0.000     -0.000
   133   max       0.000      -0.000      0.000      0.000      0.000     -0.000
   133   min       0.000      -0.000      0.000      0.000      0.000     -0.000
   134   max       0.000      -0.000      0.000      0.000      0.000     -0.000
   134   min       0.000      -0.000      0.000      0.000      0.000     -0.000
   135   max       0.000      -0.000      0.000      0.000      0.000     -0.000
   135   min       0.000      -0.000      0.000      0.000      0.000     -0.000
   136   max       0.000      -0.000      0.000      0.000      0.000     -0.000
   136   min       0.000      -0.000      0.000      0.000      0.000     -0.000
   137   max       0.000      -0.000      0.000      0.000      0.000     -0.000
   137   min       0.000      -0.000      0.000      0.000      0.000     -0.000
   138   max       0.000      -0.000      0.000      0.000      0.000     -0.000
   138   min       0.000      -0.000      0.000      0.000      0.000     -0.000
   139   max       0.000      -0.000      0.000      0.000      0.000     -0.000
   139   min       0.000      -0.000      0.000      0.000      0.000     -0.000
   140   max       0.000      -0.000      0.000      0.000      0.000     -0.000
   140   min       0.000      -0.000      0.000      0.000      0.000     -0.000
   141   max       0.000      -0.000      0.000      0.000      0.000     -0.000
   141   min       0.000      -0.000      0.000      0.000      0.000     -0.000
   142   max       0.000      -0.000      0.000      0.000      0.000     -0.000
   142   min       0.000      -0.000      0.000      0.000      0.000     -0.000
   143   max       0.000      -0.000      0.000      0.000      0.000     -0.000
   143   min       0.000      -0.000      0.000      0.000      0.000     -0.000
   144   max       0.000      -0.000      0.000      0.000      0.000     -0.000
   144   min       0.000      -0.000      0.000      0.000      0.000     -0.000
   145   max       0.000      -0.000      0.000      0.000      0.000     -0.000
   145   min       0.000      -0.000      0.000      0.000      0.000     -0.000
   146   max       0.000      -0.000      0.000      0.000      0.000     -0.000
   146   min       0.000      -0.000      0.000      0.000      0.000     -0.000
   147   max       0.000      -0.000      0.000      0.000      0.000     -0.000
   147   min       0.000      -0.000      0.000      0.000      0.000     -0.000
   148   max       0.000      -0.000      0.000      0.000      0.000     -0.000
   148   min       0.000      -0.000      0.000      0.000      0.000     -0.000
   149   max       0.000      -0.000      0.000      0.000      0.000     -0.000
   149   min       0.000      -0.000      0.000      0.000      0.000     -0.000
   150   max       0.000      -0.000      0.000      0.000      0.000     -0.000
   150   min       0.000      -0.000      0.000      0.000      0.000     -0.000
   151   max       0.000      -0.000      0.000      0.000      0.000     -0.000
   151   min       0.000      -0.000      0.000      0.000      0.000     -0.000
   152   max       0.000      -0.000      0.000      0.000      0.000     -0.000
   152   min       0.000      -0.000      0.000      0.000      0.000     -0.000
   153   max       0.000      -0.000      0.000      0.000      0.000     -0.000
   153   min       0.000      -0.000      0.000      0.000      0.000     -0.000
   154   max       0.000      -0.000      0.000      0.000      0.000     -0.000
   154   min       0.000      -0.000      0.000      0.000      0.000     -0.000
   155   max       0.000      -0.000      0.000      0.000      0.000     -0.000
   155   min       0.000      -0.000      0.000      0.000      0.000     -0.000
   156   max       0.000      -0.000      0.000      0.000      0.000     -0.000
   156   min       0.000      -0.000      0.000      0.000      0.000     -0.000
   157   max       0.000      -0.000      0.000      0.000      0.000     -0.000
   157   min       0.000      -0.000      0.000      0.000      0.000     -0.000
   158   max       0.000      -0.000      0.000      0.000      0.000     -0.000
   158   min       0.000      -0.000      0.000      0.000      0.000     -0.000
   159   max       0.000      -0.000      0.000      0.000      0.000     -0.000
   159   min       0.000      -0.000      0.000      0.000      0.000     -0.000
   160   max       0.000      -0.000      0.000      0.000      0.000     -0.000
   160   min       0.000      -0.000      0.000      0.000      0.000     -0.000
   161   max       0.000      -0.000      0.000      0.000      0.000     -0.000
   161   min       0.000      -0.000      0.000      0.000      0.000     -0.000
   162   max       0.000      -0.000      0.000      0.000      0.000     -0.000
   162   min       0.000      -0.000      0.000      0.000      0.000     -0.000
   163   max       0.000      -0.000      0.000      0.000      0.000     -0.000
   163   min       0.000      -0.000      0.000      0.000      0.000     -0.000
   164   max       0.000      -0.000      0.000      0.000      0.000     -0.000
   164   min       0.000      -0.000      0.000      0.000      0.000     -0.000
   165   max       0.000      -0.000      0.000      0.000      0.000     -0.000
   165   min       0.000      -0.000      0.000      0.000      0.000     -0.000
   166   max       0.000      -0.000      0.000      0.000      0.000     -0.000
   166   min       0.000      -0.000      0.000      0.000      0.000     -0.000
   167   max       0.000      -0.000      0.000      0.000      0.000     -0.000
   167   min       0.000      -0.000      0.000      0.000      0.000     -0.000
   168   max       0.000      -0.000      0.000      0.000      0.000     -0.000
   168   min       0.000      -0.000      0.000      0.000      0.000     -0.000
   169   max       0.000      -0.000      0.000      0.000      0.000     -0.000
   169   min       0.000      -0.000      0.000      0.000      0.000     -0.000
   170   max       0.000      -0.000      0.000      0.000      0.000     -0.000
   170   min       0.000      -0.000      0.000      0.000      0.000     -0.000
   171   max       0.000      -0.000      0.000      0.000      0.000     -0.000
   171   min       0.000      -0.000      0.000      0.000      0.000     -0.000
   172   max       0.000      -0.000      0.000      0.000      0.000     -0.000
   172   min       0.000      -0.000      0.000      0.000      0.000     -0.000
   173   max       0.000      -0.000      0.000      0.000      0.000     -0.000
   173   min       0.000      -0.000      0.000      0.000      0.000     -0.000
   174   max       0.000      -0.000      0.000      0.000      0.000     -0.000
   174   min       0.000      -0.000      0.000      0.000      0.000     -0.000
   175   max       0.000      -0.000      0.000      0.000      0.000     -0.000
   175   min       0.000      -0.000      0.000      0.000      0.000     -0.000
   176   max       0.000      -0.000      0.000      0.000      0.000     -0.000
   176   min       0.000      -0.000      0.000      0.000      0.000     -0.000
   177   max       0.000      -0.000      0.000      0.000      0.000     -0.000
   177   min       0.000      -0.000      0.000      0.000      0.000     -0.000
   178   max       0.000      -0.000      0.000      0.000      0.000     -0.000
   178   min       0.000      -0.000      0.000      0.000      0.000     -0.000
   179   max       0.000      -0.000      0.000      0.000      0.000     -0.000
   179   min       0.000      -0.000      0.000      0.000      0.000     -0.000
   180   max       0.000      -0.000      0.000      0.000      0.000     -0.000
   180   min       0.000      -0.000      0.000      0.000      0.000     -0.000
   181   max       0.000      -0.000      0.000      0.000      0.000     -0.000
   181   min       0.000      -0.000      0.000      0.000      0.000     -0.000
   182   max       0.000      -0.000      0.000      0.000      0.000     -0.000
   182   min       0.000      -0.000      0.000      0.000      0.000     -0.000
   183   max       0.000      -0.000      0.000      0.000      0.000     -0.000
   183   min       0.000      -0.000      0.000      0.000      0.000     -0.000
   184   max       0.000      -0.000      0.000      0.000      0.000     -0.000
   184   min       0.000      -0.000      0.000      0.000      0.000     -0.000
   185   max       0.000      -0.000      0.000      0.000      0.000     -0.000
   185   min       0.000      -0.000      0.000      0.000      0.000     -0.000
   186   max       0.000      -0.000      0.000      0.000      0.000     -0.000
   186   min       0.000      -0.000      0.000      0.000      0.000     -0.000
   187   max       0.000      -0.000      0.000      0.000      0.000     -0.000
   187   min       0.000      -0.000      0.000      0.000      0.000     -0.000
   188   max       0.000      -0.000      0.000      0.000      0.000     -0.000
   188   min       0.000      -0.000      0.000      0.000      0.000     -0.000
   189   max       0.000      -0.000      0.000      0.000      0.000     -0.000
   189   min       0.000      -0.000      0.000      0.000      0.000     -0.000
   190   max       0.000      -0.000      0.000      0.000      0.000     -0.000
   190   min       0.000      -0.000      0.000      0.000      0.000     -0.000
   191   max       0.000      -0.000      0.000      0.000      0.000     -0.000
   191   min       0.000      -0.000      0.000      0.000      0.000     -0.000
   192   max       0.000      -0.000      0.000      0.000      0.000     -0.000
   192   min       0.000      -0.000      0.000      0.000      0.000     -0.000
   193   max       0.000      -0.000      0.000      0.000      0.000     -0.000
   193   min       0.000      -0.000      0.000      0.000      0.000     -0.000
   194   max       0.000      -0.000      0.000      0.000      0.000     -0.000
   194   min       0.000      -0.000      0.000      0.000      0.000     -0.000
   195   max       0.000      -0.000      0.000      0.000      0.000     -0.000
   195   min       0.000      -0.000      0.000      0.000      0.000     -0.000
   196   max       0.000      -0.000      0.000      0.000      0.000     -0.000
   196   min       0.000      -0.000      0.000      0.000      0.000     -0.000
   197   max       0.000      -0.000      0.000      0.000      0.000     -0.000
   197   min       0.000      -0.000      0.000      0.000      0.000     -0.000
   198   max       0.000      -0.000      0.000      0.000      0.000     -0.000
   198   min       0.000      -0.000      0.000      0.000      0.000     -0.000
   199   max       0.000      -0.000      0.000      0.000      0.000     -0.000
   199   min       0.000      -0.000      0.000      0.000      0.000     -0.000
   200   max       0.000      -0.000      0.000      0.000      0.000     -0.000
   200   min       0.000      -0.000      0.000      0.000      0.000     -0.000
   201   max       0.000      -0.000      0.000      0.000      0.000     -0.000
   201   min       0.000      -0.000      0.000      0.000      0.000     -0.000
   202   max       0.000      -0.000      0.000      0.000      0.000     -0.000
   202   min       0.000      -0.000      0.000      0.000      0.000     -0.000
   203   max       0.000      -0.000      0.000      0.000      0.000     -0.000
   203   min       0.000      -0.000      0.000      0.000      0.000     -0.000
   204   max       0.000      -0.000      0.000      0.000      0.000     -0.000
   204   min       0.000      -0.000      0.000      0.000      0.000     -0.000
   205   max       0.000      -0.000      0.000      0.000      0.000     -0.000
   205   min       0.000      -0.000      0.000      0.000      0.000     -0.000
   206   max       0.000      -0.000      0.000      0.000      0.000     -0.000
   206   min       0.000      -0.000      0.000      0.000      0.000     -0.000
   207   max       0.000      -0.000      0.000      0.000      0.000     -0.000
   207   min       0.000      -0.000      0.000      0.000      0.000     -0.000
   208   max       0.000      -0.000      0.000      0.000      0.000     -0.000
   208   min       0.000      -0.000      0.000      0.000      0.000     -0.000
   209   max       0.000      -0.000      0.000      0.000      0.000     -0.000
   209   min       0.000      -0.000      0.000      0.000      0.000     -0.000
   210   max       0.000      -0.000      0.000      0.000      0.000     -0.000
   210   min       0.000      -0.000      0.000      0.000      0.000     -0.000
   211   max       0.000      -0.000      0.000      0.000      0.000     -0.000
   211   min       0.000      -0.000      0.000      0.000      0.000     -0.000
   212   max       0.000      -0.000      0.000      0.000      0.000     -0.000
   212   min       0.000      -0.000      0.000      0.000      0.000     -0.000
   213   max       0.000      -0.000      0.000      0.000      0.000     -0.000
   213   min       0.000      -0.000      0.000      0.000      0.000     -0.000
   214   max       0.000      -0.000      0.000      0.000      0.000     -0.000
   214   min       0.000      -0.000      0.000      0.000      0.000     -0.000
   215   max       0.000      -0.000      0.000      0.000      0.000     -0.000
   215   min       0.000      -0.000      0.000      0.000      0.000     -0.000
   216   max       0.000      -0.000      0.000      0.000      0.000     -0.000
   216   min       0.000      -0.000      0.000      0.000      0.000     -0.000
   217   max       0.000      -0.000      0.000      0.000      0.000     -0.000
   217   min       0.000      -0.000      0.000      0.000      0.000     -0.000
   218   max       0.000      -0.000      0.000      0.000      0.000     -0.000
   218   min       0.000      -0.000      0.000      0.000      0.000     -0.000
   219   max       0.000      -0.000      0.000      0.000      0.000     -0.000
   219   min       0.000      -0.000      0.000      0.000      0.000     -0.000
   220   max       0.000      -0.000      0.000      0.000      0.000     -0.000
   220   min       0.000      -0.000      0.000      0.000      0.000     -0.000
   221   max       0.000      -0.000      0.000      0.000      0.000     -0.000
   221   min       0.000      -0.000      0.000      0.000      0.000     -0.000
   222   max       0.000      -0.000      0.000      0.000      0.000     -0.000
   222   min       0.000      -0.000      0.000      0.000      0.000     -0.000
   223   max       0.000      -0.000      0.000      0.000      0.000     -0.000
   223   min       0.000      -0.000      0.000      0.000      0.000     -0.000
   224   max       0.000      -0.000      0.000      0.000      0.000     -0.000
   224   min       0.000      -0.000      0.000      0.000      0.000     -0.000
   225   max       0.000      -0.000      0.000      0.000      0.000     -0.000
   225   min       0.000      -0.000      0.000      0.000      0.000     -0.000
   226   max       0.000      -0.000      0.000      0.000      0.000     -0.000
   226   min       0.000      -0.000      0.000      0.000      0.000     -0.000
   227   max       0.000      -0.000      0.000      0.000      0.000     -0.000
   227   min       0.000      -0.000      0.000      0.000      0.000     -0.000
   228   max       0.000      -0.000      0.000      0.000      0.000     -0.000
   228   min       0.000      -0.000      0.000      0.000      0.000     -0.000
   229   max       0.000      -0.000      0.000      0.000      0.000     -0.000
   229   min       0.000      -0.000      0.000      0.000      0.000     -0.000
   230   max       0.000      -0.000      0.000      0.000      0.000     -0.000
   230   min       0.000      -0.000      0.000      0.000      0.000     -0.000
   231   max       0.000      -0.000      0.000      0.000      0.000     -0.000
   231   min       0.000      -0.000      0.000      0.000      0.000     -0.000
   232   max       0.000      -0.000      0.000      0.000      0.000     -0.000
   232   min       0.000      -0.000      0.000      0.000      0.000     -0.000
   233   max       0.000      -0.000      0.000      0.000      0.000     -0.000
   233   min       0.000      -0.000      0.000      0.000      0.000     -0.000
   234   max       0.000      -0.000      0.000      0.000      0.000     -0.000
   234   min       0.000      -0.000      0.000      0.000      0.000     -0.000

