member_id,group,role,n_lanes_sticks,pieces_per_lane,total_piece_count,member_length_mm,layout,section_A_mm2,section_Iy_mm4,section_Iz_mm4,section_J_mm4_est,radius_y_mm,radius_z_mm,slenderness_y,slenderness_z,N_member_N,N_per_lane_N,sigma_axial_member_MPa,sigma_axial_piece_MPa,M_imperfection_Nmm,sigma_bending_est_MPa,sigma_combined_est_MPa,glue_area_total_mm2,glue_mass_est_g,FS_min_global,FS_min_global_label,FS_min_glue,FS_min_glue_label,governing_mode_global,report_mode_global,suggested_action
1,bottom_chord,primary,4,1,4,100.0,stacked,42.0,126.0,171.5,104.125,1.7320508075688772,2.0207259421636903,57.73502691896258,49.48716593053935,0.09232170521076502,0.023080426302691255,0.0021981358383515483,0.0021981358383515483,0.0,0.0,0.0021981358383515483,0.0,0.0,30592.10392130707,30592.104,,sem solicitação,tension_capacity,tension_capacity,manter
2,top_chord,primary,5,1,5,100.0,box,52.5,1824.24375,2028.775,1348.5565625,5.894701010229442,6.216376221990858,13.571511067511485,12.86923396254469,-0.3692868208266087,-0.07385736416532174,-0.007034034682411594,-0.007034034682411594,0.7385736416532174,0.003458466116600197,0.013225343973702243,0.0,0.0,730.2802585706795,730.280,,sem solicitação,compression_direct,compression_direct,manter
3,bottom_chord,primary,4,1,4,100.0,stacked,42.0,126.0,171.5,104.125,1.7320508075688772,2.0207259421636903,57.73502691896258,49.48716593053935,-2.5331214703605798,-0.6332803675901449,-0.06031241596096618,-0.06031241596096618,5.0662429407211595,0.12062483192193237,0.28432996095884056,0.0,0.0,85.17013594665453,85.170,,sem solicitação,compression_direct,compression_direct,manter
4,top_chord,primary,5,1,5,106.51030205780306,box,52.5,1824.24375,2028.775,1348.5565625,5.894701010229442,6.216376221990858,14.455057431814657,13.707059966031728,-228.18169367387904,-45.636338734775805,-4.346317974740553,-4.346317974740553,456.3633873477581,2.136980286036501,8.171917374641287,0.0,0.0,1.1818777863286223,1.182,,sem solicitação,compression_direct,compression_direct,reforçar: adicionar palitos contínuos ou aumentar sobreposição/talas
5,bottom_chord,primary,4,1,4,100.0,stacked,42.0,126.0,171.5,104.125,1.7320508075688772,2.0207259421636903,57.73502691896258,49.48716593053935,208.86548138691444,52.21637034672861,4.972987652069391,4.972987652069391,0.0,0.0,4.972987652069391,0.0,0.0,13.522173129068063,13.522,,sem solicitação,tension_capacity,tension_capacity,manter
6,top_chord,primary,5,1,5,106.51030205780306,box,52.5,1824.24375,2028.775,1348.5565625,5.894701010229442,6.216376221990858,14.455057431814657,13.707059966031728,-335.9328135841853,-67.18656271683706,-6.398720258746386,-6.398720258746387,671.8656271683706,3.146097254796377,12.030830132956424,0.0,0.0,0.802788129336514,0.803,,sem solicitação,compression_direct,compression_direct,reforçar: adicionar palitos contínuos ou aumentar sobreposição/talas
7,bottom_chord,primary,4,1,4,100.0,stacked,42.0,126.0,171.5,104.125,1.7320508075688772,2.0207259421636903,57.73502691896258,49.48716593053935,309.3569539261138,77.33923848152845,7.365641760145567,7.365641760145567,0.0,0.0,7.365641760145567,0.0,0.0,9.129632174599681,9.130,,sem solicitação,tension_capacity,tension_capacity,manter
8,top_chord,primary,5,1,5,106.51030205780305,box,52.5,1824.24375,2028.775,1348.5565625,5.894701010229442,6.216376221990858,14.455057431814655,13.707059966031727,-397.0048819690408,-79.40097639380816,-7.561997751791253,-7.561997751791254,794.0097639380816,3.7180528927119934,14.218016531234145,0.0,0.0,0.67929359876494,0.679,,sem solicitação,compression_direct,compression_direct,reforçar: adicionar palitos contínuos ou aumentar sobreposição/talas
9,bottom_chord,primary,4,1,4,100.0,stacked,42.0,126.0,171.5,104.125,1.7320508075688772,2.0207259421636903,57.73502691896258,49.48716593053935,366.5934870678903,91.64837176697257,8.728416358759294,8.728416358759294,0.0,0.0,8.728416358759294,0.0,0.0,7.704215431074908,7.704,,sem solicitação,tension_capacity,tension_capacity,manter
10,top_chord,primary,5,1,5,106.51030205780305,box,52.5,1824.24375,2028.775,1348.5565625,5.894701010229442,6.216376221990858,14.455057431814655,13.707059966031727,-435.37401429713947,-87.07480285942789,-8.292838367564562,-8.292838367564562,870.7480285942789,4.077389691634434,15.592138066023129,0.0,0.0,0.6194280461027778,0.619,,sem solicitação,compression_direct,compression_direct,reforçar: adicionar palitos contínuos ou aumentar sobreposição/talas
11,bottom_chord,primary,4,1,4,100.0,stacked,42.0,126.0,171.5,104.125,1.7320508075688772,2.0207259421636903,57.73502691896258,49.48716593053935,402.40320315547336,100.60080078886834,9.58102864655889,9.58102864655889,0.0,0.0,9.58102864655889,0.0,0.0,7.018620075220404,7.019,,sem solicitação,tension_capacity,tension_capacity,manter
12,top_chord,primary,5,1,5,100.0,box,52.5,1824.24375,2028.775,1348.5565625,5.894701010229442,6.216376221990858,13.571511067511485,12.86923396254469,-465.3387140222075,-93.06774280444151,-8.863594552803953,-8.863594552803953,930.677428044415,4.358016816266931,16.665269947755775,0.0,0.0,0.5795410243625889,0.580,,sem solicitação,compression_direct,compression_direct,reforçar: adicionar palitos contínuos ou aumentar sobreposição/talas
13,bottom_chord,primary,4,1,4,100.0,stacked,42.0,126.0,171.5,104.125,1.7320508075688772,2.0207259421636903,57.73502691896258,49.48716593053935,458.7900295923187,114.69750739807968,10.923572133150445,10.923572133150445,0.0,0.0,10.923572133150445,0.0,0.0,6.1560082343325755,6.156,,sem solicitação,tension_capacity,tension_capacity,manter
14,top_chord,primary,5,1,5,100.0,box,52.5,1824.24375,2028.775,1348.5565625,5.894701010229442,6.216376221990858,13.571511067511485,12.86923396254469,-481.4178898133914,-96.28357796267828,-9.169864567874122,-9.169864567874122,962.8357796267828,4.508602435683818,17.24111673854033,0.0,0.0,0.5601845729175856,0.560,,sem solicitação,compression_direct,compression_direct,reforçar: adicionar palitos contínuos ou aumentar sobreposição/talas
15,bottom_chord,primary,4,1,4,100.0,stacked,42.0,126.0,171.5,104.125,1.7320508075688772,2.0207259421636903,57.73502691896258,49.48716593053935,457.3789979974989,114.34474949937473,10.889976142797593,10.889976142797593,0.0,0.0,10.889976142797593,0.0,0.0,6.174999753739117,6.175,,sem solicitação,tension_capacity,tension_capacity,manter
16,top_chord,primary,5,1,5,100.0,box,52.5,1824.24375,2028.775,1348.5565625,5.894701010229442,6.216376221990858,13.571511067511485,12.86923396254469,-474.86922839813644,-94.97384567962729,-9.045128159964504,-9.045128159964504,949.7384567962729,4.447272536168176,17.006588196226808,0.0,0.0,0.5679097715169162,0.568,,sem solicitação,compression_direct,compression_direct,reforçar: adicionar palitos contínuos ou aumentar sobreposição/talas
17,bottom_chord,primary,4,1,4,100.0,stacked,42.0,126.0,171.5,104.125,1.7320508075688772,2.0207259421636903,57.73502691896258,49.48716593053935,393.601150570004,98.400287642501,9.371455965952476,9.371455965952476,0.0,0.0,9.371455965952476,0.0,0.0,7.175576585357773,7.176,,sem solicitação,tension_capacity,tension_capacity,manter
18,top_chord,primary,5,1,5,100.0,box,52.5,1824.24375,2028.775,1348.5565625,5.894701010229442,6.216376221990858,13.571511067511485,12.86923396254469,-451.01991559462294,-90.20398311892458,-8.590855535135676,-8.590855535135674,902.0398311892459,4.223917583910406,16.152467909299528,0.0,0.0,0.5979400591312051,0.598,,sem solicitação,compression_direct,compression_direct,reforçar: adicionar palitos contínuos ou aumentar sobreposição/talas
19,bottom_chord,primary,4,1,4,100.0,stacked,42.0,126.0,171.5,104.125,1.7320508075688772,2.0207259421636903,57.73502691896258,49.48716593053935,349.3892920066744,87.3473230016686,8.318792666825582,8.318792666825582,0.0,0.0,8.318792666825582,0.0,0.0,8.083576871457318,8.084,,sem solicitação,tension_capacity,tension_capacity,manter
20,top_chord,primary,5,1,5,106.51030205780306,box,52.5,1824.24375,2028.775,1348.5565625,5.894701010229442,6.216376221990858,14.455057431814657,13.707059966031728,-412.68084549728275,-82.53616909945654,-7.860587533281576,-7.860587533281576,825.3616909945655,3.864862325515827,14.779422999291,0.0,0.0,0.6534901678681757,0.653,,sem solicitação,compression_direct,compression_direct,reforçar: adicionar palitos contínuos ou aumentar sobreposição/talas
21,bottom_chord,primary,4,1,4,100.0,stacked,42.0,126.0,171.5,104.125,1.7320508075688772,2.0207259421636903,57.73502691896258,49.48716593053935,286.37506322258196,71.59376580564549,6.818453886251952,6.818453886251952,0.0,0.0,6.818453886251952,0.0,0.0,9.86229446173821,9.862,,sem solicitação,tension_capacity,tension_capacity,manter
22,top_chord,primary,5,1,5,106.51030205780305,box,52.5,1824.24375,2028.775,1348.5565625,5.894701010229442,6.216376221990858,14.455057431814655,13.707059966031727,-365.7000686385654,-73.14001372771308,-6.965715593115532,-6.965715593115531,731.4001372771309,3.424875259273573,13.096890888566087,0.0,0.0,0.7374427792807917,0.737,,sem solicitação,compression_direct,compression_direct,reforçar: adicionar palitos contínuos ou aumentar sobreposição/talas
23,bottom_chord,primary,4,1,4,100.0,stacked,42.0,126.0,171.5,104.125,1.7320508075688772,2.0207259421636903,57.73502691896258,49.48716593053935,186.9513923196903,46.73784807992258,4.451223626659293,4.451223626659293,0.0,0.0,4.451223626659293,0.0,0.0,15.107216720645596,15.107,,sem solicitação,tension_capacity,tension_capacity,manter
24,top_chord,primary,5,1,5,106.51030205780306,box,52.5,1824.24375,2028.775,1348.5565625,5.894701010229442,6.216376221990858,14.455057431814657,13.707059966031728,-299.30096996824335,-59.86019399364867,-5.700970856537968,-5.700970856537968,598.6019399364867,2.80303061177145,10.718926471928746,0.0,0.0,0.9010424357415683,0.901,,sem solicitação,compression_direct,compression_direct,reforçar: adicionar palitos contínuos ou aumentar sobreposição/talas
25,bottom_chord,primary,4,1,4,100.0,stacked,42.0,126.0,171.5,104.125,1.7320508075688772,2.0207259421636903,57.73502691896258,49.48716593053935,-0.3612672995948252,-0.0903168248987063,-0.008601602371305361,-0.008601602371305361,0.7225345991896504,0.017203204742610723,0.04055041117901099,0.0,0.0,597.192993226809,597.193,,sem solicitação,compression_direct,compression_direct,manter
26,top_chord,primary,5,1,5,106.51030205780306,box,52.5,1824.24375,2028.775,1348.5565625,5.894701010229442,6.216376221990858,14.455057431814657,13.707059966031728,-196.0315777525748,-39.20631555051496,-3.7339348143347584,-3.733934814334758,392.0631555051496,1.8358861762881153,7.020518738475791,0.0,0.0,1.3757113935000085,1.376,,sem solicitação,compression_direct,compression_direct,reforçar: adicionar palitos contínuos ou aumentar sobreposição/talas
27,bottom_chord,primary,4,1,4,100.0,stacked,42.0,126.0,171.5,104.125,1.7320508075688772,2.0207259421636903,57.73502691896258,49.48716593053935,-5.595524044110789e-13,-1.3988810110276972e-13,-1.3322676295501878e-14,-1.3322676295501878e-14,1.1191048088221578e-12,2.6645352591003757e-14,6.280690253593743e-14,0.0,0.0,385569427097842.56,385569427097842.562,,sem solicitação,compression_direct,compression_direct,manter
28,top_chord,primary,5,1,5,100.0,box,52.5,1824.24375,2028.775,1348.5565625,5.894701010229442,6.216376221990858,13.571511067511485,12.86923396254469,0.1806336497977623,0.03612672995955246,0.003440640948528806,0.003440640948528806,0.0,0.0,0.003440640948528806,0.0,0.0,19544.497960112272,19544.498,,sem solicitação,tension_capacity,tension_capacity,manter
29,vertical,primary,3,1,3,73.33333333333333,stacked,31.5,53.15625,128.625,63.623437499999994,1.299038105676658,2.0207259421636903,56.4520263207634,36.29058834906218,-0.056911527611472085,-0.018970509203824027,-0.001806715162268955,-0.001806715162268955,0.11382305522294417,0.00481790709938388,0.0097218482541139,0.0,0.0,2843.1801392620287,2843.180,,sem solicitação,compression_direct,compression_direct,manter
30,vertical,primary,3,1,3,73.33333333333333,stacked,31.5,53.15625,128.625,63.623437499999994,1.299038105676658,2.0207259421636903,56.4520263207634,36.29058834906218,-236.46498335506294,-78.82166111835431,-7.5068248684146965,-7.5068248684146965,472.9299667101259,20.018199649105856,40.39386714908861,0.0,0.0,0.6842862004520784,0.684,,sem solicitação,compression_direct,compression_direct,reforçar: adicionar palitos contínuos ou aumentar sobreposição/talas
31,vertical,primary,3,1,3,110.0,stacked,31.5,53.15625,128.625,63.623437499999994,1.299038105676658,2.0207259421636903,84.6780394811451,54.435882523593285,-151.78024778667293,-50.59341592889098,-4.818420564656283,-4.818420564656283,303.56049557334586,12.849121505750091,25.927691609817145,0.0,0.0,1.066078935563628,1.066,,sem solicitação,compression_direct,compression_direct,reforçar: adicionar palitos contínuos ou aumentar sobreposição/talas
32,vertical,primary,3,2,6,146.66666666666669,stacked,31.5,53.15625,128.625,63.623437499999994,1.299038105676658,2.0207259421636903,112.90405264152683,72.58117669812438,-108.86803802707443,-36.28934600902481,-3.4561281913356963,-3.4561281913356963,217.73607605414887,9.216341843561857,18.597261220044462,630.0,0.15507692307692308,1.3441325281994922,1.344,10.126939182332091,10.127,buckling_y,buckling_y,"reforçar: aumentar inércia, usar seção caixa/espaçada ou reduzir comprimento livre"
33,vertical,primary,3,2,6,183.33333333333334,stacked,31.5,53.15625,128.625,63.623437499999994,1.299038105676658,2.0207259421636903,141.13006580190853,90.72647087265548,-83.86406122416996,-27.95468707472332,-2.6623511499736496,-2.6623511499736496,167.72812244833992,7.099603066596399,14.325984759382019,630.0,0.15507692307692308,1.1167258560668991,1.117,13.146274863233728,13.146,buckling_y,buckling_y,"reforçar: aumentar inércia, usar seção caixa/espaçada ou reduzir comprimento livre"
34,vertical,primary,3,3,9,220.0,stacked,31.5,53.15625,128.625,63.623437499999994,1.299038105676658,2.0207259421636903,169.3560789622902,108.87176504718657,-67.58029935488204,-22.52676645162735,-2.145406328726414,-2.145406328726414,135.1605987097641,5.721083543270438,11.544329292670703,1260.0,0.31015384615384617,0.9623650849620562,0.962,16.313925959553398,16.314,buckling_y,buckling_y,"reforçar: aumentar inércia, usar seção caixa/espaçada ou reduzir comprimento livre"
35,vertical,primary,3,3,9,220.0,stacked,31.5,53.15625,128.625,63.623437499999994,1.299038105676658,2.0207259421636903,169.3560789622902,108.87176504718657,-121.1609464208465,-40.386982140282164,-3.8463792514554442,-3.8463792514554442,242.321892841693,10.25701133721452,20.69718359116501,1260.0,0.31015384615384617,0.5367812191274881,0.537,9.09946672230936,9.099,buckling_y,buckling_y,"reforçar: aumentar inércia, usar seção caixa/espaçada ou reduzir comprimento livre"
36,vertical,primary,3,3,9,220.0,stacked,31.5,53.15625,128.625,63.623437499999994,1.299038105676658,2.0207259421636903,169.3560789622902,108.87176504718657,-76.86736683339021,-25.622455611130068,-2.4402338677266733,-2.4402338677266733,153.73473366678041,6.507290313937795,13.13078224062448,1260.0,0.31015384615384617,0.8460927336224433,0.846,14.342887566184825,14.343,buckling_y,buckling_y,"reforçar: aumentar inércia, usar seção caixa/espaçada ou reduzir comprimento livre"
37,vertical,primary,3,3,9,220.0,stacked,31.5,53.15625,128.625,63.623437499999994,1.299038105676658,2.0207259421636903,169.3560789622902,108.87176504718657,-109.44113319203773,-36.480377730679244,-3.474321688636118,-3.4743216886361186,218.88226638407545,9.264857836362982,18.69515956266102,1260.0,0.31015384615384617,0.5942639539038869,0.594,10.07390884801448,10.074,buckling_y,buckling_y,"reforçar: aumentar inércia, usar seção caixa/espaçada ou reduzir comprimento livre"
38,vertical,primary,3,3,9,220.0,stacked,31.5,53.15625,128.625,63.623437499999994,1.299038105676658,2.0207259421636903,169.3560789622902,108.87176504718657,-60.53137224372144,-20.177124081240482,-1.9216308648800458,-1.921630864880046,121.06274448744288,5.124348973013456,10.340204177687866,1260.0,0.31015384615384617,1.0744332751710934,1.074,18.213695793330633,18.214,buckling_y,buckling_y,"reforçar: aumentar inércia, usar seção caixa/espaçada ou reduzir comprimento livre"
39,vertical,primary,3,2,6,183.33333333333331,stacked,31.5,53.15625,128.625,63.623437499999994,1.299038105676658,2.0207259421636903,141.1300658019085,90.72647087265547,-74.65172065685294,-24.883906885617648,-2.3698958938683474,-2.3698958938683474,149.3034413137059,6.3197223836489265,12.752296952720155,630.0,0.15507692307692308,1.254534587277605,1.255,14.76858122357012,14.769,buckling_y,buckling_y,"reforçar: aumentar inércia, usar seção caixa/espaçada ou reduzir comprimento livre"
40,vertical,primary,3,2,6,146.66666666666666,stacked,31.5,53.15625,128.625,63.623437499999994,1.299038105676658,2.0207259421636903,112.9040526415268,72.58117669812437,-96.12942762576435,-32.04314254192145,-3.0517278611353764,-3.051727861135376,192.2588552515287,8.13794096302767,16.42120230039512,630.0,0.15507692307692308,1.522250520029418,1.522,11.468912561219817,11.469,buckling_y,buckling_y,"reforçar: aumentar inércia, usar seção caixa/espaçada ou reduzir comprimento livre"
41,vertical,primary,3,1,3,109.99999999999999,stacked,31.5,53.15625,128.625,63.623437499999994,1.299038105676658,2.0207259421636903,84.67803948114509,54.43588252359328,-130.76504141906125,-43.58834713968708,-4.151271156160674,-4.151271156160674,261.5300828381225,11.070056416428464,22.337792411721722,0.0,0.0,1.2374081271572437,1.237,,sem solicitação,compression_direct,compression_direct,reforçar: adicionar palitos contínuos ou aumentar sobreposição/talas
42,vertical,primary,3,1,3,73.33333333333331,stacked,31.5,53.15625,128.625,63.623437499999994,1.299038105676658,2.0207259421636903,56.452026320763395,36.290588349062176,-198.34238016950218,-66.11412672316739,-6.296583497444513,-6.296583497444513,396.68476033900436,16.790889326518702,33.881615962439525,0.0,0.0,0.8158101403326833,0.816,,sem solicitação,compression_direct,compression_direct,reforçar: adicionar palitos contínuos ou aumentar sobreposição/talas
43,vertical,primary,3,1,3,73.33333333333331,stacked,31.5,53.15625,128.625,63.623437499999994,1.299038105676658,2.0207259421636903,56.452026320763395,36.290588349062176,0.06623233825943706,0.02207744608647902,0.002102613912998002,0.002102613912998002,0.0,0.0,0.002102613912998002,0.0,0.0,31981.905752786628,31981.906,,sem solicitação,tension_capacity,tension_capacity,manter
44,diagonal,primary,3,2,6,124.0071682515885,stacked,31.5,53.15625,128.625,63.623437499999994,1.299038105676658,2.0207259421636903,95.46076262866377,61.36763311842671,0.17172829846238954,0.05724276615412985,0.005451692014679033,0.005451692014679033,0.0,0.0,0.005451692014679033,630.0,0.15507692307692308,12334.812718498562,12334.813,6420.025178561122,6420.025,tension_capacity,tension_capacity,manter
45,chord_lacing,secondary,1,2,2,124.0071682515885,single,10.5,1.96875,42.875,15.695312499999998,0.4330127018922193,2.0207259421636903,286.38228788599133,61.36763311842671,0.057242766154129855,0.057242766154129855,0.005451692014679034,0.005451692014679034,0.0,0.0,0.005451692014679034,210.0,0.0516923076923077,12334.812718498562,12334.813,6420.02517856112,6420.025,tension_capacity,tension_capacity,avaliar remoção/redução: baixa solicitação relativa
46,diagonal,primary,3,2,6,124.0071682515885,stacked,31.5,53.15625,128.625,63.623437499999994,1.299038105676658,2.0207259421636903,95.46076262866377,61.36763311842671,201.60543755341632,67.20181251780544,6.400172620743375,6.4001726207433745,0.0,0.0,6.400172620743375,630.0,0.15507692307692308,10.506841609561066,10.507,5.46860250090173,5.469,tension_capacity,tension_capacity,manter
47,chord_lacing,secondary,1,2,2,124.0071682515885,single,10.5,1.96875,42.875,15.695312499999998,0.4330127018922193,2.0207259421636903,286.38228788599133,61.36763311842671,67.20181251780545,67.20181251780545,6.400172620743376,6.400172620743376,0.0,0.0,6.400172620743376,210.0,0.0516923076923077,10.506841609561066,10.507,5.468602500901729,5.469,tension_capacity,tension_capacity,avaliar remoção/redução: baixa solicitação relativa
48,diagonal,primary,3,2,6,148.66068747318505,stacked,31.5,53.15625,128.625,63.623437499999994,1.299038105676658,2.0207259421636903,114.43905057407761,73.5679610833356,118.78049993317431,39.59349997772477,3.7708095216880735,3.770809521688073,0.0,0.0,3.7708095216880735,630.0,0.15507692307692308,17.833199903954906,17.833,9.281826567662744,9.282,tension_capacity,tension_capacity,manter
49,chord_lacing,secondary,1,2,2,148.66068747318505,single,10.5,1.96875,42.875,15.695312499999998,0.4330127018922193,2.0207259421636903,343.3171517222329,73.5679610833356,39.59349997772477,39.59349997772477,3.770809521688073,3.770809521688073,0.0,0.0,3.770809521688073,210.0,0.0516923076923077,17.83319990395491,17.833,9.281826567662744,9.282,tension_capacity,tension_capacity,avaliar remoção/redução: baixa solicitação relativa
50,diagonal,primary,3,2,6,177.5136927425913,stacked,31.5,53.15625,128.625,63.623437499999994,1.299038105676658,2.0207259421636903,136.65010438637282,87.84649567695395,84.3831668819793,28.127722293993102,2.6788306946660096,2.6788306946660096,0.0,0.0,2.6788306946660096,630.0,0.15507692307692308,25.102594252745046,25.103,13.06540203145004,13.065,tension_capacity,tension_capacity,manter
51,chord_lacing,secondary,1,2,2,177.5136927425913,single,10.5,1.96875,42.875,15.695312499999998,0.4330127018922193,2.0207259421636903,409.9503131591184,87.84649567695395,28.127722293993102,28.127722293993102,2.6788306946660096,2.6788306946660096,0.0,0.0,2.6788306946660096,210.0,0.0516923076923077,25.10259425274505,25.103,13.06540203145004,13.065,tension_capacity,tension_capacity,avaliar remoção/redução: baixa solicitação relativa
52,diagonal,primary,3,2,6,208.8327347690278,stacked,31.5,53.15625,128.625,63.623437499999994,1.299038105676658,2.0207259421636903,160.75951417933857,103.34540197243193,66.04679316386355,22.01559772128785,2.0967235925036047,2.0967235925036047,0.0,0.0,2.0967235925036047,630.0,0.15507692307692308,32.07175244291738,32.072,16.69271053425218,16.693,tension_capacity,tension_capacity,manter
53,chord_lacing,secondary,1,2,2,208.8327347690278,single,10.5,1.96875,42.875,15.695312499999998,0.4330127018922193,2.0207259421636903,482.27854253801576,103.34540197243193,22.01559772128785,22.01559772128785,2.0967235925036047,2.0967235925036047,0.0,0.0,2.0967235925036047,210.0,0.0516923076923077,32.071752442917386,32.072,16.69271053425218,16.693,tension_capacity,tension_capacity,avaliar remoção/redução: baixa solicitação relativa
54,diagonal,primary,3,3,9,241.66091947189145,stacked,31.5,53.15625,128.625,63.623437499999994,1.299038105676658,2.0207259421636903,186.03066254627868,119.59114020832199,114.06790067617482,38.02263355872494,3.621203196069042,3.621203196069042,0.0,0.0,3.621203196069042,1260.0,0.31015384615384617,18.56996041343323,18.570,9.665295788425755,9.665,tension_capacity,tension_capacity,manter
55,chord_lacing,secondary,1,3,3,241.66091947189145,single,10.5,1.96875,42.875,15.695312499999998,0.4330127018922193,2.0207259421636903,558.091987638836,119.59114020832199,38.02263355872494,38.02263355872494,3.621203196069042,3.621203196069042,0.0,0.0,3.621203196069042,420.0,0.1033846153846154,18.56996041343323,18.570,9.665295788425755,9.665,tension_capacity,tension_capacity,avaliar remoção/redução: baixa solicitação relativa
56,diagonal,primary,3,3,9,241.66091947189145,stacked,31.5,53.15625,128.625,63.623437499999994,1.299038105676658,2.0207259421636903,186.03066254627868,119.59114020832199,41.01202130030606,13.670673766768687,1.3019689301684463,1.3019689301684463,0.0,0.0,1.3019689301684463,1260.0,0.31015384615384617,51.64915877931118,51.649,26.88236192815428,26.882,tension_capacity,tension_capacity,manter
57,chord_lacing,secondary,1,3,3,241.66091947189145,single,10.5,1.96875,42.875,15.695312499999998,0.4330127018922193,2.0207259421636903,558.091987638836,119.59114020832199,13.670673766768688,13.670673766768688,1.3019689301684465,1.3019689301684465,0.0,0.0,1.3019689301684465,420.0,0.1033846153846154,51.64915877931118,51.649,26.88236192815428,26.882,tension_capacity,tension_capacity,avaliar remoção/redução: baixa solicitação relativa
58,diagonal,primary,3,3,9,241.66091947189145,stacked,31.5,53.15625,128.625,63.623437499999994,1.299038105676658,2.0207259421636903,186.03066254627868,119.59114020832199,31.70028870296209,10.566762900987364,1.006358371522606,1.006358371522606,0.0,0.0,1.006358371522606,1260.0,0.31015384615384617,66.82072897973546,66.821,34.7788630674831,34.779,tension_capacity,tension_capacity,manter
59,chord_lacing,secondary,1,3,3,241.66091947189145,single,10.5,1.96875,42.875,15.695312499999998,0.4330127018922193,2.0207259421636903,558.091987638836,119.59114020832199,10.566762900987364,10.566762900987364,1.006358371522606,1.006358371522606,0.0,0.0,1.006358371522606,420.0,0.1033846153846154,66.82072897973548,66.821,34.7788630674831,34.779,tension_capacity,tension_capacity,avaliar remoção/redução: baixa solicitação relativa
60,diagonal,primary,3,3,9,241.66091947189145,stacked,31.5,53.15625,128.625,63.623437499999994,1.299038105676658,2.0207259421636903,186.03066254627868,119.59114020832199,104.06903663093351,34.68967887697784,3.303778940664556,3.303778940664556,0.0,0.0,3.303778940664556,1260.0,0.31015384615384617,20.354146329921676,20.354,10.593929142535107,10.594,tension_capacity,tension_capacity,manter
61,chord_lacing,secondary,1,3,3,241.66091947189145,single,10.5,1.96875,42.875,15.695312499999998,0.4330127018922193,2.0207259421636903,558.091987638836,119.59114020832199,34.68967887697784,34.68967887697784,3.303778940664556,3.303778940664556,0.0,0.0,3.303778940664556,420.0,0.1033846153846154,20.35414632992168,20.354,10.593929142535107,10.594,tension_capacity,tension_capacity,avaliar remoção/redução: baixa solicitação relativa
62,diagonal,primary,3,2,6,208.83273476902778,stacked,31.5,53.15625,128.625,63.623437499999994,1.299038105676658,2.0207259421636903,160.75951417933854,103.34540197243192,59.622236299782664,19.87407876659422,1.8927694063423068,1.8927694063423066,0.0,0.0,1.8927694063423068,630.0,0.15507692307692308,35.52762411241058,35.528,18.49142314046377,18.491,tension_capacity,tension_capacity,manter
63,chord_lacing,secondary,1,2,2,208.83273476902778,single,10.5,1.96875,42.875,15.695312499999998,0.4330127018922193,2.0207259421636903,482.27854253801564,103.34540197243192,19.874078766594224,19.874078766594224,1.892769406342307,1.892769406342307,0.0,0.0,1.892769406342307,210.0,0.0516923076923077,35.52762411241058,35.528,18.491423140463766,18.491,tension_capacity,tension_capacity,avaliar remoção/redução: baixa solicitação relativa
64,diagonal,primary,3,2,6,177.5136927425913,stacked,31.5,53.15625,128.625,63.623437499999994,1.299038105676658,2.0207259421636903,136.65010438637282,87.84649567695395,75.8499188871583,25.28330629571943,2.40793393292566,2.40793393292566,0.0,0.0,2.40793393292566,630.0,0.15507692307692308,27.926679831408837,27.927,14.535282518102441,14.535,tension_capacity,tension_capacity,manter
65,chord_lacing,secondary,1,2,2,177.5136927425913,single,10.5,1.96875,42.875,15.695312499999998,0.4330127018922193,2.0207259421636903,409.9503131591184,87.84649567695395,25.283306295719434,25.283306295719434,2.4079339329256606,2.4079339329256606,0.0,0.0,2.4079339329256606,210.0,0.0516923076923077,27.926679831408837,27.927,14.535282518102438,14.535,tension_capacity,tension_capacity,avaliar remoção/redução: baixa solicitação relativa
66,diagonal,primary,3,2,6,148.66068747318505,stacked,31.5,53.15625,128.625,63.623437499999994,1.299038105676658,2.0207259421636903,114.43905057407761,73.5679610833356,104.86732986472693,34.955776621575644,3.329121583007204,3.329121583007204,0.0,0.0,3.329121583007204,630.0,0.15507692307692308,20.19920219893467,20.199,10.513283797939398,10.513,tension_capacity,tension_capacity,manter
67,chord_lacing,secondary,1,2,2,148.66068747318505,single,10.5,1.96875,42.875,15.695312499999998,0.4330127018922193,2.0207259421636903,343.3171517222329,73.5679610833356,34.955776621575644,34.955776621575644,3.329121583007204,3.329121583007204,0.0,0.0,3.329121583007204,210.0,0.0516923076923077,20.199202198934675,20.199,10.513283797939398,10.513,tension_capacity,tension_capacity,avaliar remoção/redução: baixa solicitação relativa
68,diagonal,primary,3,2,6,124.00716825158848,stacked,31.5,53.15625,128.625,63.623437499999994,1.299038105676658,2.0207259421636903,95.46076262866376,61.3676331184267,171.51183998589522,57.17061332863174,5.444820317012547,5.444820317012547,0.0,0.0,5.444820317012547,630.0,0.15507692307692308,12.350380009766084,12.350,6.42812764466096,6.428,tension_capacity,tension_capacity,manter
69,chord_lacing,secondary,1,2,2,124.00716825158848,single,10.5,1.96875,42.875,15.695312499999998,0.4330127018922193,2.0207259421636903,286.38228788599133,61.3676331184267,57.170613328631745,57.170613328631745,5.444820317012547,5.444820317012547,0.0,0.0,5.444820317012547,210.0,0.0516923076923077,12.350380009766084,12.350,6.428127644660958,6.428,tension_capacity,tension_capacity,avaliar remoção/redução: baixa solicitação relativa
70,diagonal,primary,3,2,6,124.00716825158848,stacked,31.5,53.15625,128.625,63.623437499999994,1.299038105676658,2.0207259421636903,95.46076262866376,61.3676331184267,-0.16799900551821215,-0.055999668506070716,-0.005333301762482925,-0.005333301762482925,0.3359980110364243,0.0142221380332878,0.028698242817170025,630.0,0.15507692307692308,963.1588264518554,963.159,6562.538847174796,6562.539,compression_direct,compression_direct,manter
71,chord_lacing,secondary,1,2,2,124.00716825158848,single,10.5,1.96875,42.875,15.695312499999998,0.4330127018922193,2.0207259421636903,286.38228788599133,61.3676331184267,-0.055999668506070716,-0.055999668506070716,-0.005333301762482925,-0.005333301762482925,0.11199933701214143,0.0426664140998634,0.05714251888374562,210.0,0.0516923076923077,135.38250013831794,135.383,6562.538847174796,6562.539,buckling_y,buckling_y,avaliar remoção/redução: baixa solicitação relativa
72,bottom_chord,primary,4,1,4,100.0,stacked,42.0,126.0,171.5,104.125,1.7320508075688772,2.0207259421636903,57.73502691896258,49.48716593053935,0.0,0.0,0.0,0.0,0.0,0.0,0.0,0.0,0.0,,sem solicitação,,sem solicitação,tension_capacity,tension_capacity,manter
73,top_chord,primary,5,1,5,100.0,box,52.5,1824.24375,2028.775,1348.5565625,5.894701010229442,6.216376221990858,13.571511067511485,12.86923396254469,0.18464341041382892,0.036928682082765785,0.003517017341215789,0.003517017341215789,0.0,0.0,0.003517017341215789,0.0,0.0,19120.064951614382,19120.065,,sem solicitação,tension_capacity,tension_capacity,manter
74,bottom_chord,primary,4,1,4,100.0,stacked,42.0,126.0,171.5,104.125,1.7320508075688772,2.0207259421636903,57.73502691896258,49.48716593053935,-0.36928682082702835,-0.09232170520675709,-0.008792543353024485,-0.008792543353024485,0.7385736416540567,0.01758508670604897,0.04145056152140114,0.0,0.0,584.2242068558797,584.224,,sem solicitação,compression_direct,compression_direct,manter
75,top_chord,primary,5,1,5,106.51030205780306,box,52.5,1824.24375,2028.775,1348.5565625,5.894701010229442,6.216376221990858,14.455057431814657,13.707059966031728,-196.0261826280553,-39.205236525611056,-3.7338320500581963,-3.733832050058196,392.0523652561106,1.8358356495585022,7.020325521784787,0.0,0.0,1.3757492564740834,1.376,,sem solicitação,compression_direct,compression_direct,reforçar: adicionar palitos contínuos ou aumentar sobreposição/talas
76,bottom_chord,primary,4,1,4,100.0,stacked,42.0,126.0,171.5,104.125,1.7320508075688772,2.0207259421636903,57.73502691896258,49.48716593053935,186.94674845433963,46.73668711358491,4.451113058436658,4.451113058436658,0.0,0.0,4.451113058436658,0.0,0.0,15.107591992646068,15.108,,sem solicitação,tension_capacity,tension_capacity,manter
77,top_chord,primary,5,1,5,106.51030205780306,box,52.5,1824.24375,2028.775,1348.5565625,5.894701010229442,6.216376221990858,14.455057431814657,13.707059966031728,-299.2976080713704,-59.85952161427408,-5.700906820407055,-5.700906820407055,598.5952161427408,2.802999126742018,10.718806071632711,0.0,0.0,0.9010525568105826,0.901,,sem solicitação,compression_direct,compression_direct,reforçar: adicionar palitos contínuos ou aumentar sobreposição/talas
78,bottom_chord,primary,4,1,4,100.0,stacked,42.0,126.0,171.5,104.125,1.7320508075688772,2.0207259421636903,57.73502691896258,49.48716593053935,286.3723421421154,71.59308553552884,6.818389098621795,6.818389098621795,0.0,0.0,6.818389098621795,0.0,0.0,9.862388172243264,9.862,,sem solicitação,tension_capacity,tension_capacity,manter
79,top_chord,primary,5,1,5,106.51030205780305,box,52.5,1824.24375,2028.775,1348.5565625,5.894701010229442,6.216376221990858,14.455057431814655,13.707059966031727,-365.6979627619951,-73.13959255239902,-6.965675481180859,-6.96567548118086,731.3959255239902,3.424855537197524,13.096815470380442,0.0,0.0,0.7374470258548199,0.737,,sem solicitação,compression_direct,compression_direct,reforçar: adicionar palitos contínuos ou aumentar sobreposição/talas
80,bottom_chord,primary,4,1,4,100.0,stacked,42.0,126.0,171.5,104.125,1.7320508075688772,2.0207259421636903,57.73502691896258,49.48716593053935,349.38756448245823,87.34689112061456,8.318751535296624,8.318751535296624,0.0,0.0,8.318751535296624,0.0,0.0,8.083616840180358,8.084,,sem solicitação,tension_capacity,tension_capacity,manter
81,top_chord,primary,5,1,5,106.51030205780305,box,52.5,1824.24375,2028.775,1348.5565625,5.894701010229442,6.216376221990858,14.455057431814655,13.707059966031727,-412.6794144137288,-82.53588288274577,-7.860560274547216,-7.860560274547216,825.3588288274576,3.8648489230500407,14.779371747604808,0.0,0.0,0.6534924340316896,0.653,,sem solicitação,compression_direct,compression_direct,reforçar: adicionar palitos contínuos ou aumentar sobreposição/talas
82,bottom_chord,primary,4,1,4,100.0,stacked,42.0,126.0,171.5,104.125,1.7320508075688772,2.0207259421636903,57.73502691896258,49.48716593053935,393.5999221512144,98.3999805378036,9.371426717886058,9.371426717886058,0.0,0.0,9.371426717886058,0.0,0.0,7.175598980212568,7.176,,sem solicitação,tension_capacity,tension_capacity,manter
83,top_chord,primary,5,1,5,100.0,box,52.5,1824.24375,2028.775,1348.5565625,5.894701010229442,6.216376221990858,13.571511067511485,12.86923396254469,-451.0187521935629,-90.20375043871258,-8.590833375115484,-8.590833375115484,902.0375043871258,4.223906688360067,16.152426244180894,0.0,0.0,0.5979416015151864,0.598,,sem solicitação,compression_direct,compression_direct,reforçar: adicionar palitos contínuos ou aumentar sobreposição/talas
84,bottom_chord,primary,4,1,4,100.0,stacked,42.0,126.0,171.5,104.125,1.7320508075688772,2.0207259421636903,57.73502691896258,49.48716593053935,457.37789961416144,114.34447490354036,10.889949990813367,10.889949990813367,0.0,0.0,10.889949990813367,0.0,0.0,6.175014582870223,6.175,,sem solicitação,tension_capacity,tension_capacity,manter
85,top_chord,primary,5,1,5,100.0,box,52.5,1824.24375,2028.775,1348.5565625,5.894701010229442,6.216376221990858,13.571511067511485,12.86923396254469,-474.86815302944245,-94.97363060588849,-9.045107676751284,-9.045107676751284,949.7363060588849,4.4472624650636,17.0065496838292,0.0,0.0,0.5679110575841865,0.568,,sem solicitação,compression_direct,compression_direct,reforçar: adicionar palitos contínuos ou aumentar sobreposição/talas
86,bottom_chord,primary,4,1,4,100.0,stacked,42.0,126.0,171.5,104.125,1.7320508075688772,2.0207259421636903,57.73502691896258,49.48716593053935,458.78895422362035,114.69723855590509,10.923546529133818,10.923546529133818,0.0,0.0,10.923546529133818,0.0,0.0,6.156022663578313,6.156,,sem solicitação,tension_capacity,tension_capacity,manter
87,top_chord,primary,5,1,5,100.0,box,52.5,1824.24375,2028.775,1348.5565625,5.894701010229442,6.216376221990858,13.571511067511485,12.86923396254469,-481.4168374593382,-96.28336749186764,-9.169844523035014,-9.169844523035014,962.8336749186764,4.508592580117275,17.24107905037073,0.0,0.0,0.5601857974541203,0.560,,sem solicitação,compression_direct,compression_direct,reforçar: adicionar palitos contínuos ou aumentar sobreposição/talas
88,bottom_chord,primary,4,1,4,100.0,stacked,42.0,126.0,171.5,104.125,1.7320508075688772,2.0207259421636903,57.73502691896258,49.48716593053935,402.40203975440596,100.60050993860149,9.581000946533475,9.581000946533475,0.0,0.0,9.581000946533475,0.0,0.0,7.018640367041221,7.019,,sem solicitação,tension_capacity,tension_capacity,manter
89,top_chord,primary,5,1,5,100.0,box,52.5,1824.24375,2028.775,1348.5565625,5.894701010229442,6.216376221990858,13.571511067511485,12.86923396254469,-465.3376156388722,-93.06752312777444,-8.863573631216614,-8.863573631216614,930.6752312777444,4.358006529624316,16.665230611130138,0.0,0.0,0.5795423923117551,0.580,,sem solicitação,compression_direct,compression_direct,reforçar: adicionar palitos contínuos ou aumentar sobreposição/talas
90,bottom_chord,primary,4,1,4,100.0,stacked,42.0,126.0,171.5,104.125,1.7320508075688772,2.0207259421636903,57.73502691896258,49.48716593053935,366.5918747353357,91.64796868383392,8.728377969888944,8.728377969888944,0.0,0.0,8.728377969888944,0.0,0.0,7.704249315506623,7.704,,sem solicitação,tension_capacity,tension_capacity,manter
91,top_chord,primary,5,1,5,106.51030205780306,box,52.5,1824.24375,2028.775,1348.5565625,5.894701010229442,6.216376221990858,14.455057431814657,13.707059966031728,-435.3727059045779,-87.07454118091559,-8.292813445801483,-8.292813445801485,870.7454118091558,4.077377438201368,15.592091208294384,0.0,0.0,0.6194299076228891,0.619,,sem solicitação,compression_direct,compression_direct,reforçar: adicionar palitos contínuos ou aumentar sobreposição/talas
92,bottom_chord,primary,4,1,4,100.0,stacked,42.0,126.0,171.5,104.125,1.7320508075688772,2.0207259421636903,57.73502691896258,49.48716593053935,309.3544824790592,77.3386206197648,7.3655829161680755,7.3655829161680755,0.0,0.0,7.3655829161680755,0.0,0.0,9.129705111647068,9.130,,sem solicitação,tension_capacity,tension_capacity,manter
93,top_chord,primary,5,1,5,106.51030205780305,box,52.5,1824.24375,2028.775,1348.5565625,5.894701010229442,6.216376221990858,14.455057431814655,13.707059966031727,-397.00304197777865,-79.40060839555574,-7.561962704338641,-7.561962704338642,794.0060839555573,3.718035660720284,14.217950635253088,0.0,0.0,0.6792967470891441,0.679,,sem solicitação,compression_direct,compression_direct,reforçar: adicionar palitos contínuos ou aumentar sobreposição/talas
94,bottom_chord,primary,4,1,4,100.0,stacked,42.0,126.0,171.5,104.125,1.7320508075688772,2.0207259421636903,57.73502691896258,49.48716593053935,208.86127284644098,52.215318211610246,4.972887448724785,4.972887448724785,0.0,0.0,4.972887448724785,0.0,0.0,13.52244559993893,13.522,,sem solicitação,tension_capacity,tension_capacity,manter
95,top_chord,primary,5,1,5,106.51030205780306,box,52.5,1824.24375,2028.775,1348.5565625,5.894701010229442,6.216376221990858,14.455057431814657,13.707059966031728,-335.9299153531597,-67.18598307063193,-6.398665054345899,-6.398665054345899,671.8598307063194,3.1460701121169348,12.030726338019626,0.0,0.0,0.8027950553807782,0.803,,sem solicitação,compression_direct,compression_direct,reforçar: adicionar palitos contínuos ou aumentar sobreposição/talas
96,bottom_chord,primary,4,1,4,100.0,stacked,42.0,126.0,171.5,104.125,1.7320508075688772,2.0207259421636903,57.73502691896258,49.48716593053935,-2.54071950231582,-0.635179875578955,-0.060493321483710005,-0.060493321483710005,5.08143900463164,0.12098664296742001,0.2851828012803472,0.0,0.0,84.91543431037984,84.915,,sem solicitação,compression_direct,compression_direct,manter
97,top_chord,primary,5,1,5,106.51030205780306,box,52.5,1824.24375,2028.775,1348.5565625,5.894701010229442,6.216376221990858,14.455057431814657,13.707059966031728,-228.1767474788677,-45.63534949577354,-4.346223761502242,-4.346223761502242,456.3534949577354,2.1369339636472677,8.171740235554006,0.0,0.0,1.1819034059330533,1.182,,sem solicitação,compression_direct,compression_direct,reforçar: adicionar palitos contínuos ou aumentar sobreposição/talas
98,bottom_chord,primary,4,1,4,100.0,stacked,42.0,126.0,171.5,104.125,1.7320508075688772,2.0207259421636903,57.73502691896258,49.48716593053935,0.09031682489898607,0.022579206224746518,0.0021504005928330017,0.0021504005928330017,0.0,0.0,0.0021504005928330017,0.0,0.0,31271.19673614331,31271.197,,sem solicitação,tension_capacity,tension_capacity,manter
99,top_chord,primary,5,1,5,100.0,box,52.5,1824.24375,2028.775,1348.5565625,5.894701010229442,6.216376221990858,13.571511067511485,12.86923396254469,-0.36126729959447546,-0.07225345991889509,-0.006881281897037628,-0.006881281897037628,0.7225345991889509,0.003383361236359396,0.012938139229807067,0.0,0.0,746.4912415342337,746.491,,sem solicitação,compression_direct,compression_direct,manter
100,vertical,primary,3,1,3,73.33333333333333,stacked,31.5,53.15625,128.625,63.623437499999994,1.299038105676658,2.0207259421636903,56.4520263207634,36.29058834906218,0.0784936400248409,0.026164546674946967,0.0024918615880901874,0.0024918615880901874,0.0,0.0,0.0024918615880901874,0.0,0.0,26986.089565086306,26986.090,,sem solicitação,tension_capacity,tension_capacity,manter
101,vertical,primary,3,1,3,73.33333333333333,stacked,31.5,53.15625,128.625,63.623437499999994,1.299038105676658,2.0207259421636903,56.4520263207634,36.29058834906218,-198.3410644700119,-66.11368815667063,-6.296541729206727,-6.296541729206727,396.6821289400238,16.79077794455127,33.88139120954096,0.0,0.0,0.8158155520258628,0.816,,sem solicitação,compression_direct,compression_direct,reforçar: adicionar palitos contínuos ou aumentar sobreposição/talas
102,vertical,primary,3,1,3,110.0,stacked,31.5,53.15625,128.625,63.623437499999994,1.299038105676658,2.0207259421636903,84.6780394811451,54.435882523593285,-130.7672154174797,-43.58907180582656,-4.151340171983482,-4.151340171983482,261.5344308349594,11.070240458622619,22.338163782577787,0.0,0.0,1.2373875553089955,1.237,,sem solicitação,compression_direct,compression_direct,reforçar: adicionar palitos contínuos ou aumentar sobreposição/talas
103,vertical,primary,3,2,6,146.66666666666669,stacked,31.5,53.15625,128.625,63.623437499999994,1.299038105676658,2.0207259421636903,112.90405264152683,72.58117669812438,-96.13092765802388,-32.043642552674626,-3.051775481207107,-3.051775481207107,192.26185531604776,8.13806794988562,16.421458541733482,630.0,0.15507692307692308,1.5222267667489409,1.522,11.468733599680146,11.469,buckling_y,buckling_y,"reforçar: aumentar inércia, usar seção caixa/espaçada ou reduzir comprimento livre"
104,vertical,primary,3,2,6,183.33333333333334,stacked,31.5,53.15625,128.625,63.623437499999994,1.299038105676658,2.0207259421636903,141.13006580190853,90.72647087265548,-74.65268850539631,-24.88422950179877,-2.3699266192189308,-2.3699266192189308,149.30537701079263,6.319804317917148,12.752462284368532,630.0,0.15507692307692308,1.2545183226326573,1.255,14.768389753576058,14.768,buckling_y,buckling_y,"reforçar: aumentar inércia, usar seção caixa/espaçada ou reduzir comprimento livre"
105,vertical,primary,3,3,9,220.0,stacked,31.5,53.15625,128.625,63.623437499999994,1.299038105676658,2.0207259421636903,169.3560789622902,108.87176504718657,-60.53202089427555,-20.17734029809185,-1.9216514569611285,-1.9216514569611285,121.0640417885511,5.124403885229676,10.340314982695595,1260.0,0.31015384615384617,1.0744217617319418,1.074,18.21350061855051,18.214,buckling_y,buckling_y,"reforçar: aumentar inércia, usar seção caixa/espaçada ou reduzir comprimento livre"
106,vertical,primary,3,3,9,220.0,stacked,31.5,53.15625,128.625,63.623437499999994,1.299038105676658,2.0207259421636903,169.3560789622902,108.87176504718657,-109.44123002763992,-36.48041000921331,-3.47432476278222,-3.47432476278222,218.88246005527984,9.26486603408592,18.695176104494802,1260.0,0.31015384615384617,0.5942634280882704,0.594,10.073899934435662,10.074,buckling_y,buckling_y,"reforçar: aumentar inércia, usar seção caixa/espaçada ou reduzir comprimento livre"
107,vertical,primary,3,3,9,220.0,stacked,31.5,53.15625,128.625,63.623437499999994,1.299038105676658,2.0207259421636903,169.3560789622902,108.87176504718657,-76.86741746560035,-25.62247248853345,-2.440235475098424,-2.4402354750984236,153.7348349312007,6.5072946002624645,13.130790889815328,1260.0,0.31015384615384617,0.8460921763050973,0.846,14.342878118591535,14.343,buckling_y,buckling_y,"reforçar: aumentar inércia, usar seção caixa/espaçada ou reduzir comprimento livre"
108,vertical,primary,3,3,9,220.0,stacked,31.5,53.15625,128.625,63.623437499999994,1.299038105676658,2.0207259421636903,169.3560789622902,108.87176504718657,-121.16104325645098,-40.387014418816996,-3.8463823256016183,-3.8463823256016187,242.32208651290196,10.25701953493765,20.697200132999185,1260.0,0.31015384615384617,0.5367807901155514,0.537,9.099459449737772,9.099,buckling_y,buckling_y,"reforçar: aumentar inércia, usar seção caixa/espaçada ou reduzir comprimento livre"
109,vertical,primary,3,3,9,220.0,stacked,31.5,53.15625,128.625,63.623437499999994,1.299038105676658,2.0207259421636903,169.3560789622902,108.87176504718657,-67.58094800543958,-22.52698266847986,-2.1454269208076058,-2.1454269208076058,135.16189601087916,5.721138455486949,11.544440097679022,1260.0,0.31015384615384617,0.9623558480592406,0.962,16.31376937641153,16.314,buckling_y,buckling_y,"reforçar: aumentar inércia, usar seção caixa/espaçada ou reduzir comprimento livre"
110,vertical,primary,3,2,6,183.33333333333331,stacked,31.5,53.15625,128.625,63.623437499999994,1.299038105676658,2.0207259421636903,141.1300658019085,90.72647087265547,-83.86502907271337,-27.955009690904458,-2.662381875324234,-2.662381875324234,167.73005814542674,7.099685000864624,14.326150091030401,630.0,0.15507692307692308,1.116712968436559,1.117,13.146123147994155,13.146,buckling_y,buckling_y,"reforçar: aumentar inércia, usar seção caixa/espaçada ou reduzir comprimento livre"
111,vertical,primary,3,2,6,146.66666666666666,stacked,31.5,53.15625,128.625,63.623437499999994,1.299038105676658,2.0207259421636903,112.9040526415268,72.58117669812437,-108.86953805933427,-36.28984601977809,-3.4561758114074372,-3.4561758114074372,217.73907611866855,9.216468830419831,18.597517461382875,630.0,0.15507692307692308,1.3441140083987317,1.344,10.126799650781413,10.127,buckling_y,buckling_y,"reforçar: aumentar inércia, usar seção caixa/espaçada ou reduzir comprimento livre"
112,vertical,primary,3,1,3,109.99999999999999,stacked,31.5,53.15625,128.625,63.623437499999994,1.299038105676658,2.0207259421636903,84.67803948114509,54.43588252359328,-151.78242178509103,-50.594140595030346,-4.81848958047908,-4.81848958047908,303.56484357018206,12.849305547944214,25.928062980673147,0.0,0.0,1.0660636659830518,1.066,,sem solicitação,compression_direct,compression_direct,reforçar: adicionar palitos contínuos ou aumentar sobreposição/talas
113,vertical,primary,3,1,3,73.33333333333331,stacked,31.5,53.15625,128.625,63.623437499999994,1.299038105676658,2.0207259421636903,56.452026320763395,36.290588349062176,-236.4636676555707,-78.8212225518569,-7.506783100176848,-7.506783100176849,472.9273353111414,20.01808826713826,40.393642396189705,0.0,0.0,0.6842900078657729,0.684,,sem solicitação,compression_direct,compression_direct,reforçar: adicionar palitos contínuos ou aumentar sobreposição/talas
114,vertical,primary,3,1,3,73.33333333333331,stacked,31.5,53.15625,128.625,63.623437499999994,1.299038105676658,2.0207259421636903,56.452026320763395,36.290588349062176,-0.06623233825915091,-0.022077446086383637,-0.0021026139129889177,-0.0021026139129889177,0.13246467651830182,0.005606970434637114,0.01131406534132132,0.0,0.0,2443.062245015089,2443.062,,sem solicitação,compression_direct,compression_direct,manter
115,diagonal,primary,3,2,6,124.0071682515885,stacked,31.5,53.15625,128.625,63.623437499999994,1.299038105676658,2.0207259421636903,95.46076262866377,61.36763311842671,-0.17172829846289717,-0.05724276615429905,-0.005451692014695148,-0.005451692014695148,0.34345659692579433,0.014537845372520395,0.029335295126692938,630.0,0.15507692307692308,942.242638215855,942.243,6420.025178542145,6420.025,compression_direct,compression_direct,manter
116,chord_lacing,secondary,1,2,2,124.0071682515885,single,10.5,1.96875,42.875,15.695312499999998,0.4330127018922193,2.0207259421636903,286.38228788599133,61.36763311842671,-0.05724276615429906,-0.05724276615429906,-0.005451692014695149,-0.005451692014695149,0.11448553230859812,0.043613536117561184,0.05841098587173373,210.0,0.0516923076923077,132.44250127314118,132.443,6420.025178542143,6420.025,buckling_y,buckling_y,avaliar remoção/redução: baixa solicitação relativa
117,diagonal,primary,3,2,6,124.0071682515885,stacked,31.5,53.15625,128.625,63.623437499999994,1.299038105676658,2.0207259421636903,95.46076262866377,61.36763311842671,171.5145875196527,57.17152917321757,5.444907540306435,5.444907540306436,0.0,0.0,5.444907540306435,630.0,0.15507692307692308,12.350182166034624,12.350,6.428024670925859,6.428,tension_capacity,tension_capacity,manter
118,chord_lacing,secondary,1,2,2,124.0071682515885,single,10.5,1.96875,42.875,15.695312499999998,0.4330127018922193,2.0207259421636903,286.38228788599133,61.36763311842671,57.17152917321757,57.17152917321757,5.444907540306436,5.444907540306436,0.0,0.0,5.444907540306436,210.0,0.0516923076923077,12.350182166034626,12.350,6.428024670925859,6.428,tension_capacity,tension_capacity,avaliar remoção/redução: baixa solicitação relativa
119,diagonal,primary,3,2,6,148.66068747318505,stacked,31.5,53.15625,128.625,63.623437499999994,1.299038105676658,2.0207259421636903,114.43905057407761,73.5679610833356,104.86898831592173,34.95632943864057,3.3291742322514835,3.329174232251483,0.0,0.0,3.3291742322514835,630.0,0.15507692307692308,20.19888275853996,20.199,10.513117535554722,10.513,tension_capacity,tension_capacity,manter
120,chord_lacing,secondary,1,2,2,148.66068747318505,single,10.5,1.96875,42.875,15.695312499999998,0.4330127018922193,2.0207259421636903,343.3171517222329,73.5679610833356,34.95632943864057,34.95632943864057,3.329174232251483,3.329174232251483,0.0,0.0,3.329174232251483,210.0,0.0516923076923077,20.198882758539963,20.199,10.513117535554722,10.513,tension_capacity,tension_capacity,avaliar remoção/redução: baixa solicitação relativa
121,diagonal,primary,3,2,6,177.5136927425913,stacked,31.5,53.15625,128.625,63.623437499999994,1.299038105676658,2.0207259421636903,136.65010438637282,87.84649567695395,75.85090931082189,25.28363643694063,2.4079653749467265,2.4079653749467265,0.0,0.0,2.4079653749467265,630.0,0.15507692307692308,27.926315178634045,27.926,14.535092723571381,14.535,tension_capacity,tension_capacity,manter
122,chord_lacing,secondary,1,2,2,177.5136927425913,single,10.5,1.96875,42.875,15.695312499999998,0.4330127018922193,2.0207259421636903,409.9503131591184,87.84649567695395,25.283636436940633,25.283636436940633,2.407965374946727,2.407965374946727,0.0,0.0,2.407965374946727,210.0,0.0516923076923077,27.926315178634045,27.926,14.53509272357138,14.535,tension_capacity,tension_capacity,avaliar remoção/redução: baixa solicitação relativa
123,diagonal,primary,3,2,6,208.8327347690278,stacked,31.5,53.15625,128.625,63.623437499999994,1.299038105676658,2.0207259421636903,160.75951417933857,103.34540197243193,59.622837602983275,19.874279200994426,1.8927884953328025,1.8927884953328025,0.0,0.0,1.8927884953328025,630.0,0.15507692307692308,35.52726581221978,35.527,18.49123665232658,18.491,tension_capacity,tension_capacity,manter
124,chord_lacing,secondary,1,2,2,208.8327347690278,single,10.5,1.96875,42.875,15.695312499999998,0.4330127018922193,2.0207259421636903,482.27854253801576,103.34540197243193,19.874279200994426,19.874279200994426,1.8927884953328025,1.8927884953328025,0.0,0.0,1.8927884953328025,210.0,0.0516923076923077,35.52726581221978,35.527,18.49123665232658,18.491,tension_capacity,tension_capacity,avaliar remoção/redução: baixa solicitação relativa
125,diagonal,primary,3,3,9,241.66091947189145,stacked,31.5,53.15625,128.625,63.623437499999994,1.299038105676658,2.0207259421636903,186.03066254627868,119.59114020832199,104.06915447275888,34.68971815758629,3.303782681674885,3.303782681674885,0.0,0.0,3.303782681674885,1260.0,0.31015384615384617,20.354123282076525,20.354,10.593917146589195,10.594,tension_capacity,tension_capacity,manter
126,chord_lacing,secondary,1,3,3,241.66091947189145,single,10.5,1.96875,42.875,15.695312499999998,0.4330127018922193,2.0207259421636903,558.091987638836,119.59114020832199,34.68971815758629,34.68971815758629,3.303782681674885,3.303782681674885,0.0,0.0,3.303782681674885,420.0,0.1033846153846154,20.35412328207653,20.354,10.593917146589195,10.594,tension_capacity,tension_capacity,avaliar remoção/redução: baixa solicitação relativa
127,diagonal,primary,3,3,9,241.66091947189145,stacked,31.5,53.15625,128.625,63.623437499999994,1.299038105676658,2.0207259421636903,186.03066254627868,119.59114020832199,31.700330416003755,10.566776805334586,1.006359695746151,1.006359695746151,0.0,0.0,1.006359695746151,1260.0,0.31015384615384617,66.820641053338,66.821,34.778817303538524,34.779,tension_capacity,tension_capacity,manter
128,chord_lacing,secondary,1,3,3,241.66091947189145,single,10.5,1.96875,42.875,15.695312499999998,0.4330127018922193,2.0207259421636903,558.091987638836,119.59114020832199,10.566776805334586,10.566776805334586,1.006359695746151,1.006359695746151,0.0,0.0,1.006359695746151,420.0,0.1033846153846154,66.82064105333801,66.821,34.778817303538524,34.779,tension_capacity,tension_capacity,avaliar remoção/redução: baixa solicitação relativa
129,diagonal,primary,3,3,9,241.66091947189145,stacked,31.5,53.15625,128.625,63.623437499999994,1.299038105676658,2.0207259421636903,186.03066254627868,119.59114020832199,41.012063013351394,13.67068767111713,1.3019702543921077,1.3019702543921077,0.0,0.0,1.3019702543921077,1260.0,0.31015384615384617,51.64910624735976,51.649,26.882334586316308,26.882,tension_capacity,tension_capacity,manter
130,chord_lacing,secondary,1,3,3,241.66091947189145,single,10.5,1.96875,42.875,15.695312499999998,0.4330127018922193,2.0207259421636903,558.091987638836,119.59114020832199,13.67068767111713,13.67068767111713,1.3019702543921077,1.3019702543921077,0.0,0.0,1.3019702543921077,420.0,0.1033846153846154,51.64910624735977,51.649,26.882334586316308,26.882,tension_capacity,tension_capacity,avaliar remoção/redução: baixa solicitação relativa
131,diagonal,primary,3,3,9,241.66091947189145,stacked,31.5,53.15625,128.625,63.623437499999994,1.299038105676658,2.0207259421636903,186.03066254627868,119.59114020832199,114.06801851800155,38.02267283933385,3.6212069370794144,3.6212069370794144,0.0,0.0,3.6212069370794144,1260.0,0.31015384615384617,18.569941229107194,18.570,9.665285803364858,9.665,tension_capacity,tension_capacity,manter
132,chord_lacing,secondary,1,3,3,241.66091947189145,single,10.5,1.96875,42.875,15.695312499999998,0.4330127018922193,2.0207259421636903,558.091987638836,119.59114020832199,38.02267283933385,38.02267283933385,3.6212069370794144,3.6212069370794144,0.0,0.0,3.6212069370794144,420.0,0.1033846153846154,18.569941229107194,18.570,9.665285803364858,9.665,tension_capacity,tension_capacity,avaliar remoção/redução: baixa solicitação relativa
133,diagonal,primary,3,2,6,208.83273476902778,stacked,31.5,53.15625,128.625,63.623437499999994,1.299038105676658,2.0207259421636903,160.75951417933854,103.34540197243192,66.04739446706614,22.015798155688714,2.096742681494163,2.096742681494163,0.0,0.0,2.096742681494163,630.0,0.15507692307692308,32.07146045793278,32.071,16.69255856186349,16.693,tension_capacity,tension_capacity,manter
134,chord_lacing,secondary,1,2,2,208.83273476902778,single,10.5,1.96875,42.875,15.695312499999998,0.4330127018922193,2.0207259421636903,482.27854253801564,103.34540197243192,22.015798155688714,22.015798155688714,2.096742681494163,2.096742681494163,0.0,0.0,2.096742681494163,210.0,0.0516923076923077,32.07146045793278,32.071,16.69255856186349,16.693,tension_capacity,tension_capacity,avaliar remoção/redução: baixa solicitação relativa
135,diagonal,primary,3,2,6,177.5136927425913,stacked,31.5,53.15625,128.625,63.623437499999994,1.299038105676658,2.0207259421636903,136.65010438637282,87.84649567695395,84.38415730564407,28.128052435214688,2.6788621366871133,2.6788621366871133,0.0,0.0,2.6788621366871133,630.0,0.15507692307692308,25.102299621570324,25.102,13.065248681771916,13.065,tension_capacity,tension_capacity,manter
136,chord_lacing,secondary,1,2,2,177.5136927425913,single,10.5,1.96875,42.875,15.695312499999998,0.4330127018922193,2.0207259421636903,409.9503131591184,87.84649567695395,28.12805243521469,28.12805243521469,2.6788621366871133,2.6788621366871133,0.0,0.0,2.6788621366871133,210.0,0.0516923076923077,25.102299621570324,25.102,13.065248681771914,13.065,tension_capacity,tension_capacity,avaliar remoção/redução: baixa solicitação relativa
137,diagonal,primary,3,2,6,148.66068747318505,stacked,31.5,53.15625,128.625,63.623437499999994,1.299038105676658,2.0207259421636903,114.43905057407761,73.5679610833356,118.78215838436833,39.59405279478944,3.770862170932328,3.7708621709323276,0.0,0.0,3.770862170932328,630.0,0.15507692307692308,17.832950914611082,17.833,9.28169697365163,9.282,tension_capacity,tension_capacity,manter
138,chord_lacing,secondary,1,2,2,148.66068747318505,single,10.5,1.96875,42.875,15.695312499999998,0.4330127018922193,2.0207259421636903,343.3171517222329,73.5679610833356,39.59405279478944,39.59405279478944,3.7708621709323276,3.7708621709323276,0.0,0.0,3.7708621709323276,210.0,0.0516923076923077,17.832950914611086,17.833,9.28169697365163,9.282,tension_capacity,tension_capacity,avaliar remoção/redução: baixa solicitação relativa
139,diagonal,primary,3,2,6,124.00716825158848,stacked,31.5,53.15625,128.625,63.623437499999994,1.299038105676658,2.0207259421636903,95.46076262866376,61.3676331184267,201.60818508717284,67.20272836239094,6.400259844037233,6.400259844037232,0.0,0.0,6.400259844037233,630.0,0.15507692307692308,10.506698421416278,10.507,5.468527974314599,5.469,tension_capacity,tension_capacity,manter
140,chord_lacing,secondary,1,2,2,124.00716825158848,single,10.5,1.96875,42.875,15.695312499999998,0.4330127018922193,2.0207259421636903,286.38228788599133,61.3676331184267,67.20272836239094,67.20272836239094,6.400259844037232,6.400259844037232,0.0,0.0,6.400259844037232,210.0,0.0516923076923077,10.50669842141628,10.507,5.468527974314599,5.469,tension_capacity,tension_capacity,avaliar remoção/redução: baixa solicitação relativa
141,diagonal,primary,3,2,6,124.00716825158848,stacked,31.5,53.15625,128.625,63.623437499999994,1.299038105676658,2.0207259421636903,95.46076262866376,61.3676331184267,0.16799900551778912,0.05599966850592971,0.005333301762469496,0.005333301762469496,0.0,0.0,0.005333301762469496,630.0,0.15507692307692308,12608.624637219673,12608.625,6562.53884719132,6562.539,tension_capacity,tension_capacity,manter
142,chord_lacing,secondary,1,2,2,124.00716825158848,single,10.5,1.96875,42.875,15.695312499999998,0.4330127018922193,2.0207259421636903,286.38228788599133,61.3676331184267,0.05599966850592971,0.05599966850592971,0.005333301762469496,0.005333301762469496,0.0,0.0,0.005333301762469496,210.0,0.0516923076923077,12608.624637219675,12608.625,6562.53884719132,6562.539,tension_capacity,tension_capacity,avaliar remoção/redução: baixa solicitação relativa
143,bottom_transverse,primary,2,2,4,170.0,stacked,21.0,15.75,85.75,35.525,0.8660254037844386,2.0207259421636903,196.29909152447277,84.12818208191689,0.0,0.0,0.0,0.0,0.0,0.0,0.0,420.0,0.1033846153846154,,sem solicitação,,sem solicitação,tension_capacity,tension_capacity,manter
144,top_transverse,primary,2,2,4,170.0,stacked,21.0,15.75,85.75,35.525,0.8660254037844386,2.0207259421636903,196.29909152447277,84.12818208191689,-0.1319312685543459,-0.06596563427717295,-0.006282441359730757,-0.006282441359730757,0.2638625371086918,0.025129765438923028,0.04218210627247794,420.0,0.1033846153846154,244.61662666314675,244.617,5571.082640634464,5571.083,buckling_y,buckling_y,manter
145,bottom_transverse,primary,2,2,4,170.0,stacked,21.0,15.75,85.75,35.525,0.8660254037844386,2.0207259421636903,196.29909152447277,84.12818208191689,5.216111463182835,2.6080557315914175,0.24838626015156356,0.24838626015156356,0.0,0.0,0.24838626015156356,420.0,0.1033846153846154,270.7299508393387,270.730,140.90956552364548,140.910,tension_capacity,tension_capacity,manter
146,top_transverse,primary,2,2,4,170.0,stacked,21.0,15.75,85.75,35.525,0.8660254037844386,2.0207259421636903,196.29909152447277,84.12818208191689,9.836311760512174,4.918155880256087,0.46839579811962734,0.46839579811962734,0.0,0.0,0.46839579811962734,420.0,0.1033846153846154,143.56576269462096,143.566,74.72312975587597,74.723,tension_capacity,tension_capacity,manter
147,bottom_transverse,primary,2,2,4,170.0,stacked,21.0,15.75,85.75,35.525,0.8660254037844386,2.0207259421636903,196.29909152447277,84.12818208191689,1.973229023424959,0.9866145117124795,0.09396328682975995,0.09396328682975995,0.0,0.0,0.09396328682975995,420.0,0.1033846153846154,715.6582349214082,715.658,372.48590572839385,372.486,tension_capacity,tension_capacity,manter
148,top_transverse,primary,2,2,4,170.0,stacked,21.0,15.75,85.75,35.525,0.8660254037844386,2.0207259421636903,196.29909152447277,84.12818208191689,16.03446420652308,8.01723210326154,0.7635459145963371,0.7635459145963371,0.0,0.0,0.7635459145963371,420.0,0.1033846153846154,88.07014576923072,88.070,45.8387627134426,45.839,tension_capacity,tension_capacity,manter
149,bottom_transverse,primary,2,2,4,170.0,stacked,21.0,15.75,85.75,35.525,0.8660254037844386,2.0207259421636903,196.29909152447277,84.12818208191689,-0.6293492830929086,-0.3146746415464543,-0.029969013480614697,-0.029969013480614697,1.2586985661858172,0.11987605392245879,0.20122051908412725,420.0,0.1033846153846154,51.27928597384212,51.279,1167.8729439205456,1167.873,buckling_y,buckling_y,manter
150,top_transverse,primary,2,2,4,170.0,stacked,21.0,15.75,85.75,35.525,0.8660254037844386,2.0207259421636903,196.29909152447277,84.12818208191689,18.76988621627619,9.384943108138096,0.8938041055369614,0.8938041055369614,0.0,0.0,0.8938041055369614,420.0,0.1033846153846154,75.23527759989595,75.235,39.15846859863483,39.158,tension_capacity,tension_capacity,manter
151,bottom_transverse,primary,2,2,4,170.0,stacked,21.0,15.75,85.75,35.525,0.8660254037844386,2.0207259421636903,196.29909152447277,84.12818208191689,-2.012469626118262,-1.006234813059131,-0.09583188695801248,-0.09583188695801248,4.024939252236524,0.38332754783204986,0.6434426695752266,420.0,0.1033846153846154,16.03630755282629,16.036,365.2229034719394,365.223,buckling_y,buckling_y,manter
152,top_transverse,primary,2,2,4,170.0,stacked,21.0,15.75,85.75,35.525,0.8660254037844386,2.0207259421636903,196.29909152447277,84.12818208191689,18.706114422339056,9.353057211169528,0.8907673534447169,0.8907673534447169,0.0,0.0,0.8907673534447169,420.0,0.1033846153846154,75.49176531891547,75.492,39.29196536519923,39.292,tension_capacity,tension_capacity,manter
153,bottom_transverse,primary,2,2,4,170.0,stacked,21.0,15.75,85.75,35.525,0.8660254037844386,2.0207259421636903,196.29909152447277,84.12818208191689,-3.2924677223507803,-1.6462338611753902,-0.15678417725479907,-0.15678417725479907,6.584935444701561,0.6271367090191963,1.0526937615679366,420.0,0.1033846153846154,9.80194327983011,9.802,223.23681262248468,223.237,buckling_y,buckling_y,manter
154,top_transverse,primary,2,2,4,170.0,stacked,21.0,15.75,85.75,35.525,0.8660254037844386,2.0207259421636903,196.29909152447277,84.12818208191689,17.96457252981818,8.98228626490909,0.8554558347532467,0.8554558347532467,0.0,0.0,0.8554558347532467,420.0,0.1033846153846154,78.6079155324211,78.608,40.91385969691308,40.914,tension_capacity,tension_capacity,manter
155,bottom_transverse,primary,2,2,4,170.0,stacked,21.0,15.75,85.75,35.525,0.8660254037844386,2.0207259421636903,196.29909152447277,84.12818208191689,2.2332372538026957,1.1166186269013478,0.1063446311334617,0.1063446311334617,0.0,0.0,0.1063446311334617,420.0,0.1033846153846154,632.3365766872357,632.337,329.1186365212483,329.119,tension_capacity,tension_capacity,manter
156,top_transverse,primary,2,2,4,170.0,stacked,21.0,15.75,85.75,35.525,0.8660254037844386,2.0207259421636903,196.29909152447277,84.12818208191689,24.17655139963949,12.088275699819745,1.151264352363785,1.151264352363785,0.0,0.0,1.151264352363785,420.0,0.1033846153846154,58.41021643893585,58.410,30.40135823552403,30.401,tension_capacity,tension_capacity,manter
157,bottom_transverse,primary,2,2,4,170.0,stacked,21.0,15.75,85.75,35.525,0.8660254037844386,2.0207259421636903,196.29909152447277,84.12818208191689,-2.3294810838971984,-1.1647405419485992,-0.11092767066177135,-0.11092767066177135,4.658962167794397,0.44371068264708546,0.744800074443322,420.0,0.1033846153846154,13.853978934725701,13.854,315.52091368363995,315.521,buckling_y,buckling_y,manter
158,top_transverse,primary,2,2,4,170.0,stacked,21.0,15.75,85.75,35.525,0.8660254037844386,2.0207259421636903,196.29909152447277,84.12818208191689,19.936006852858306,9.968003426429153,0.9493336596599193,0.9493336596599193,0.0,0.0,0.9493336596599193,420.0,0.1033846153846154,70.83452621293281,70.835,36.867964854989005,36.868,tension_capacity,tension_capacity,manter
159,bottom_transverse,primary,2,2,4,170.0,stacked,21.0,15.75,85.75,35.525,0.8660254037844386,2.0207259421636903,196.29909152447277,84.12818208191689,2.2333120813148395,1.1166560406574197,0.1063481943483257,0.1063481943483257,0.0,0.0,0.1063481943483257,420.0,0.1033846153846154,632.3153901395665,632.315,329.10760934373144,329.108,tension_capacity,tension_capacity,manter
160,top_transverse,primary,2,2,4,170.0,stacked,21.0,15.75,85.75,35.525,0.8660254037844386,2.0207259421636903,196.29909152447277,84.12818208191689,24.176476572127378,12.088238286063689,1.1512607891489228,1.1512607891489228,0.0,0.0,1.1512607891489228,420.0,0.1033846153846154,58.41039722173788,58.410,30.401452329384018,30.401,tension_capacity,tension_capacity,manter
161,bottom_transverse,primary,2,2,4,170.0,stacked,21.0,15.75,85.75,35.525,0.8660254037844386,2.0207259421636903,196.29909152447277,84.12818208191689,-3.292314544364549,-1.6461572721822746,-0.15677688306497853,-0.15677688306497853,6.584629088729098,0.6271075322599141,1.0526447862934272,420.0,0.1033846153846154,9.802399324327842,9.802,223.2471989221378,223.247,buckling_y,buckling_y,manter
162,top_transverse,primary,2,2,4,170.0,stacked,21.0,15.75,85.75,35.525,0.8660254037844386,2.0207259421636903,196.29909152447277,84.12818208191689,17.964419351832266,8.982209675916133,0.8554485405634412,0.8554485405634412,0.0,0.0,0.8554485405634412,420.0,0.1033846153846154,78.60858580191005,78.609,40.91420855887748,40.914,tension_capacity,tension_capacity,manter
163,bottom_transverse,primary,2,2,4,170.0,stacked,21.0,15.75,85.75,35.525,0.8660254037844386,2.0207259421636903,196.29909152447277,84.12818208191689,-2.012159524791064,-1.006079762395532,-0.0958171202281459,-0.0958171202281459,4.024319049582128,0.3832684809125836,0.6433435215318368,420.0,0.1033846153846154,16.038778967341003,16.039,365.2791893208964,365.279,buckling_y,buckling_y,manter
164,top_transverse,primary,2,2,4,170.0,stacked,21.0,15.75,85.75,35.525,0.8660254037844386,2.0207259421636903,196.29909152447277,84.12818208191689,18.705804321011776,9.352902160505888,0.8907525867148465,0.8907525867148465,0.0,0.0,0.8907525867148465,420.0,0.1033846153846154,75.49301680728894,75.493,39.29261674005604,39.293,tension_capacity,tension_capacity,manter
165,bottom_transverse,primary,2,2,4,170.0,stacked,21.0,15.75,85.75,35.525,0.8660254037844386,2.0207259421636903,196.29909152447277,84.12818208191689,-0.6287670685327015,-0.31438353426635074,-0.02994128897774769,-0.02994128897774769,1.257534137065403,0.11976515591099075,0.20103436885059162,420.0,0.1033846153846154,51.32676865610261,51.327,1168.9543501621436,1168.954,buckling_y,buckling_y,manter
166,top_transverse,primary,2,2,4,170.0,stacked,21.0,15.75,85.75,35.525,0.8660254037844386,2.0207259421636903,196.29909152447277,84.12818208191689,18.769304001715906,9.384652000857953,0.8937763810340907,0.8937763810340907,0.0,0.0,0.8937763810340907,420.0,0.1033846153846154,75.23761136112982,75.238,39.159683275032776,39.160,tension_capacity,tension_capacity,manter
167,bottom_transverse,primary,2,2,4,170.0,stacked,21.0,15.75,85.75,35.525,0.8660254037844386,2.0207259421636903,196.29909152447277,84.12818208191689,1.9739573154688443,0.9869786577344222,0.0939979674032783,0.0939979674032783,0.0,0.0,0.0939979674032783,420.0,0.1033846153846154,715.3941926371349,715.394,372.34847696057017,372.348,tension_capacity,tension_capacity,manter
168,top_transverse,primary,2,2,4,170.0,stacked,21.0,15.75,85.75,35.525,0.8660254037844386,2.0207259421636903,196.29909152447277,84.12818208191689,16.03373591447889,8.016867957239445,0.7635112340228043,0.7635112340228043,0.0,0.0,0.7635112340228043,420.0,0.1033846153846154,88.07414613363964,88.074,45.840844823711706,45.841,tension_capacity,tension_capacity,manter
169,bottom_transverse,primary,2,2,4,170.0,stacked,21.0,15.75,85.75,35.525,0.8660254037844386,2.0207259421636903,196.29909152447277,84.12818208191689,5.213061432551406,2.606530716275703,0.248241020597686,0.248241020597686,0.0,0.0,0.248241020597686,420.0,0.1033846153846154,270.8883480985287,270.888,140.99200815292755,140.992,tension_capacity,tension_capacity,manter
170,top_transverse,primary,2,2,4,170.0,stacked,21.0,15.75,85.75,35.525,0.8660254037844386,2.0207259421636903,196.29909152447277,84.12818208191689,9.8393617911433,4.91968089557165,0.4685410376734905,0.4685410376734905,0.0,0.0,0.4685410376734905,420.0,0.1033846153846154,143.5212598108878,143.521,74.69996688825846,74.700,tension_capacity,tension_capacity,manter
171,bottom_transverse,primary,2,2,4,170.0,stacked,21.0,15.75,85.75,35.525,0.8660254037844386,2.0207259421636903,196.29909152447277,84.12818208191689,0.15353860232748068,0.07676930116374034,0.007311362015594318,0.007311362015594318,0.0,0.0,0.007311362015594318,420.0,0.1033846153846154,9197.410804795694,9197.411,4787.069758732903,4787.070,tension_capacity,tension_capacity,manter
172,top_transverse,primary,2,2,4,170.0,stacked,21.0,15.75,85.75,35.525,0.8660254037844386,2.0207259421636903,196.29909152447277,84.12818208191689,-0.1535386023278917,-0.07676930116394586,-0.007311362015613891,-0.007311362015613891,0.3070772046557834,0.029245448062455562,0.04909057353340755,420.0,0.1033846153846154,210.1919737176816,210.192,4787.0697587200875,4787.070,buckling_y,buckling_y,manter
173,bottom_bracing,stabilizer,1,2,2,197.2308292331602,single,10.5,1.96875,42.875,15.695312499999998,0.4330127018922193,2.0207259421636903,455.4850894010326,97.60394772879269,-0.3641737294822922,-0.3641737294822922,-0.034683212331646875,-0.034683212331646875,0.7283474589645844,0.277465698653175,0.37160584641050226,210.0,0.0516923076923077,8.229687641334818,8.230,1009.1337464743445,1009.134,buckling_y,travamento: compressão deve ser interpretada com cautela,manter como travamento/tension-only; não dimensionar como coluna comprimida
174,top_bracing,stabilizer,1,2,2,197.2308292331602,single,10.5,1.96875,42.875,15.695312499999998,0.4330127018922193,2.0207259421636903,455.4850894010326,97.60394772879269,0.3641737294826103,0.3641737294826103,0.03468321233167717,0.03468321233167717,0.0,0.0,0.03468321233167717,210.0,0.0516923076923077,1938.8515503387405,1938.852,1009.1337464734632,1009.134,tension_capacity,tension_capacity,manter como travamento/tension-only; não dimensionar como coluna comprimida
175,bottom_bracing,stabilizer,1,2,2,197.2308292331602,single,10.5,1.96875,42.875,15.695312499999998,0.4330127018922193,2.0207259421636903,455.4850894010326,97.60394772879269,5.724443940456469,5.724443940456469,0.5451851371863304,0.5451851371863304,0.0,0.0,0.5451851371863304,210.0,0.0516923076923077,123.34452172898683,123.345,64.19837521733079,64.198,tension_capacity,tension_capacity,manter como travamento/tension-only; não dimensionar como coluna comprimida
176,top_bracing,stabilizer,1,2,2,200.61018031108102,single,10.5,1.96875,42.875,15.695312499999998,0.4330127018922193,2.0207259421636903,463.289366419128,99.27629280409884,-5.822526506330321,-5.822526506330321,-0.554526333936221,-0.554526333936221,11.645053012660641,4.436210671489769,5.941353577888083,210.0,0.0516923076923077,0.4975355942273236,0.498,63.116930356684435,63.117,buckling_y,travamento: compressão deve ser interpretada com cautela,manter como travamento/tension-only; não dimensionar como coluna comprimida
177,bottom_bracing,stabilizer,1,2,2,197.2308292331602,single,10.5,1.96875,42.875,15.695312499999998,0.4330127018922193,2.0207259421636903,455.4850894010326,97.60394772879269,10.589138854867006,10.589138854867006,1.0084894147492387,1.0084894147492387,0.0,0.0,1.0084894147492387,210.0,0.0516923076923077,66.67952981610685,66.680,34.70537170556497,34.705,tension_capacity,tension_capacity,manter como travamento/tension-only; não dimensionar como coluna comprimida
178,top_bracing,stabilizer,1,2,2,200.61018031108102,single,10.5,1.96875,42.875,15.695312499999998,0.4330127018922193,2.0207259421636903,463.289366419128,99.27629280409884,-10.77057305530366,-10.77057305530366,-1.0257688624098722,-1.0257688624098722,21.54114611060732,8.20615089927898,10.990380668677204,210.0,0.0516923076923077,0.2689656502357501,0.269,34.12074716108398,34.121,buckling_y,travamento: compressão deve ser interpretada com cautela,manter como travamento/tension-only; não dimensionar como coluna comprimida
179,bottom_bracing,stabilizer,1,2,2,197.2308292331602,single,10.5,1.96875,42.875,15.695312499999998,0.4330127018922193,2.0207259421636903,455.4850894010326,97.60394772879269,11.91749234530947,11.91749234530947,1.1349992709818542,1.1349992709818542,0.0,0.0,1.1349992709818542,210.0,0.0516923076923077,59.24726272451949,59.247,30.837024212114727,30.837,tension_capacity,tension_capacity,manter como travamento/tension-only; não dimensionar como coluna comprimida
180,top_bracing,stabilizer,1,2,2,200.61018031108102,single,10.5,1.96875,42.875,15.695312499999998,0.4330127018922193,2.0207259421636903,463.289366419128,99.27629280409884,-12.121686541316882,-12.121686541316882,-1.1544463372682745,-1.1544463372682745,24.243373082633763,9.235570698146194,12.369067899302939,210.0,0.0516923076923077,0.2389860664485292,0.239,30.317563380918394,30.318,buckling_y,travamento: compressão deve ser interpretada com cautela,manter como travamento/tension-only; não dimensionar como coluna comprimida
181,bottom_bracing,stabilizer,1,2,2,197.2308292331602,single,10.5,1.96875,42.875,15.695312499999998,0.4330127018922193,2.0207259421636903,455.4850894010326,97.60394772879269,12.11982243359797,12.11982243359797,1.1542688031998065,1.1542688031998065,0.0,0.0,1.1542688031998065,210.0,0.0516923076923077,58.258180255400724,58.258,30.322226419855358,30.322,tension_capacity,tension_capacity,manter como travamento/tension-only; não dimensionar como coluna comprimida
182,top_bracing,stabilizer,1,2,2,200.61018031108102,single,10.5,1.96875,42.875,15.695312499999998,0.4330127018922193,2.0207259421636903,463.289366419128,99.27629280409884,-12.327483351337298,-12.327483351337298,-1.174046033460695,-1.174046033460695,24.654966702674596,9.39236826768556,12.57906464422173,210.0,0.0516923076923077,0.23499639810238626,0.235,29.811437543749207,29.811,buckling_y,travamento: compressão deve ser interpretada com cautela,manter como travamento/tension-only; não dimensionar como coluna comprimida
183,bottom_bracing,stabilizer,1,2,2,197.2308292331602,single,10.5,1.96875,42.875,15.695312499999998,0.4330127018922193,2.0207259421636903,455.4850894010326,97.60394772879269,12.542199189802565,12.542199189802565,1.1944951609335777,1.1944951609335777,0.0,0.0,1.1944951609335777,210.0,0.0516923076923077,56.29625150380942,56.296,29.301081448203746,29.301,tension_capacity,tension_capacity,manter como travamento/tension-only; não dimensionar como coluna comprimida
184,top_bracing,stabilizer,1,2,2,197.2308292331602,single,10.5,1.96875,42.875,15.695312499999998,0.4330127018922193,2.0207259421636903,455.4850894010326,97.60394772879269,-12.542199189801837,-12.542199189801837,-1.1944951609335082,-1.1944951609335082,25.084398379603673,9.555961287468067,12.798162438573303,210.0,0.0516923076923077,0.2389561826809563,0.239,29.30108144820545,29.301,buckling_y,travamento: compressão deve ser interpretada com cautela,manter como travamento/tension-only; não dimensionar como coluna comprimida
185,bottom_bracing,stabilizer,1,2,2,197.2308292331602,single,10.5,1.96875,42.875,15.695312499999998,0.4330127018922193,2.0207259421636903,455.4850894010326,97.60394772879269,12.916024604946124,12.916024604946124,1.2300975814234403,1.2300975814234403,0.0,0.0,1.2300975814234403,210.0,0.0516923076923077,54.666882542915786,54.667,28.453027246422852,28.453,tension_capacity,tension_capacity,manter como travamento/tension-only; não dimensionar como coluna comprimida
186,top_bracing,stabilizer,1,2,2,197.2308292331602,single,10.5,1.96875,42.875,15.695312499999998,0.4330127018922193,2.0207259421636903,455.4850894010326,97.60394772879269,-12.916024604945587,-12.916024604945587,-1.2300975814233892,-1.2300975814233892,25.832049209891174,9.840780651387114,13.179616943822028,210.0,0.0516923076923077,0.2320401309603928,0.232,28.453027246424032,28.453,buckling_y,travamento: compressão deve ser interpretada com cautela,manter como travamento/tension-only; não dimensionar como coluna comprimida
187,bottom_bracing,stabilizer,1,2,2,197.2308292331602,single,10.5,1.96875,42.875,15.695312499999998,0.4330127018922193,2.0207259421636903,455.4850894010326,97.60394772879269,12.915979212979126,12.915979212979126,1.2300932583789643,1.2300932583789643,0.0,0.0,1.2300932583789643,210.0,0.0516923076923077,54.667074664417946,54.667,28.453127241851185,28.453,tension_capacity,tension_capacity,manter como travamento/tension-only; não dimensionar como coluna comprimida
188,top_bracing,stabilizer,1,2,2,197.2308292331602,single,10.5,1.96875,42.875,15.695312499999998,0.4330127018922193,2.0207259421636903,455.4850894010326,97.60394772879269,-12.915979212978288,-12.915979212978288,-1.2300932583788846,-1.2300932583788846,25.831958425956575,9.840746067031077,13.179570625488049,210.0,0.0516923076923077,0.23204094644312648,0.232,28.453127241853032,28.453,buckling_y,travamento: compressão deve ser interpretada com cautela,manter como travamento/tension-only; não dimensionar como coluna comprimida
189,bottom_bracing,stabilizer,1,2,2,197.2308292331602,single,10.5,1.96875,42.875,15.695312499999998,0.4330127018922193,2.0207259421636903,455.4850894010326,97.60394772879269,12.542070954801654,12.542070954801654,1.194482948076348,1.194482948076348,0.0,0.0,1.194482948076348,210.0,0.0516923076923077,56.29682709853289,56.297,29.30138103383197,29.301,tension_capacity,tension_capacity,manter como travamento/tension-only; não dimensionar como coluna comprimida
190,top_bracing,stabilizer,1,2,2,197.2308292331602,single,10.5,1.96875,42.875,15.695312499999998,0.4330127018922193,2.0207259421636903,455.4850894010326,97.60394772879269,-12.542070954800922,-12.542070954800922,-1.1944829480762782,-1.1944829480762782,25.084141909601843,9.555863584610227,12.798031586531554,210.0,0.0516923076923077,0.23895862586170494,0.239,29.30138103383368,29.301,buckling_y,travamento: compressão deve ser interpretada com cautela,manter como travamento/tension-only; não dimensionar como coluna comprimida
191,bottom_bracing,stabilizer,1,2,2,197.2308292331602,single,10.5,1.96875,42.875,15.695312499999998,0.4330127018922193,2.0207259421636903,455.4850894010326,97.60394772879269,12.11959524011367,12.11959524011367,1.1542471657251114,1.1542471657251114,0.0,0.0,1.1542471657251114,210.0,0.0516923076923077,58.25927236109394,58.259,30.322794839190784,30.323,tension_capacity,tension_capacity,manter como travamento/tension-only; não dimensionar como coluna comprimida
192,top_bracing,stabilizer,1,2,2,200.61018031108102,single,10.5,1.96875,42.875,15.695312499999998,0.4330127018922193,2.0207259421636903,463.289366419128,99.27629280409884,-12.327252265122073,-12.327252265122073,-1.1740240252497212,-1.1740240252497212,24.654504530244147,9.392192201997771,12.5788288419613,210.0,0.0516923076923077,0.2350008033361773,0.235,29.811996387855274,29.812,buckling_y,travamento: compressão deve ser interpretada com cautela,manter como travamento/tension-only; não dimensionar como coluna comprimida
193,bottom_bracing,stabilizer,1,2,2,197.2308292331602,single,10.5,1.96875,42.875,15.695312499999998,0.4330127018922193,2.0207259421636903,455.4850894010326,97.60394772879269,11.916999991242037,11.916999991242037,1.1349523801182893,1.1349523801182893,0.0,0.0,1.1349523801182893,210.0,0.0516923076923077,59.24971054115187,59.250,30.838298252083636,30.838,tension_capacity,tension_capacity,manter como travamento/tension-only; não dimensionar como coluna comprimida
194,top_bracing,stabilizer,1,2,2,200.61018031108102,single,10.5,1.96875,42.875,15.695312499999998,0.4330127018922193,2.0207259421636903,463.289366419128,99.27629280409884,-12.121185751259402,-12.121185751259402,-1.1543986429770858,-1.1543986429770858,24.242371502518804,9.235189143816687,12.368556889040205,210.0,0.0516923076923077,0.23899594022230097,0.239,30.318815959223826,30.319,buckling_y,travamento: compressão deve ser interpretada com cautela,manter como travamento/tension-only; não dimensionar como coluna comprimida
195,bottom_bracing,stabilizer,1,2,2,197.2308292331602,single,10.5,1.96875,42.875,15.695312499999998,0.4330127018922193,2.0207259421636903,455.4850894010326,97.60394772879269,10.58828025998754,10.58828025998754,1.0084076438083371,1.0084076438083371,0.0,0.0,1.0084076438083371,210.0,0.0516923076923077,66.68493680397074,66.685,34.70818593542144,34.708,tension_capacity,tension_capacity,manter como travamento/tension-only; não dimensionar como coluna comprimida
196,top_bracing,stabilizer,1,2,2,200.61018031108102,single,10.5,1.96875,42.875,15.695312499999998,0.4330127018922193,2.0207259421636903,463.289366419128,99.27629280409884,-10.769699749267668,-10.769699749267668,-1.0256856904064446,-1.0256856904064446,21.539399498535335,8.205485523251557,10.989489540069048,210.0,0.0516923076923077,0.26898746043764005,0.269,34.12351398422131,34.124,buckling_y,travamento: compressão deve ser interpretada com cautela,manter como travamento/tension-only; não dimensionar como coluna comprimida
197,bottom_bracing,stabilizer,1,2,2,197.2308292331602,single,10.5,1.96875,42.875,15.695312499999998,0.4330127018922193,2.0207259421636903,455.4850894010326,97.60394772879269,5.723612633644951,5.723612633644951,0.545105965109043,0.545105965109043,0.0,0.0,0.545105965109043,210.0,0.0516923076923077,123.36243648801054,123.362,64.20769949380137,64.208,tension_capacity,tension_capacity,manter como travamento/tension-only; não dimensionar como coluna comprimida
198,top_bracing,stabilizer,1,2,2,200.61018031108102,single,10.5,1.96875,42.875,15.695312499999998,0.4330127018922193,2.0207259421636903,463.289366419128,99.27629280409884,-5.821680955915745,-5.821680955915745,-0.5544458053253091,-0.5544458053253091,11.64336191183149,4.435566442602473,5.940490771342597,210.0,0.0516923076923077,0.49760785710657623,0.498,63.12609756234788,63.126,buckling_y,travamento: compressão deve ser interpretada com cautela,manter como travamento/tension-only; não dimensionar como coluna comprimida
199,bottom_bracing,stabilizer,1,2,2,197.2308292331602,single,10.5,1.96875,42.875,15.695312499999998,0.4330127018922193,2.0207259421636903,455.4850894010326,97.60394772879269,-0.3562652453693058,-0.3562652453693058,-0.03393002336850531,-0.03393002336850531,0.7125304907386116,0.2714401869480425,0.36353596466255694,210.0,0.0516923076923077,8.4123727469192,8.412,1031.5348038483187,1031.535,buckling_y,travamento: compressão deve ser interpretada com cautela,manter como travamento/tension-only; não dimensionar como coluna comprimida
200,top_bracing,stabilizer,1,2,2,197.2308292331602,single,10.5,1.96875,42.875,15.695312499999998,0.4330127018922193,2.0207259421636903,455.4850894010326,97.60394772879269,0.3562652453699574,0.3562652453699574,0.033930023368567375,0.033930023368567375,0.0,0.0,0.033930023368567375,210.0,0.0516923076923077,1981.8907658724465,1981.891,1031.534803846432,1031.535,tension_capacity,tension_capacity,manter como travamento/tension-only; não dimensionar como coluna comprimida
201,cross_frame_bracing,stabilizer,1,2,2,185.14258769331755,single,10.5,1.96875,42.875,15.695312499999998,0.4330127018922193,2.0207259421636903,427.5684913728032,91.62181957988638,0.14368292034006144,0.14368292034006144,0.013684087651434423,0.013684087651434423,0.0,0.0,0.013684087651434423,210.0,0.0516923076923077,4914.145664139402,4914.146,2557.7152742317576,2557.715,tension_capacity,tension_capacity,manter como travamento/tension-only; não dimensionar como coluna comprimida
202,cross_frame_bracing,stabilizer,1,2,2,185.14258769331755,single,10.5,1.96875,42.875,15.695312499999998,0.4330127018922193,2.0207259421636903,427.5684913728032,91.62181957988638,-0.1981706677043741,-0.1981706677043741,-0.018873396924226106,-0.018873396924226106,0.3963413354087482,0.15098717539380885,0.2022149670452797,210.0,0.0516923076923077,17.162855076449127,17.163,1854.4621373947582,1854.462,buckling_y,travamento: compressão deve ser interpretada com cautela,manter como travamento/tension-only; não dimensionar como coluna comprimida
203,cross_frame_bracing,stabilizer,1,2,2,185.14258769331755,single,10.5,1.96875,42.875,15.695312499999998,0.4330127018922193,2.0207259421636903,427.5684913728032,91.62181957988638,-11.054325427452873,-11.054325427452873,-1.0527928978526546,-1.0527928978526546,22.108650854905747,8.422343182821237,11.279923905564157,210.0,0.0516923076923077,0.3076781548122946,0.308,33.244905119884734,33.245,buckling_y,travamento: compressão deve ser interpretada com cautela,manter como travamento/tension-only; não dimensionar como coluna comprimida
204,cross_frame_bracing,stabilizer,1,2,2,185.14258769331755,single,10.5,1.96875,42.875,15.695312499999998,0.4330127018922193,2.0207259421636903,427.5684913728032,91.62181957988638,-5.338878023664372,-5.338878023664372,-0.5084645736823211,-0.5084645736823211,10.677756047328744,4.067716589458569,5.447834718024869,210.0,0.0516923076923077,0.6370579052635693,0.637,68.83468743265351,68.835,buckling_y,travamento: compressão deve ser interpretada com cautela,manter como travamento/tension-only; não dimensionar como coluna comprimida
205,cross_frame_bracing,stabilizer,1,2,2,202.48456731316588,single,10.5,1.96875,42.875,15.695312499999998,0.4330127018922193,2.0207259421636903,467.6180777800049,100.20387381000104,-13.221491994360738,-13.221491994360738,-1.2591897137486416,-1.2591897137486416,26.442983988721476,10.073517709989133,13.49131836159259,210.0,0.0516923076923077,0.21506871675224687,0.215,27.795652726390255,27.796,buckling_y,travamento: compressão deve ser interpretada com cautela,manter como travamento/tension-only; não dimensionar como coluna comprimida
206,cross_frame_bracing,stabilizer,1,2,2,202.48456731316588,single,10.5,1.96875,42.875,15.695312499999998,0.4330127018922193,2.0207259421636903,467.6180777800049,100.20387381000104,-8.227213723135186,-8.227213723135186,-0.783544164108113,-0.783544164108113,16.454427446270373,6.268353312864904,8.395116044015497,210.0,0.0516923076923077,0.34562482663859506,0.346,44.668828642019875,44.669,buckling_y,travamento: compressão deve ser interpretada com cautela,manter como travamento/tension-only; não dimensionar como coluna comprimida
207,cross_frame_bracing,stabilizer,1,3,3,224.5241882539855,single,10.5,1.96875,42.875,15.695312499999998,0.4330127018922193,2.0207259421636903,518.516402112083,111.11065759544634,-12.735467779126205,-12.735467779126205,-1.2129016932501149,-1.2129016932501149,25.47093555825241,9.703213546000919,12.99537528482266,420.0,0.1033846153846154,0.18159354032509978,0.182,28.85641944007294,28.856,buckling_y,travamento: compressão deve ser interpretada com cautela,manter como travamento/tension-only; não dimensionar como coluna comprimida
208,cross_frame_bracing,stabilizer,1,3,3,224.5241882539855,single,10.5,1.96875,42.875,15.695312499999998,0.4330127018922193,2.0207259421636903,518.516402112083,111.11065759544634,-11.223292982135698,-11.223292982135698,-1.0688850459176855,-1.0688850459176855,22.446585964271396,8.551080367341484,11.452339777689488,420.0,0.1033846153846154,0.20606061744880871,0.206,32.74440047007201,32.744,buckling_y,travamento: compressão deve ser interpretada com cautela,manter como travamento/tension-only; não dimensionar como coluna comprimida
209,cross_frame_bracing,stabilizer,1,3,3,250.0222212346557,single,10.5,1.96875,42.875,15.695312499999998,0.4330127018922193,2.0207259421636903,577.4015869328665,123.72891148561425,-12.404073041746344,-12.404073041746344,-1.181340289690128,-1.181340289690128,24.808146083492687,9.450722317521024,12.657217389537085,420.0,0.1033846153846154,0.15035574732309034,0.150,29.627365040754423,29.627,buckling_y,travamento: compressão deve ser interpretada com cautela,manter como travamento/tension-only; não dimensionar como coluna comprimida
210,cross_frame_bracing,stabilizer,1,3,3,250.0222212346557,single,10.5,1.96875,42.875,15.695312499999998,0.4330127018922193,2.0207259421636903,577.4015869328665,123.72891148561425,-12.147586678569017,-12.147586678569017,-1.156913017006573,-1.156913017006573,24.295173357138033,9.255304136052585,12.395496610784711,420.0,0.1033846153846154,0.15353038602575086,0.154,30.252922635929806,30.253,buckling_y,travamento: compressão deve ser interpretada com cautela,manter como travamento/tension-only; não dimensionar como coluna comprimida
211,cross_frame_bracing,stabilizer,1,3,3,278.0287754891569,single,10.5,1.96875,42.875,15.695312499999998,0.4330127018922193,2.0207259421636903,642.0799534845071,137.5885614609658,-12.295549298078614,-12.295549298078614,-1.171004695055106,-1.171004695055106,24.591098596157227,9.368037560440849,12.546478875590424,420.0,0.1033846153846154,0.12266315687944651,0.123,29.888863936922938,29.889,buckling_y,travamento: compressão deve ser interpretada com cautela,manter como travamento/tension-only; não dimensionar como coluna comprimida
212,cross_frame_bracing,stabilizer,1,3,3,278.0287754891569,single,10.5,1.96875,42.875,15.695312499999998,0.4330127018922193,2.0207259421636903,642.0799534845071,137.5885614609658,-11.700140898797263,-11.700140898797263,-1.114299133218787,-1.114299133218787,23.400281797594527,8.914393065750296,11.938919284487003,420.0,0.1033846153846154,0.12890536152639193,0.129,31.409878152644968,31.410,buckling_y,travamento: compressão deve ser interpretada com cautela,manter como travamento/tension-only; não dimensionar como coluna comprimida
213,cross_frame_bracing,stabilizer,1,3,3,278.0287754891569,single,10.5,1.96875,42.875,15.695312499999998,0.4330127018922193,2.0207259421636903,642.0799534845071,137.5885614609658,-21.85960489021475,-21.85960489021475,-2.081867132401405,-2.081867132401405,43.7192097804295,16.65493705921124,22.305719275729338,420.0,0.1033846153846154,0.06899534095167119,0.069,16.811831771237,16.812,buckling_y,travamento: compressão deve ser interpretada com cautela,manter como travamento/tension-only; não dimensionar como coluna comprimida
214,cross_frame_bracing,stabilizer,1,3,3,278.0287754891569,single,10.5,1.96875,42.875,15.695312499999998,0.4330127018922193,2.0207259421636903,642.0799534845071,137.5885614609658,-21.33263746416224,-21.33263746416224,-2.031679758491642,-2.031679758491642,42.66527492832448,16.253438067933136,21.76799741241045,420.0,0.1033846153846154,0.07069969172836242,0.071,17.227124429287358,17.227,buckling_y,travamento: compressão deve ser interpretada com cautela,manter como travamento/tension-only; não dimensionar como coluna comprimida
215,cross_frame_bracing,stabilizer,1,3,3,278.0287754891569,single,10.5,1.96875,42.875,15.695312499999998,0.4330127018922193,2.0207259421636903,642.0799534845071,137.5885614609658,-14.397382124463405,-14.397382124463405,-1.3711792499488957,-1.3711792499488957,28.79476424892681,10.969433999591166,14.691206249452453,420.0,0.1033846153846154,0.10475591183389507,0.105,25.52547378565163,25.525,buckling_y,travamento: compressão deve ser interpretada com cautela,manter como travamento/tension-only; não dimensionar como coluna comprimida
216,cross_frame_bracing,stabilizer,1,3,3,278.0287754891569,single,10.5,1.96875,42.875,15.695312499999998,0.4330127018922193,2.0207259421636903,642.0799534845071,137.5885614609658,-14.397446111787904,-14.397446111787904,-1.3711853439798003,-1.3711853439798003,28.794892223575808,10.969482751838404,14.691271542640719,420.0,0.1033846153846154,0.10475544626170459,0.105,25.525360341450387,25.525,buckling_y,travamento: compressão deve ser interpretada com cautela,manter como travamento/tension-only; não dimensionar como coluna comprimida
217,cross_frame_bracing,stabilizer,1,3,3,278.0287754891569,single,10.5,1.96875,42.875,15.695312499999998,0.4330127018922193,2.0207259421636903,642.0799534845071,137.5885614609658,-21.33257907383066,-21.33257907383066,-2.031674197507682,-2.031674197507682,42.66515814766132,16.253393580061456,21.76793783043945,420.0,0.1033846153846154,0.07069988524356882,0.071,17.227171582400164,17.227,buckling_y,travamento: compressão deve ser interpretada com cautela,manter como travamento/tension-only; não dimensionar como coluna comprimida
218,cross_frame_bracing,stabilizer,1,3,3,278.0287754891569,single,10.5,1.96875,42.875,15.695312499999998,0.4330127018922193,2.0207259421636903,642.0799534845071,137.5885614609658,-21.8596632805468,-21.8596632805468,-2.0818726933854097,-2.0818726933854097,43.7193265610936,16.654981547083278,22.30577885770082,420.0,0.1033846153846154,0.06899515665510557,0.069,16.811786864395255,16.812,buckling_y,travamento: compressão deve ser interpretada com cautela,manter como travamento/tension-only; não dimensionar como coluna comprimida
219,cross_frame_bracing,stabilizer,1,3,3,278.0287754891569,single,10.5,1.96875,42.875,15.695312499999998,0.4330127018922193,2.0207259421636903,642.0799534845071,137.5885614609658,-11.70007114979801,-11.70007114979801,-1.1142924904569533,-1.1142924904569533,23.40014229959602,8.914339923655627,11.938848112038787,420.0,0.1033846153846154,0.12890612998496365,0.129,31.41006540001635,31.410,buckling_y,travamento: compressão deve ser interpretada com cautela,manter como travamento/tension-only; não dimensionar como coluna comprimida
220,cross_frame_bracing,stabilizer,1,3,3,278.0287754891569,single,10.5,1.96875,42.875,15.695312499999998,0.4330127018922193,2.0207259421636903,642.0799534845071,137.5885614609658,-12.295619047078524,-12.295619047078524,-1.1710113378170024,-1.1710113378170024,24.59123809415705,9.36809070253602,12.546550048039311,420.0,0.1033846153846154,0.12266246105173052,0.123,29.888694387235354,29.889,buckling_y,travamento: compressão deve ser interpretada com cautela,manter como travamento/tension-only; não dimensionar como coluna comprimida
221,cross_frame_bracing,stabilizer,1,3,3,250.02222123465566,single,10.5,1.96875,42.875,15.695312499999998,0.4330127018922193,2.0207259421636903,577.4015869328665,123.72891148561423,-12.14741861144115,-12.14741861144115,-1.1568970106134429,-1.1568970106134429,24.2948372228823,9.255176084907543,12.39532511371546,420.0,0.1033846153846154,0.15353251021458847,0.154,30.253341204020664,30.253,buckling_y,travamento: compressão deve ser interpretada com cautela,manter como travamento/tension-only; não dimensionar como coluna comprimida
222,cross_frame_bracing,stabilizer,1,3,3,250.02222123465566,single,10.5,1.96875,42.875,15.695312499999998,0.4330127018922193,2.0207259421636903,577.4015869328665,123.72891148561423,-12.40424110887423,-12.40424110887423,-1.18135629608326,-1.18135629608326,24.80848221774846,9.45085036866608,12.657388886606357,420.0,0.1033846153846154,0.15035371012803814,0.150,29.626963614653018,29.627,buckling_y,travamento: compressão deve ser interpretada com cautela,manter como travamento/tension-only; não dimensionar como coluna comprimida
223,cross_frame_bracing,stabilizer,1,3,3,224.52418825398547,single,10.5,1.96875,42.875,15.695312499999998,0.4330127018922193,2.0207259421636903,518.5164021120829,111.11065759544633,-11.22308452101082,-11.22308452101082,-1.068865192477221,-1.068865192477221,22.44616904202164,8.550921539817768,11.452127062255938,420.0,0.1033846153846154,0.2060644448839515,0.206,32.74500867493251,32.745,buckling_y,travamento: compressão deve ser interpretada com cautela,manter como travamento/tension-only; não dimensionar como coluna comprimida
224,cross_frame_bracing,stabilizer,1,3,3,224.52418825398547,single,10.5,1.96875,42.875,15.695312499999998,0.4330127018922193,2.0207259421636903,518.5164021120829,111.11065759544633,-12.735676240251147,-12.735676240251147,-1.2129215466905854,-1.2129215466905854,25.471352480502294,9.703372373524683,12.995588000256273,420.0,0.1033846153846154,0.18159056795103937,0.182,28.85594711009652,28.856,buckling_y,travamento: compressão deve ser interpretada com cautela,manter como travamento/tension-only; não dimensionar como coluna comprimida
225,cross_frame_bracing,stabilizer,1,2,2,202.48456731316588,single,10.5,1.96875,42.875,15.695312499999998,0.4330127018922193,2.0207259421636903,467.6180777800049,100.20387381000104,-8.227227730612292,-8.227227730612292,-0.7835454981535516,-0.7835454981535516,16.454455461224583,6.2683639852284125,8.39513033735948,210.0,0.0516923076923077,0.345624238186202,0.346,44.66875258996261,44.669,buckling_y,travamento: compressão deve ser interpretada com cautela,manter como travamento/tension-only; não dimensionar como coluna comprimida
226,cross_frame_bracing,stabilizer,1,2,2,202.48456731316588,single,10.5,1.96875,42.875,15.695312499999998,0.4330127018922193,2.0207259421636903,467.6180777800049,100.20387381000104,-13.221477986883697,-13.221477986883697,-1.2591883797032093,-1.2591883797032093,26.442955973767393,10.073507037625673,13.491304068248668,210.0,0.0516923076923077,0.21506894460650908,0.215,27.79568217445709,27.796,buckling_y,travamento: compressão deve ser interpretada com cautela,manter como travamento/tension-only; não dimensionar como coluna comprimida
227,cross_frame_bracing,stabilizer,1,2,2,185.14258769331752,single,10.5,1.96875,42.875,15.695312499999998,0.4330127018922193,2.0207259421636903,427.56849137280307,91.62181957988636,-5.3429800890310055,-5.3429800890310055,-0.5088552465743815,-0.5088552465743815,10.685960178062011,4.070841972595052,5.452020499011231,210.0,0.0516923076923077,0.6365688049625808,0.637,68.78183969924717,68.782,buckling_y,travamento: compressão deve ser interpretada com cautela,manter como travamento/tension-only; não dimensionar como coluna comprimida
228,cross_frame_bracing,stabilizer,1,2,2,185.14258769331752,single,10.5,1.96875,42.875,15.695312499999998,0.4330127018922193,2.0207259421636903,427.56849137280307,91.62181957988636,-11.050223362086259,-11.050223362086259,-1.052402224960596,-1.052402224960596,22.100446724172517,8.41921779968477,11.275738124577817,210.0,0.0516923076923077,0.3077923711373013,0.308,33.25724629792612,33.257,buckling_y,travamento: compressão deve ser interpretada com cautela,manter como travamento/tension-only; não dimensionar como coluna comprimida
229,cross_frame_bracing,stabilizer,1,2,2,185.14258769331752,single,10.5,1.96875,42.875,15.695312499999998,0.4330127018922193,2.0207259421636903,427.56849137280307,91.62181957988636,-0.16721490674015377,-0.16721490674015377,-0.015925229213347977,-0.015925229213347977,0.33442981348030754,0.12740183370678382,0.17062745585729977,210.0,0.0516923076923077,20.34013902539586,20.340,2197.7705646248537,2197.771,buckling_y,travamento: compressão deve ser interpretada com cautela,manter como travamento/tension-only; não dimensionar como coluna comprimida
230,cross_frame_bracing,stabilizer,1,2,2,185.14258769331752,single,10.5,1.96875,42.875,15.695312499999998,0.4330127018922193,2.0207259421636903,427.56849137280307,91.62181957988636,0.1672149067399956,0.1672149067399956,0.015925229213332913,0.015925229213332913,0.0,0.0,0.015925229213332913,210.0,0.0516923076923077,4222.582865162196,4222.583,2197.7705646269324,2197.771,tension_capacity,tension_capacity,manter como travamento/tension-only; não dimensionar como coluna comprimida
231,support_pad,primary,4,1,4,100.0,side_by_side,42.0,7.875,2744.0,963.1562499999999,0.4330127018922193,8.082903768654761,161.65807537309522,8.660254037844386,0.09232170521076502,0.023080426302691255,0.0021981358383515483,0.0021981358383515483,0.0,0.0,0.0021981358383515483,0.0,0.0,30592.10392130707,30592.104,,sem solicitação,tension_capacity,tension_capacity,manter
232,support_pad,primary,4,1,4,100.0,side_by_side,42.0,7.875,2744.0,963.1562499999999,0.4330127018922193,8.082903768654761,161.65807537309522,8.660254037844386,-5.595524044110789e-13,-1.3988810110276972e-13,-1.3322676295501878e-14,-1.3322676295501878e-14,1.1191048088221578e-12,1.0658141036401503e-13,1.2561380507187484e-13,0.0,0.0,170084489935102.97,170084489935102.969,,sem solicitação,buckling_y,buckling_y,manter
233,support_pad,primary,4,1,4,100.0,side_by_side,42.0,7.875,2744.0,963.1562499999999,0.4330127018922193,8.082903768654761,161.65807537309522,8.660254037844386,0.0,0.0,0.0,0.0,0.0,0.0,0.0,0.0,0.0,,sem solicitação,,sem solicitação,tension_capacity,tension_capacity,manter
234,support_pad,primary,4,1,4,100.0,side_by_side,42.0,7.875,2744.0,963.1562499999999,0.4330127018922193,8.082903768654761,161.65807537309522,8.660254037844386,0.09031682489898607,0.022579206224746518,0.0021504005928330017,0.0021504005928330017,0.0,0.0,0.0021504005928330017,0.0,0.0,31271.19673614331,31271.197,,sem solicitação,tension_capacity,tension_capacity,manter
