stick_id,member_id,member_group,lane,piece_index,s0_mm,s1_mm,cut_length_mm,x0_mm,y0_mm,z0_mm,x1_mm,y1_mm,z1_mm,N_piece_N,sigma_axial_piece_MPa,member_state,mass_g
M001-L01-P01,1,bottom_chord,1,1,0.0,100.0,100.0,-100.0,-85.0,0.0,0.0,-85.0,0.0,0.023080426302691255,0.0021981358383515483,tension,1.1666666666666667
M001-L02-P01,1,bottom_chord,2,1,0.0,100.0,100.0,-100.0,-85.0,0.0,0.0,-85.0,0.0,0.023080426302691255,0.0021981358383515483,tension,1.1666666666666667
M001-L03-P01,1,bottom_chord,3,1,0.0,100.0,100.0,-100.0,-85.0,0.0,0.0,-85.0,0.0,0.023080426302691255,0.0021981358383515483,tension,1.1666666666666667
M001-L04-P01,1,bottom_chord,4,1,0.0,100.0,100.0,-100.0,-85.0,0.0,0.0,-85.0,0.0,0.023080426302691255,0.0021981358383515483,tension,1.1666666666666667
M002-L01-P01,2,top_chord,1,1,0.0,100.0,100.0,-100.0,-85.0,73.33333333333333,0.0,-85.0,73.33333333333333,-0.07385736416532174,-0.007034034682411594,compression,1.1666666666666667
M002-L02-P01,2,top_chord,2,1,0.0,100.0,100.0,-100.0,-85.0,73.33333333333333,0.0,-85.0,73.33333333333333,-0.07385736416532174,-0.007034034682411594,compression,1.1666666666666667
M002-L03-P01,2,top_chord,3,1,0.0,100.0,100.0,-100.0,-85.0,73.33333333333333,0.0,-85.0,73.33333333333333,-0.07385736416532174,-0.007034034682411594,compression,1.1666666666666667
M002-L04-P01,2,top_chord,4,1,0.0,100.0,100.0,-100.0,-85.0,73.33333333333333,0.0,-85.0,73.33333333333333,-0.07385736416532174,-0.007034034682411594,compression,1.1666666666666667
M002-L05-P01,2,top_chord,5,1,0.0,100.0,100.0,-100.0,-85.0,73.33333333333333,0.0,-85.0,73.33333333333333,-0.07385736416532174,-0.007034034682411594,compression,1.1666666666666667
M003-L01-P01,3,bottom_chord,1,1,0.0,100.0,100.0,0.0,-85.0,0.0,100.0,-85.0,0.0,-0.6332803675901449,-0.06031241596096618,compression,1.1666666666666667
M003-L02-P01,3,bottom_chord,2,1,0.0,100.0,100.0,0.0,-85.0,0.0,100.0,-85.0,0.0,-0.6332803675901449,-0.06031241596096618,compression,1.1666666666666667
M003-L03-P01,3,bottom_chord,3,1,0.0,100.0,100.0,0.0,-85.0,0.0,100.0,-85.0,0.0,-0.6332803675901449,-0.06031241596096618,compression,1.1666666666666667
M003-L04-P01,3,bottom_chord,4,1,0.0,100.0,100.0,0.0,-85.0,0.0,100.0,-85.0,0.0,-0.6332803675901449,-0.06031241596096618,compression,1.1666666666666667
M004-L01-P01,4,top_chord,1,1,0.0,106.51030205780306,106.51030205780306,0.0,-85.0,73.33333333333333,100.0,-85.0,110.0,-45.636338734775805,-4.346317974740553,compression,1.242620190674369
M004-L02-P01,4,top_chord,2,1,0.0,106.51030205780306,106.51030205780306,0.0,-85.0,73.33333333333333,100.0,-85.0,110.0,-45.636338734775805,-4.346317974740553,compression,1.242620190674369
M004-L03-P01,4,top_chord,3,1,0.0,106.51030205780306,106.51030205780306,0.0,-85.0,73.33333333333333,100.0,-85.0,110.0,-45.636338734775805,-4.346317974740553,compression,1.242620190674369
M004-L04-P01,4,top_chord,4,1,0.0,106.51030205780306,106.51030205780306,0.0,-85.0,73.33333333333333,100.0,-85.0,110.0,-45.636338734775805,-4.346317974740553,compression,1.242620190674369
M004-L05-P01,4,top_chord,5,1,0.0,106.51030205780306,106.51030205780306,0.0,-85.0,73.33333333333333,100.0,-85.0,110.0,-45.636338734775805,-4.346317974740553,compression,1.242620190674369
M005-L01-P01,5,bottom_chord,1,1,0.0,100.0,100.0,100.0,-85.0,0.0,200.0,-85.0,0.0,52.21637034672861,4.972987652069391,tension,1.1666666666666667
M005-L02-P01,5,bottom_chord,2,1,0.0,100.0,100.0,100.0,-85.0,0.0,200.0,-85.0,0.0,52.21637034672861,4.972987652069391,tension,1.1666666666666667
M005-L03-P01,5,bottom_chord,3,1,0.0,100.0,100.0,100.0,-85.0,0.0,200.0,-85.0,0.0,52.21637034672861,4.972987652069391,tension,1.1666666666666667
M005-L04-P01,5,bottom_chord,4,1,0.0,100.0,100.0,100.0,-85.0,0.0,200.0,-85.0,0.0,52.21637034672861,4.972987652069391,tension,1.1666666666666667
M006-L01-P01,6,top_chord,1,1,0.0,106.51030205780306,106.51030205780306,100.0,-85.0,110.0,200.0,-85.0,146.66666666666669,-67.18656271683706,-6.398720258746387,compression,1.242620190674369
M006-L02-P01,6,top_chord,2,1,0.0,106.51030205780306,106.51030205780306,100.0,-85.0,110.0,200.0,-85.0,146.66666666666669,-67.18656271683706,-6.398720258746387,compression,1.242620190674369
M006-L03-P01,6,top_chord,3,1,0.0,106.51030205780306,106.51030205780306,100.0,-85.0,110.0,200.0,-85.0,146.66666666666669,-67.18656271683706,-6.398720258746387,compression,1.242620190674369
M006-L04-P01,6,top_chord,4,1,0.0,106.51030205780306,106.51030205780306,100.0,-85.0,110.0,200.0,-85.0,146.66666666666669,-67.18656271683706,-6.398720258746387,compression,1.242620190674369
M006-L05-P01,6,top_chord,5,1,0.0,106.51030205780306,106.51030205780306,100.0,-85.0,110.0,200.0,-85.0,146.66666666666669,-67.18656271683706,-6.398720258746387,compression,1.242620190674369
M007-L01-P01,7,bottom_chord,1,1,0.0,100.0,100.0,200.0,-85.0,0.0,300.0,-85.0,0.0,77.33923848152845,7.365641760145567,tension,1.1666666666666667
M007-L02-P01,7,bottom_chord,2,1,0.0,100.0,100.0,200.0,-85.0,0.0,300.0,-85.0,0.0,77.33923848152845,7.365641760145567,tension,1.1666666666666667
M007-L03-P01,7,bottom_chord,3,1,0.0,100.0,100.0,200.0,-85.0,0.0,300.0,-85.0,0.0,77.33923848152845,7.365641760145567,tension,1.1666666666666667
M007-L04-P01,7,bottom_chord,4,1,0.0,100.0,100.0,200.0,-85.0,0.0,300.0,-85.0,0.0,77.33923848152845,7.365641760145567,tension,1.1666666666666667
M008-L01-P01,8,top_chord,1,1,0.0,106.51030205780305,106.51030205780305,200.0,-85.0,146.66666666666669,300.0,-85.0,183.33333333333334,-79.40097639380816,-7.561997751791254,compression,1.2426201906743688
M008-L02-P01,8,top_chord,2,1,0.0,106.51030205780305,106.51030205780305,200.0,-85.0,146.66666666666669,300.0,-85.0,183.33333333333334,-79.40097639380816,-7.561997751791254,compression,1.2426201906743688
M008-L03-P01,8,top_chord,3,1,0.0,106.51030205780305,106.51030205780305,200.0,-85.0,146.66666666666669,300.0,-85.0,183.33333333333334,-79.40097639380816,-7.561997751791254,compression,1.2426201906743688
M008-L04-P01,8,top_chord,4,1,0.0,106.51030205780305,106.51030205780305,200.0,-85.0,146.66666666666669,300.0,-85.0,183.33333333333334,-79.40097639380816,-7.561997751791254,compression,1.2426201906743688
M008-L05-P01,8,top_chord,5,1,0.0,106.51030205780305,106.51030205780305,200.0,-85.0,146.66666666666669,300.0,-85.0,183.33333333333334,-79.40097639380816,-7.561997751791254,compression,1.2426201906743688
M009-L01-P01,9,bottom_chord,1,1,0.0,100.0,100.0,300.0,-85.0,0.0,400.0,-85.0,0.0,91.64837176697257,8.728416358759294,tension,1.1666666666666667
M009-L02-P01,9,bottom_chord,2,1,0.0,100.0,100.0,300.0,-85.0,0.0,400.0,-85.0,0.0,91.64837176697257,8.728416358759294,tension,1.1666666666666667
M009-L03-P01,9,bottom_chord,3,1,0.0,100.0,100.0,300.0,-85.0,0.0,400.0,-85.0,0.0,91.64837176697257,8.728416358759294,tension,1.1666666666666667
M009-L04-P01,9,bottom_chord,4,1,0.0,100.0,100.0,300.0,-85.0,0.0,400.0,-85.0,0.0,91.64837176697257,8.728416358759294,tension,1.1666666666666667
M010-L01-P01,10,top_chord,1,1,0.0,106.51030205780305,106.51030205780305,300.0,-85.0,183.33333333333334,400.0,-85.0,220.0,-87.07480285942789,-8.292838367564562,compression,1.2426201906743688
M010-L02-P01,10,top_chord,2,1,0.0,106.51030205780305,106.51030205780305,300.0,-85.0,183.33333333333334,400.0,-85.0,220.0,-87.07480285942789,-8.292838367564562,compression,1.2426201906743688
M010-L03-P01,10,top_chord,3,1,0.0,106.51030205780305,106.51030205780305,300.0,-85.0,183.33333333333334,400.0,-85.0,220.0,-87.07480285942789,-8.292838367564562,compression,1.2426201906743688
M010-L04-P01,10,top_chord,4,1,0.0,106.51030205780305,106.51030205780305,300.0,-85.0,183.33333333333334,400.0,-85.0,220.0,-87.07480285942789,-8.292838367564562,compression,1.2426201906743688
M010-L05-P01,10,top_chord,5,1,0.0,106.51030205780305,106.51030205780305,300.0,-85.0,183.33333333333334,400.0,-85.0,220.0,-87.07480285942789,-8.292838367564562,compression,1.2426201906743688
M011-L01-P01,11,bottom_chord,1,1,0.0,100.0,100.0,400.0,-85.0,0.0,500.0,-85.0,0.0,100.60080078886834,9.58102864655889,tension,1.1666666666666667
M011-L02-P01,11,bottom_chord,2,1,0.0,100.0,100.0,400.0,-85.0,0.0,500.0,-85.0,0.0,100.60080078886834,9.58102864655889,tension,1.1666666666666667
M011-L03-P01,11,bottom_chord,3,1,0.0,100.0,100.0,400.0,-85.0,0.0,500.0,-85.0,0.0,100.60080078886834,9.58102864655889,tension,1.1666666666666667
M011-L04-P01,11,bottom_chord,4,1,0.0,100.0,100.0,400.0,-85.0,0.0,500.0,-85.0,0.0,100.60080078886834,9.58102864655889,tension,1.1666666666666667
M012-L01-P01,12,top_chord,1,1,0.0,100.0,100.0,400.0,-85.0,220.0,500.0,-85.0,220.0,-93.06774280444151,-8.863594552803953,compression,1.1666666666666667
M012-L02-P01,12,top_chord,2,1,0.0,100.0,100.0,400.0,-85.0,220.0,500.0,-85.0,220.0,-93.06774280444151,-8.863594552803953,compression,1.1666666666666667
M012-L03-P01,12,top_chord,3,1,0.0,100.0,100.0,400.0,-85.0,220.0,500.0,-85.0,220.0,-93.06774280444151,-8.863594552803953,compression,1.1666666666666667
M012-L04-P01,12,top_chord,4,1,0.0,100.0,100.0,400.0,-85.0,220.0,500.0,-85.0,220.0,-93.06774280444151,-8.863594552803953,compression,1.1666666666666667
M012-L05-P01,12,top_chord,5,1,0.0,100.0,100.0,400.0,-85.0,220.0,500.0,-85.0,220.0,-93.06774280444151,-8.863594552803953,compression,1.1666666666666667
M013-L01-P01,13,bottom_chord,1,1,0.0,100.0,100.0,500.0,-85.0,0.0,600.0,-85.0,0.0,114.69750739807968,10.923572133150445,tension,1.1666666666666667
M013-L02-P01,13,bottom_chord,2,1,0.0,100.0,100.0,500.0,-85.0,0.0,600.0,-85.0,0.0,114.69750739807968,10.923572133150445,tension,1.1666666666666667
M013-L03-P01,13,bottom_chord,3,1,0.0,100.0,100.0,500.0,-85.0,0.0,600.0,-85.0,0.0,114.69750739807968,10.923572133150445,tension,1.1666666666666667
M013-L04-P01,13,bottom_chord,4,1,0.0,100.0,100.0,500.0,-85.0,0.0,600.0,-85.0,0.0,114.69750739807968,10.923572133150445,tension,1.1666666666666667
M014-L01-P01,14,top_chord,1,1,0.0,100.0,100.0,500.0,-85.0,220.0,600.0,-85.0,220.0,-96.28357796267828,-9.169864567874122,compression,1.1666666666666667
M014-L02-P01,14,top_chord,2,1,0.0,100.0,100.0,500.0,-85.0,220.0,600.0,-85.0,220.0,-96.28357796267828,-9.169864567874122,compression,1.1666666666666667
M014-L03-P01,14,top_chord,3,1,0.0,100.0,100.0,500.0,-85.0,220.0,600.0,-85.0,220.0,-96.28357796267828,-9.169864567874122,compression,1.1666666666666667
M014-L04-P01,14,top_chord,4,1,0.0,100.0,100.0,500.0,-85.0,220.0,600.0,-85.0,220.0,-96.28357796267828,-9.169864567874122,compression,1.1666666666666667
M014-L05-P01,14,top_chord,5,1,0.0,100.0,100.0,500.0,-85.0,220.0,600.0,-85.0,220.0,-96.28357796267828,-9.169864567874122,compression,1.1666666666666667
M015-L01-P01,15,bottom_chord,1,1,0.0,100.0,100.0,600.0,-85.0,0.0,700.0,-85.0,0.0,114.34474949937473,10.889976142797593,tension,1.1666666666666667
M015-L02-P01,15,bottom_chord,2,1,0.0,100.0,100.0,600.0,-85.0,0.0,700.0,-85.0,0.0,114.34474949937473,10.889976142797593,tension,1.1666666666666667
M015-L03-P01,15,bottom_chord,3,1,0.0,100.0,100.0,600.0,-85.0,0.0,700.0,-85.0,0.0,114.34474949937473,10.889976142797593,tension,1.1666666666666667
M015-L04-P01,15,bottom_chord,4,1,0.0,100.0,100.0,600.0,-85.0,0.0,700.0,-85.0,0.0,114.34474949937473,10.889976142797593,tension,1.1666666666666667
M016-L01-P01,16,top_chord,1,1,0.0,100.0,100.0,600.0,-85.0,220.0,700.0,-85.0,220.0,-94.97384567962729,-9.045128159964504,compression,1.1666666666666667
M016-L02-P01,16,top_chord,2,1,0.0,100.0,100.0,600.0,-85.0,220.0,700.0,-85.0,220.0,-94.97384567962729,-9.045128159964504,compression,1.1666666666666667
M016-L03-P01,16,top_chord,3,1,0.0,100.0,100.0,600.0,-85.0,220.0,700.0,-85.0,220.0,-94.97384567962729,-9.045128159964504,compression,1.1666666666666667
M016-L04-P01,16,top_chord,4,1,0.0,100.0,100.0,600.0,-85.0,220.0,700.0,-85.0,220.0,-94.97384567962729,-9.045128159964504,compression,1.1666666666666667
M016-L05-P01,16,top_chord,5,1,0.0,100.0,100.0,600.0,-85.0,220.0,700.0,-85.0,220.0,-94.97384567962729,-9.045128159964504,compression,1.1666666666666667
M017-L01-P01,17,bottom_chord,1,1,0.0,100.0,100.0,700.0,-85.0,0.0,800.0,-85.0,0.0,98.400287642501,9.371455965952476,tension,1.1666666666666667
M017-L02-P01,17,bottom_chord,2,1,0.0,100.0,100.0,700.0,-85.0,0.0,800.0,-85.0,0.0,98.400287642501,9.371455965952476,tension,1.1666666666666667
M017-L03-P01,17,bottom_chord,3,1,0.0,100.0,100.0,700.0,-85.0,0.0,800.0,-85.0,0.0,98.400287642501,9.371455965952476,tension,1.1666666666666667
M017-L04-P01,17,bottom_chord,4,1,0.0,100.0,100.0,700.0,-85.0,0.0,800.0,-85.0,0.0,98.400287642501,9.371455965952476,tension,1.1666666666666667
M018-L01-P01,18,top_chord,1,1,0.0,100.0,100.0,700.0,-85.0,220.0,800.0,-85.0,220.0,-90.20398311892458,-8.590855535135674,compression,1.1666666666666667
M018-L02-P01,18,top_chord,2,1,0.0,100.0,100.0,700.0,-85.0,220.0,800.0,-85.0,220.0,-90.20398311892458,-8.590855535135674,compression,1.1666666666666667
M018-L03-P01,18,top_chord,3,1,0.0,100.0,100.0,700.0,-85.0,220.0,800.0,-85.0,220.0,-90.20398311892458,-8.590855535135674,compression,1.1666666666666667
M018-L04-P01,18,top_chord,4,1,0.0,100.0,100.0,700.0,-85.0,220.0,800.0,-85.0,220.0,-90.20398311892458,-8.590855535135674,compression,1.1666666666666667
M018-L05-P01,18,top_chord,5,1,0.0,100.0,100.0,700.0,-85.0,220.0,800.0,-85.0,220.0,-90.20398311892458,-8.590855535135674,compression,1.1666666666666667
M019-L01-P01,19,bottom_chord,1,1,0.0,100.0,100.0,800.0,-85.0,0.0,900.0,-85.0,0.0,87.3473230016686,8.318792666825582,tension,1.1666666666666667
M019-L02-P01,19,bottom_chord,2,1,0.0,100.0,100.0,800.0,-85.0,0.0,900.0,-85.0,0.0,87.3473230016686,8.318792666825582,tension,1.1666666666666667
M019-L03-P01,19,bottom_chord,3,1,0.0,100.0,100.0,800.0,-85.0,0.0,900.0,-85.0,0.0,87.3473230016686,8.318792666825582,tension,1.1666666666666667
M019-L04-P01,19,bottom_chord,4,1,0.0,100.0,100.0,800.0,-85.0,0.0,900.0,-85.0,0.0,87.3473230016686,8.318792666825582,tension,1.1666666666666667
M020-L01-P01,20,top_chord,1,1,0.0,106.51030205780306,106.51030205780306,800.0,-85.0,220.0,900.0,-85.0,183.33333333333331,-82.53616909945654,-7.860587533281576,compression,1.242620190674369
M020-L02-P01,20,top_chord,2,1,0.0,106.51030205780306,106.51030205780306,800.0,-85.0,220.0,900.0,-85.0,183.33333333333331,-82.53616909945654,-7.860587533281576,compression,1.242620190674369
M020-L03-P01,20,top_chord,3,1,0.0,106.51030205780306,106.51030205780306,800.0,-85.0,220.0,900.0,-85.0,183.33333333333331,-82.53616909945654,-7.860587533281576,compression,1.242620190674369
M020-L04-P01,20,top_chord,4,1,0.0,106.51030205780306,106.51030205780306,800.0,-85.0,220.0,900.0,-85.0,183.33333333333331,-82.53616909945654,-7.860587533281576,compression,1.242620190674369
M020-L05-P01,20,top_chord,5,1,0.0,106.51030205780306,106.51030205780306,800.0,-85.0,220.0,900.0,-85.0,183.33333333333331,-82.53616909945654,-7.860587533281576,compression,1.242620190674369
M021-L01-P01,21,bottom_chord,1,1,0.0,100.0,100.0,900.0,-85.0,0.0,1000.0,-85.0,0.0,71.59376580564549,6.818453886251952,tension,1.1666666666666667
M021-L02-P01,21,bottom_chord,2,1,0.0,100.0,100.0,900.0,-85.0,0.0,1000.0,-85.0,0.0,71.59376580564549,6.818453886251952,tension,1.1666666666666667
M021-L03-P01,21,bottom_chord,3,1,0.0,100.0,100.0,900.0,-85.0,0.0,1000.0,-85.0,0.0,71.59376580564549,6.818453886251952,tension,1.1666666666666667
M021-L04-P01,21,bottom_chord,4,1,0.0,100.0,100.0,900.0,-85.0,0.0,1000.0,-85.0,0.0,71.59376580564549,6.818453886251952,tension,1.1666666666666667
M022-L01-P01,22,top_chord,1,1,0.0,106.51030205780305,106.51030205780305,900.0,-85.0,183.33333333333331,1000.0,-85.0,146.66666666666666,-73.14001372771308,-6.965715593115531,compression,1.2426201906743688
M022-L02-P01,22,top_chord,2,1,0.0,106.51030205780305,106.51030205780305,900.0,-85.0,183.33333333333331,1000.0,-85.0,146.66666666666666,-73.14001372771308,-6.965715593115531,compression,1.2426201906743688
M022-L03-P01,22,top_chord,3,1,0.0,106.51030205780305,106.51030205780305,900.0,-85.0,183.33333333333331,1000.0,-85.0,146.66666666666666,-73.14001372771308,-6.965715593115531,compression,1.2426201906743688
M022-L04-P01,22,top_chord,4,1,0.0,106.51030205780305,106.51030205780305,900.0,-85.0,183.33333333333331,1000.0,-85.0,146.66666666666666,-73.14001372771308,-6.965715593115531,compression,1.2426201906743688
M022-L05-P01,22,top_chord,5,1,0.0,106.51030205780305,106.51030205780305,900.0,-85.0,183.33333333333331,1000.0,-85.0,146.66666666666666,-73.14001372771308,-6.965715593115531,compression,1.2426201906743688
M023-L01-P01,23,bottom_chord,1,1,0.0,100.0,100.0,1000.0,-85.0,0.0,1100.0,-85.0,0.0,46.73784807992258,4.451223626659293,tension,1.1666666666666667
M023-L02-P01,23,bottom_chord,2,1,0.0,100.0,100.0,1000.0,-85.0,0.0,1100.0,-85.0,0.0,46.73784807992258,4.451223626659293,tension,1.1666666666666667
M023-L03-P01,23,bottom_chord,3,1,0.0,100.0,100.0,1000.0,-85.0,0.0,1100.0,-85.0,0.0,46.73784807992258,4.451223626659293,tension,1.1666666666666667
M023-L04-P01,23,bottom_chord,4,1,0.0,100.0,100.0,1000.0,-85.0,0.0,1100.0,-85.0,0.0,46.73784807992258,4.451223626659293,tension,1.1666666666666667
M024-L01-P01,24,top_chord,1,1,0.0,106.51030205780306,106.51030205780306,1000.0,-85.0,146.66666666666666,1100.0,-85.0,109.99999999999999,-59.86019399364867,-5.700970856537968,compression,1.242620190674369
M024-L02-P01,24,top_chord,2,1,0.0,106.51030205780306,106.51030205780306,1000.0,-85.0,146.66666666666666,1100.0,-85.0,109.99999999999999,-59.86019399364867,-5.700970856537968,compression,1.242620190674369
M024-L03-P01,24,top_chord,3,1,0.0,106.51030205780306,106.51030205780306,1000.0,-85.0,146.66666666666666,1100.0,-85.0,109.99999999999999,-59.86019399364867,-5.700970856537968,compression,1.242620190674369
M024-L04-P01,24,top_chord,4,1,0.0,106.51030205780306,106.51030205780306,1000.0,-85.0,146.66666666666666,1100.0,-85.0,109.99999999999999,-59.86019399364867,-5.700970856537968,compression,1.242620190674369
M024-L05-P01,24,top_chord,5,1,0.0,106.51030205780306,106.51030205780306,1000.0,-85.0,146.66666666666666,1100.0,-85.0,109.99999999999999,-59.86019399364867,-5.700970856537968,compression,1.242620190674369
M025-L01-P01,25,bottom_chord,1,1,0.0,100.0,100.0,1100.0,-85.0,0.0,1200.0,-85.0,0.0,-0.0903168248987063,-0.008601602371305361,compression,1.1666666666666667
M025-L02-P01,25,bottom_chord,2,1,0.0,100.0,100.0,1100.0,-85.0,0.0,1200.0,-85.0,0.0,-0.0903168248987063,-0.008601602371305361,compression,1.1666666666666667
M025-L03-P01,25,bottom_chord,3,1,0.0,100.0,100.0,1100.0,-85.0,0.0,1200.0,-85.0,0.0,-0.0903168248987063,-0.008601602371305361,compression,1.1666666666666667
M025-L04-P01,25,bottom_chord,4,1,0.0,100.0,100.0,1100.0,-85.0,0.0,1200.0,-85.0,0.0,-0.0903168248987063,-0.008601602371305361,compression,1.1666666666666667
M026-L01-P01,26,top_chord,1,1,0.0,106.51030205780306,106.51030205780306,1100.0,-85.0,109.99999999999999,1200.0,-85.0,73.33333333333331,-39.20631555051496,-3.733934814334758,compression,1.242620190674369
M026-L02-P01,26,top_chord,2,1,0.0,106.51030205780306,106.51030205780306,1100.0,-85.0,109.99999999999999,1200.0,-85.0,73.33333333333331,-39.20631555051496,-3.733934814334758,compression,1.242620190674369
M026-L03-P01,26,top_chord,3,1,0.0,106.51030205780306,106.51030205780306,1100.0,-85.0,109.99999999999999,1200.0,-85.0,73.33333333333331,-39.20631555051496,-3.733934814334758,compression,1.242620190674369
M026-L04-P01,26,top_chord,4,1,0.0,106.51030205780306,106.51030205780306,1100.0,-85.0,109.99999999999999,1200.0,-85.0,73.33333333333331,-39.20631555051496,-3.733934814334758,compression,1.242620190674369
M026-L05-P01,26,top_chord,5,1,0.0,106.51030205780306,106.51030205780306,1100.0,-85.0,109.99999999999999,1200.0,-85.0,73.33333333333331,-39.20631555051496,-3.733934814334758,compression,1.242620190674369
M027-L01-P01,27,bottom_chord,1,1,0.0,100.0,100.0,1200.0,-85.0,0.0,1300.0,-85.0,0.0,-1.3988810110276972e-13,-1.3322676295501878e-14,compression,1.1666666666666667
M027-L02-P01,27,bottom_chord,2,1,0.0,100.0,100.0,1200.0,-85.0,0.0,1300.0,-85.0,0.0,-1.3988810110276972e-13,-1.3322676295501878e-14,compression,1.1666666666666667
M027-L03-P01,27,bottom_chord,3,1,0.0,100.0,100.0,1200.0,-85.0,0.0,1300.0,-85.0,0.0,-1.3988810110276972e-13,-1.3322676295501878e-14,compression,1.1666666666666667
M027-L04-P01,27,bottom_chord,4,1,0.0,100.0,100.0,1200.0,-85.0,0.0,1300.0,-85.0,0.0,-1.3988810110276972e-13,-1.3322676295501878e-14,compression,1.1666666666666667
M028-L01-P01,28,top_chord,1,1,0.0,100.0,100.0,1200.0,-85.0,73.33333333333331,1300.0,-85.0,73.33333333333331,0.03612672995955246,0.003440640948528806,tension,1.1666666666666667
M028-L02-P01,28,top_chord,2,1,0.0,100.0,100.0,1200.0,-85.0,73.33333333333331,1300.0,-85.0,73.33333333333331,0.03612672995955246,0.003440640948528806,tension,1.1666666666666667
M028-L03-P01,28,top_chord,3,1,0.0,100.0,100.0,1200.0,-85.0,73.33333333333331,1300.0,-85.0,73.33333333333331,0.03612672995955246,0.003440640948528806,tension,1.1666666666666667
M028-L04-P01,28,top_chord,4,1,0.0,100.0,100.0,1200.0,-85.0,73.33333333333331,1300.0,-85.0,73.33333333333331,0.03612672995955246,0.003440640948528806,tension,1.1666666666666667
M028-L05-P01,28,top_chord,5,1,0.0,100.0,100.0,1200.0,-85.0,73.33333333333331,1300.0,-85.0,73.33333333333331,0.03612672995955246,0.003440640948528806,tension,1.1666666666666667
M029-L01-P01,29,vertical,1,1,0.0,73.33333333333333,73.33333333333333,-100.0,-85.0,0.0,-100.0,-85.0,73.33333333333333,-0.018970509203824027,-0.001806715162268955,compression,0.8555555555555555
M029-L02-P01,29,vertical,2,1,0.0,73.33333333333333,73.33333333333333,-100.0,-85.0,0.0,-100.0,-85.0,73.33333333333333,-0.018970509203824027,-0.001806715162268955,compression,0.8555555555555555
M029-L03-P01,29,vertical,3,1,0.0,73.33333333333333,73.33333333333333,-100.0,-85.0,0.0,-100.0,-85.0,73.33333333333333,-0.018970509203824027,-0.001806715162268955,compression,0.8555555555555555
M030-L01-P01,30,vertical,1,1,0.0,73.33333333333333,73.33333333333333,0.0,-85.0,0.0,0.0,-85.0,73.33333333333333,-78.82166111835431,-7.5068248684146965,compression,0.8555555555555555
M030-L02-P01,30,vertical,2,1,0.0,73.33333333333333,73.33333333333333,0.0,-85.0,0.0,0.0,-85.0,73.33333333333333,-78.82166111835431,-7.5068248684146965,compression,0.8555555555555555
M030-L03-P01,30,vertical,3,1,0.0,73.33333333333333,73.33333333333333,0.0,-85.0,0.0,0.0,-85.0,73.33333333333333,-78.82166111835431,-7.5068248684146965,compression,0.8555555555555555
M031-L01-P01,31,vertical,1,1,0.0,110.0,110.0,100.0,-85.0,0.0,100.0,-85.0,110.0,-50.59341592889098,-4.818420564656283,compression,1.2833333333333334
M031-L02-P01,31,vertical,2,1,0.0,110.0,110.0,100.0,-85.0,0.0,100.0,-85.0,110.0,-50.59341592889098,-4.818420564656283,compression,1.2833333333333334
M031-L03-P01,31,vertical,3,1,0.0,110.0,110.0,100.0,-85.0,0.0,100.0,-85.0,110.0,-50.59341592889098,-4.818420564656283,compression,1.2833333333333334
M032-L01-P01,32,vertical,1,1,0.0,120.0,120.0,200.0,-85.0,0.0,200.0,-85.0,120.0,-36.28934600902481,-3.4561281913356963,compression,1.4
M032-L01-P02,32,vertical,1,2,90.0,146.66666666666669,56.666666666666686,200.0,-85.0,90.0,200.0,-85.0,146.66666666666669,-36.28934600902481,-3.4561281913356963,compression,0.6611111111111113
M032-L02-P01,32,vertical,2,1,0.0,120.0,120.0,200.0,-85.0,0.0,200.0,-85.0,120.0,-36.28934600902481,-3.4561281913356963,compression,1.4
M032-L02-P02,32,vertical,2,2,90.0,146.66666666666669,56.666666666666686,200.0,-85.0,90.0,200.0,-85.0,146.66666666666669,-36.28934600902481,-3.4561281913356963,compression,0.6611111111111113
M032-L03-P01,32,vertical,3,1,0.0,120.0,120.0,200.0,-85.0,0.0,200.0,-85.0,120.0,-36.28934600902481,-3.4561281913356963,compression,1.4
M032-L03-P02,32,vertical,3,2,90.0,146.66666666666669,56.666666666666686,200.0,-85.0,90.0,200.0,-85.0,146.66666666666669,-36.28934600902481,-3.4561281913356963,compression,0.6611111111111113
M033-L01-P01,33,vertical,1,1,0.0,120.0,120.0,300.0,-85.0,0.0,300.0,-85.0,120.0,-27.95468707472332,-2.6623511499736496,compression,1.4
M033-L01-P02,33,vertical,1,2,90.0,183.33333333333334,93.33333333333334,300.0,-85.0,90.0,300.0,-85.0,183.33333333333334,-27.95468707472332,-2.6623511499736496,compression,1.088888888888889
M033-L02-P01,33,vertical,2,1,0.0,120.0,120.0,300.0,-85.0,0.0,300.0,-85.0,120.0,-27.95468707472332,-2.6623511499736496,compression,1.4
M033-L02-P02,33,vertical,2,2,90.0,183.33333333333334,93.33333333333334,300.0,-85.0,90.0,300.0,-85.0,183.33333333333334,-27.95468707472332,-2.6623511499736496,compression,1.088888888888889
M033-L03-P01,33,vertical,3,1,0.0,120.0,120.0,300.0,-85.0,0.0,300.0,-85.0,120.0,-27.95468707472332,-2.6623511499736496,compression,1.4
M033-L03-P02,33,vertical,3,2,90.0,183.33333333333334,93.33333333333334,300.0,-85.0,90.0,300.0,-85.0,183.33333333333334,-27.95468707472332,-2.6623511499736496,compression,1.088888888888889
M034-L01-P01,34,vertical,1,1,0.0,120.0,120.0,400.0,-85.0,0.0,400.0,-85.0,120.0,-22.52676645162735,-2.145406328726414,compression,1.4
M034-L01-P02,34,vertical,1,2,90.0,210.0,120.0,400.0,-85.0,90.0,400.0,-85.0,210.0,-22.52676645162735,-2.145406328726414,compression,1.4
M034-L01-P03,34,vertical,1,3,180.0,220.0,40.0,400.0,-85.0,180.0,400.0,-85.0,220.0,-22.52676645162735,-2.145406328726414,compression,0.4666666666666667
M034-L02-P01,34,vertical,2,1,0.0,120.0,120.0,400.0,-85.0,0.0,400.0,-85.0,120.0,-22.52676645162735,-2.145406328726414,compression,1.4
M034-L02-P02,34,vertical,2,2,90.0,210.0,120.0,400.0,-85.0,90.0,400.0,-85.0,210.0,-22.52676645162735,-2.145406328726414,compression,1.4
M034-L02-P03,34,vertical,2,3,180.0,220.0,40.0,400.0,-85.0,180.0,400.0,-85.0,220.0,-22.52676645162735,-2.145406328726414,compression,0.4666666666666667
M034-L03-P01,34,vertical,3,1,0.0,120.0,120.0,400.0,-85.0,0.0,400.0,-85.0,120.0,-22.52676645162735,-2.145406328726414,compression,1.4
M034-L03-P02,34,vertical,3,2,90.0,210.0,120.0,400.0,-85.0,90.0,400.0,-85.0,210.0,-22.52676645162735,-2.145406328726414,compression,1.4
M034-L03-P03,34,vertical,3,3,180.0,220.0,40.0,400.0,-85.0,180.0,400.0,-85.0,220.0,-22.52676645162735,-2.145406328726414,compression,0.4666666666666667
M035-L01-P01,35,vertical,1,1,0.0,120.0,120.0,500.0,-85.0,0.0,500.0,-85.0,120.0,-40.386982140282164,-3.8463792514554442,compression,1.4
M035-L01-P02,35,vertical,1,2,90.0,210.0,120.0,500.0,-85.0,90.0,500.0,-85.0,210.0,-40.386982140282164,-3.8463792514554442,compression,1.4
M035-L01-P03,35,vertical,1,3,180.0,220.0,40.0,500.0,-85.0,180.0,500.0,-85.0,220.0,-40.386982140282164,-3.8463792514554442,compression,0.4666666666666667
M035-L02-P01,35,vertical,2,1,0.0,120.0,120.0,500.0,-85.0,0.0,500.0,-85.0,120.0,-40.386982140282164,-3.8463792514554442,compression,1.4
M035-L02-P02,35,vertical,2,2,90.0,210.0,120.0,500.0,-85.0,90.0,500.0,-85.0,210.0,-40.386982140282164,-3.8463792514554442,compression,1.4
M035-L02-P03,35,vertical,2,3,180.0,220.0,40.0,500.0,-85.0,180.0,500.0,-85.0,220.0,-40.386982140282164,-3.8463792514554442,compression,0.4666666666666667
M035-L03-P01,35,vertical,3,1,0.0,120.0,120.0,500.0,-85.0,0.0,500.0,-85.0,120.0,-40.386982140282164,-3.8463792514554442,compression,1.4
M035-L03-P02,35,vertical,3,2,90.0,210.0,120.0,500.0,-85.0,90.0,500.0,-85.0,210.0,-40.386982140282164,-3.8463792514554442,compression,1.4
M035-L03-P03,35,vertical,3,3,180.0,220.0,40.0,500.0,-85.0,180.0,500.0,-85.0,220.0,-40.386982140282164,-3.8463792514554442,compression,0.4666666666666667
M036-L01-P01,36,vertical,1,1,0.0,120.0,120.0,600.0,-85.0,0.0,600.0,-85.0,120.0,-25.622455611130068,-2.4402338677266733,compression,1.4
M036-L01-P02,36,vertical,1,2,90.0,210.0,120.0,600.0,-85.0,90.0,600.0,-85.0,210.0,-25.622455611130068,-2.4402338677266733,compression,1.4
M036-L01-P03,36,vertical,1,3,180.0,220.0,40.0,600.0,-85.0,180.0,600.0,-85.0,220.0,-25.622455611130068,-2.4402338677266733,compression,0.4666666666666667
M036-L02-P01,36,vertical,2,1,0.0,120.0,120.0,600.0,-85.0,0.0,600.0,-85.0,120.0,-25.622455611130068,-2.4402338677266733,compression,1.4
M036-L02-P02,36,vertical,2,2,90.0,210.0,120.0,600.0,-85.0,90.0,600.0,-85.0,210.0,-25.622455611130068,-2.4402338677266733,compression,1.4
M036-L02-P03,36,vertical,2,3,180.0,220.0,40.0,600.0,-85.0,180.0,600.0,-85.0,220.0,-25.622455611130068,-2.4402338677266733,compression,0.4666666666666667
M036-L03-P01,36,vertical,3,1,0.0,120.0,120.0,600.0,-85.0,0.0,600.0,-85.0,120.0,-25.622455611130068,-2.4402338677266733,compression,1.4
M036-L03-P02,36,vertical,3,2,90.0,210.0,120.0,600.0,-85.0,90.0,600.0,-85.0,210.0,-25.622455611130068,-2.4402338677266733,compression,1.4
M036-L03-P03,36,vertical,3,3,180.0,220.0,40.0,600.0,-85.0,180.0,600.0,-85.0,220.0,-25.622455611130068,-2.4402338677266733,compression,0.4666666666666667
M037-L01-P01,37,vertical,1,1,0.0,120.0,120.0,700.0,-85.0,0.0,700.0,-85.0,120.0,-36.480377730679244,-3.4743216886361186,compression,1.4
M037-L01-P02,37,vertical,1,2,90.0,210.0,120.0,700.0,-85.0,90.0,700.0,-85.0,210.0,-36.480377730679244,-3.4743216886361186,compression,1.4
M037-L01-P03,37,vertical,1,3,180.0,220.0,40.0,700.0,-85.0,180.0,700.0,-85.0,220.0,-36.480377730679244,-3.4743216886361186,compression,0.4666666666666667
M037-L02-P01,37,vertical,2,1,0.0,120.0,120.0,700.0,-85.0,0.0,700.0,-85.0,120.0,-36.480377730679244,-3.4743216886361186,compression,1.4
M037-L02-P02,37,vertical,2,2,90.0,210.0,120.0,700.0,-85.0,90.0,700.0,-85.0,210.0,-36.480377730679244,-3.4743216886361186,compression,1.4
M037-L02-P03,37,vertical,2,3,180.0,220.0,40.0,700.0,-85.0,180.0,700.0,-85.0,220.0,-36.480377730679244,-3.4743216886361186,compression,0.4666666666666667
M037-L03-P01,37,vertical,3,1,0.0,120.0,120.0,700.0,-85.0,0.0,700.0,-85.0,120.0,-36.480377730679244,-3.4743216886361186,compression,1.4
M037-L03-P02,37,vertical,3,2,90.0,210.0,120.0,700.0,-85.0,90.0,700.0,-85.0,210.0,-36.480377730679244,-3.4743216886361186,compression,1.4
M037-L03-P03,37,vertical,3,3,180.0,220.0,40.0,700.0,-85.0,180.0,700.0,-85.0,220.0,-36.480377730679244,-3.4743216886361186,compression,0.4666666666666667
M038-L01-P01,38,vertical,1,1,0.0,120.0,120.0,800.0,-85.0,0.0,800.0,-85.0,120.0,-20.177124081240482,-1.921630864880046,compression,1.4
M038-L01-P02,38,vertical,1,2,90.0,210.0,120.0,800.0,-85.0,90.0,800.0,-85.0,210.0,-20.177124081240482,-1.921630864880046,compression,1.4
M038-L01-P03,38,vertical,1,3,180.0,220.0,40.0,800.0,-85.0,180.0,800.0,-85.0,220.0,-20.177124081240482,-1.921630864880046,compression,0.4666666666666667
M038-L02-P01,38,vertical,2,1,0.0,120.0,120.0,800.0,-85.0,0.0,800.0,-85.0,120.0,-20.177124081240482,-1.921630864880046,compression,1.4
M038-L02-P02,38,vertical,2,2,90.0,210.0,120.0,800.0,-85.0,90.0,800.0,-85.0,210.0,-20.177124081240482,-1.921630864880046,compression,1.4
M038-L02-P03,38,vertical,2,3,180.0,220.0,40.0,800.0,-85.0,180.0,800.0,-85.0,220.0,-20.177124081240482,-1.921630864880046,compression,0.4666666666666667
M038-L03-P01,38,vertical,3,1,0.0,120.0,120.0,800.0,-85.0,0.0,800.0,-85.0,120.0,-20.177124081240482,-1.921630864880046,compression,1.4
M038-L03-P02,38,vertical,3,2,90.0,210.0,120.0,800.0,-85.0,90.0,800.0,-85.0,210.0,-20.177124081240482,-1.921630864880046,compression,1.4
M038-L03-P03,38,vertical,3,3,180.0,220.0,40.0,800.0,-85.0,180.0,800.0,-85.0,220.0,-20.177124081240482,-1.921630864880046,compression,0.4666666666666667
M039-L01-P01,39,vertical,1,1,0.0,120.0,120.0,900.0,-85.0,0.0,900.0,-85.0,120.0,-24.883906885617648,-2.3698958938683474,compression,1.4
M039-L01-P02,39,vertical,1,2,90.0,183.33333333333331,93.33333333333331,900.0,-85.0,90.0,900.0,-85.0,183.33333333333331,-24.883906885617648,-2.3698958938683474,compression,1.0888888888888886
M039-L02-P01,39,vertical,2,1,0.0,120.0,120.0,900.0,-85.0,0.0,900.0,-85.0,120.0,-24.883906885617648,-2.3698958938683474,compression,1.4
M039-L02-P02,39,vertical,2,2,90.0,183.33333333333331,93.33333333333331,900.0,-85.0,90.0,900.0,-85.0,183.33333333333331,-24.883906885617648,-2.3698958938683474,compression,1.0888888888888886
M039-L03-P01,39,vertical,3,1,0.0,120.0,120.0,900.0,-85.0,0.0,900.0,-85.0,120.0,-24.883906885617648,-2.3698958938683474,compression,1.4
M039-L03-P02,39,vertical,3,2,90.0,183.33333333333331,93.33333333333331,900.0,-85.0,90.0,900.0,-85.0,183.33333333333331,-24.883906885617648,-2.3698958938683474,compression,1.0888888888888886
M040-L01-P01,40,vertical,1,1,0.0,120.0,120.0,1000.0,-85.0,0.0,1000.0,-85.0,120.0,-32.04314254192145,-3.051727861135376,compression,1.4
M040-L01-P02,40,vertical,1,2,90.0,146.66666666666666,56.66666666666666,1000.0,-85.0,90.0,1000.0,-85.0,146.66666666666666,-32.04314254192145,-3.051727861135376,compression,0.661111111111111
M040-L02-P01,40,vertical,2,1,0.0,120.0,120.0,1000.0,-85.0,0.0,1000.0,-85.0,120.0,-32.04314254192145,-3.051727861135376,compression,1.4
M040-L02-P02,40,vertical,2,2,90.0,146.66666666666666,56.66666666666666,1000.0,-85.0,90.0,1000.0,-85.0,146.66666666666666,-32.04314254192145,-3.051727861135376,compression,0.661111111111111
M040-L03-P01,40,vertical,3,1,0.0,120.0,120.0,1000.0,-85.0,0.0,1000.0,-85.0,120.0,-32.04314254192145,-3.051727861135376,compression,1.4
M040-L03-P02,40,vertical,3,2,90.0,146.66666666666666,56.66666666666666,1000.0,-85.0,90.0,1000.0,-85.0,146.66666666666666,-32.04314254192145,-3.051727861135376,compression,0.661111111111111
M041-L01-P01,41,vertical,1,1,0.0,109.99999999999999,109.99999999999999,1100.0,-85.0,0.0,1100.0,-85.0,109.99999999999999,-43.58834713968708,-4.151271156160674,compression,1.283333333333333
M041-L02-P01,41,vertical,2,1,0.0,109.99999999999999,109.99999999999999,1100.0,-85.0,0.0,1100.0,-85.0,109.99999999999999,-43.58834713968708,-4.151271156160674,compression,1.283333333333333
M041-L03-P01,41,vertical,3,1,0.0,109.99999999999999,109.99999999999999,1100.0,-85.0,0.0,1100.0,-85.0,109.99999999999999,-43.58834713968708,-4.151271156160674,compression,1.283333333333333
M042-L01-P01,42,vertical,1,1,0.0,73.33333333333331,73.33333333333331,1200.0,-85.0,0.0,1200.0,-85.0,73.33333333333331,-66.11412672316739,-6.296583497444513,compression,0.8555555555555553
M042-L02-P01,42,vertical,2,1,0.0,73.33333333333331,73.33333333333331,1200.0,-85.0,0.0,1200.0,-85.0,73.33333333333331,-66.11412672316739,-6.296583497444513,compression,0.8555555555555553
M042-L03-P01,42,vertical,3,1,0.0,73.33333333333331,73.33333333333331,1200.0,-85.0,0.0,1200.0,-85.0,73.33333333333331,-66.11412672316739,-6.296583497444513,compression,0.8555555555555553
M043-L01-P01,43,vertical,1,1,0.0,73.33333333333331,73.33333333333331,1300.0,-85.0,0.0,1300.0,-85.0,73.33333333333331,0.02207744608647902,0.002102613912998002,tension,0.8555555555555553
M043-L02-P01,43,vertical,2,1,0.0,73.33333333333331,73.33333333333331,1300.0,-85.0,0.0,1300.0,-85.0,73.33333333333331,0.02207744608647902,0.002102613912998002,tension,0.8555555555555553
M043-L03-P01,43,vertical,3,1,0.0,73.33333333333331,73.33333333333331,1300.0,-85.0,0.0,1300.0,-85.0,73.33333333333331,0.02207744608647902,0.002102613912998002,tension,0.8555555555555553
M044-L01-P01,44,diagonal,1,1,0.0,120.0,120.0,-100.0,-85.0,73.33333333333333,-3.2314004973153345,-85.0,2.3696936980312415,0.05724276615412985,0.005451692014679033,tension,1.4
M044-L01-P02,44,diagonal,1,2,90.0,124.0071682515885,34.007168251588496,-27.423550372986497,-85.0,20.110603606856763,0.0,-85.0,0.0,0.05724276615412985,0.005451692014679033,tension,0.3967502962685324
M044-L02-P01,44,diagonal,2,1,0.0,120.0,120.0,-100.0,-85.0,73.33333333333333,-3.2314004973153345,-85.0,2.3696936980312415,0.05724276615412985,0.005451692014679033,tension,1.4
M044-L02-P02,44,diagonal,2,2,90.0,124.0071682515885,34.007168251588496,-27.423550372986497,-85.0,20.110603606856763,0.0,-85.0,0.0,0.05724276615412985,0.005451692014679033,tension,0.3967502962685324
M044-L03-P01,44,diagonal,3,1,0.0,120.0,120.0,-100.0,-85.0,73.33333333333333,-3.2314004973153345,-85.0,2.3696936980312415,0.05724276615412985,0.005451692014679033,tension,1.4
M044-L03-P02,44,diagonal,3,2,90.0,124.0071682515885,34.007168251588496,-27.423550372986497,-85.0,20.110603606856763,0.0,-85.0,0.0,0.05724276615412985,0.005451692014679033,tension,0.3967502962685324
M045-L01-P01,45,chord_lacing,1,1,0.0,120.0,120.0,-100.0,-85.0,73.33333333333333,-3.2314004973153345,-85.0,2.3696936980312415,0.057242766154129855,0.005451692014679034,tension,1.4
M045-L01-P02,45,chord_lacing,1,2,90.0,124.0071682515885,34.007168251588496,-27.423550372986497,-85.0,20.110603606856763,0.0,-85.0,0.0,0.057242766154129855,0.005451692014679034,tension,0.3967502962685324
M046-L01-P01,46,diagonal,1,1,0.0,120.0,120.0,0.0,-85.0,73.33333333333333,96.76859950268467,-85.0,2.3696936980312415,67.20181251780544,6.4001726207433745,tension,1.4
M046-L01-P02,46,diagonal,1,2,90.0,124.0071682515885,34.007168251588496,72.5764496270135,-85.0,20.110603606856763,100.0,-85.0,0.0,67.20181251780544,6.4001726207433745,tension,0.3967502962685324
M046-L02-P01,46,diagonal,2,1,0.0,120.0,120.0,0.0,-85.0,73.33333333333333,96.76859950268467,-85.0,2.3696936980312415,67.20181251780544,6.4001726207433745,tension,1.4
M046-L02-P02,46,diagonal,2,2,90.0,124.0071682515885,34.007168251588496,72.5764496270135,-85.0,20.110603606856763,100.0,-85.0,0.0,67.20181251780544,6.4001726207433745,tension,0.3967502962685324
M046-L03-P01,46,diagonal,3,1,0.0,120.0,120.0,0.0,-85.0,73.33333333333333,96.76859950268467,-85.0,2.3696936980312415,67.20181251780544,6.4001726207433745,tension,1.4
M046-L03-P02,46,diagonal,3,2,90.0,124.0071682515885,34.007168251588496,72.5764496270135,-85.0,20.110603606856763,100.0,-85.0,0.0,67.20181251780544,6.4001726207433745,tension,0.3967502962685324
M047-L01-P01,47,chord_lacing,1,1,0.0,120.0,120.0,0.0,-85.0,73.33333333333333,96.76859950268467,-85.0,2.3696936980312415,67.20181251780545,6.400172620743376,tension,1.4
M047-L01-P02,47,chord_lacing,1,2,90.0,124.0071682515885,34.007168251588496,72.5764496270135,-85.0,20.110603606856763,100.0,-85.0,0.0,67.20181251780545,6.400172620743376,tension,0.3967502962685324
M048-L01-P01,48,diagonal,1,1,0.0,120.0,120.0,100.0,-85.0,110.0,180.72073527955752,-85.0,21.20719119248676,39.59349997772477,3.770809521688073,tension,1.4
M048-L01-P02,48,diagonal,1,2,90.0,148.66068747318505,58.66068747318505,160.54055145966814,-85.0,43.40539339436506,200.0,-85.0,0.0,39.59349997772477,3.770809521688073,tension,0.6843746871871589
M048-L02-P01,48,diagonal,2,1,0.0,120.0,120.0,100.0,-85.0,110.0,180.72073527955752,-85.0,21.20719119248676,39.59349997772477,3.770809521688073,tension,1.4
M048-L02-P02,48,diagonal,2,2,90.0,148.66068747318505,58.66068747318505,160.54055145966814,-85.0,43.40539339436506,200.0,-85.0,0.0,39.59349997772477,3.770809521688073,tension,0.6843746871871589
M048-L03-P01,48,diagonal,3,1,0.0,120.0,120.0,100.0,-85.0,110.0,180.72073527955752,-85.0,21.20719119248676,39.59349997772477,3.770809521688073,tension,1.4
M048-L03-P02,48,diagonal,3,2,90.0,148.66068747318505,58.66068747318505,160.54055145966814,-85.0,43.40539339436506,200.0,-85.0,0.0,39.59349997772477,3.770809521688073,tension,0.6843746871871589
M049-L01-P01,49,chord_lacing,1,1,0.0,120.0,120.0,100.0,-85.0,110.0,180.72073527955752,-85.0,21.20719119248676,39.59349997772477,3.770809521688073,tension,1.4
M049-L01-P02,49,chord_lacing,1,2,90.0,148.66068747318505,58.66068747318505,160.54055145966814,-85.0,43.40539339436506,200.0,-85.0,0.0,39.59349997772477,3.770809521688073,tension,0.6843746871871589
M050-L01-P01,50,diagonal,1,1,0.0,120.0,120.0,200.0,-85.0,146.66666666666669,267.6004189569812,-85.0,47.51938552976095,28.127722293993102,2.6788306946660096,tension,1.4
M050-L01-P02,50,diagonal,1,2,90.0,177.5136927425913,87.5136927425913,250.70031421773587,-85.0,72.30620581398739,300.0,-85.0,0.0,28.127722293993102,2.6788306946660096,tension,1.0209930819968984
M050-L02-P01,50,diagonal,2,1,0.0,120.0,120.0,200.0,-85.0,146.66666666666669,267.6004189569812,-85.0,47.51938552976095,28.127722293993102,2.6788306946660096,tension,1.4
M050-L02-P02,50,diagonal,2,2,90.0,177.5136927425913,87.5136927425913,250.70031421773587,-85.0,72.30620581398739,300.0,-85.0,0.0,28.127722293993102,2.6788306946660096,tension,1.0209930819968984
M050-L03-P01,50,diagonal,3,1,0.0,120.0,120.0,200.0,-85.0,146.66666666666669,267.6004189569812,-85.0,47.51938552976095,28.127722293993102,2.6788306946660096,tension,1.4
M050-L03-P02,50,diagonal,3,2,90.0,177.5136927425913,87.5136927425913,250.70031421773587,-85.0,72.30620581398739,300.0,-85.0,0.0,28.127722293993102,2.6788306946660096,tension,1.0209930819968984
M051-L01-P01,51,chord_lacing,1,1,0.0,120.0,120.0,200.0,-85.0,146.66666666666669,267.6004189569812,-85.0,47.51938552976095,28.127722293993102,2.6788306946660096,tension,1.4
M051-L01-P02,51,chord_lacing,1,2,90.0,177.5136927425913,87.5136927425913,250.70031421773587,-85.0,72.30620581398739,300.0,-85.0,0.0,28.127722293993102,2.6788306946660096,tension,1.0209930819968984
M052-L01-P01,52,diagonal,1,1,0.0,120.0,120.0,300.0,-85.0,183.33333333333334,357.4622556816688,-85.0,77.98586458360722,22.01559772128785,2.0967235925036047,tension,1.4
M052-L01-P02,52,diagonal,1,2,90.0,208.8327347690278,118.83273476902781,343.0966917612516,-85.0,104.32273177103875,400.0,-85.0,0.0,22.01559772128785,2.0967235925036047,tension,1.3863819056386577
M052-L02-P01,52,diagonal,2,1,0.0,120.0,120.0,300.0,-85.0,183.33333333333334,357.4622556816688,-85.0,77.98586458360722,22.01559772128785,2.0967235925036047,tension,1.4
M052-L02-P02,52,diagonal,2,2,90.0,208.8327347690278,118.83273476902781,343.0966917612516,-85.0,104.32273177103875,400.0,-85.0,0.0,22.01559772128785,2.0967235925036047,tension,1.3863819056386577
M052-L03-P01,52,diagonal,3,1,0.0,120.0,120.0,300.0,-85.0,183.33333333333334,357.4622556816688,-85.0,77.98586458360722,22.01559772128785,2.0967235925036047,tension,1.4
M052-L03-P02,52,diagonal,3,2,90.0,208.8327347690278,118.83273476902781,343.0966917612516,-85.0,104.32273177103875,400.0,-85.0,0.0,22.01559772128785,2.0967235925036047,tension,1.3863819056386577
M053-L01-P01,53,chord_lacing,1,1,0.0,120.0,120.0,300.0,-85.0,183.33333333333334,357.4622556816688,-85.0,77.98586458360722,22.01559772128785,2.0967235925036047,tension,1.4
M053-L01-P02,53,chord_lacing,1,2,90.0,208.8327347690278,118.83273476902781,343.0966917612516,-85.0,104.32273177103875,400.0,-85.0,0.0,22.01559772128785,2.0967235925036047,tension,1.3863819056386577
M054-L01-P01,54,diagonal,1,1,0.0,120.0,120.0,400.0,-85.0,220.0,449.6563533161421,-85.0,110.75602270448744,38.02263355872494,3.621203196069042,tension,1.4
M054-L01-P02,54,diagonal,1,2,90.0,210.0,120.0,437.2422649871066,-85.0,138.06701702836557,486.89861830324867,-85.0,28.823039732853005,38.02263355872494,3.621203196069042,tension,1.4
M054-L01-P03,54,diagonal,1,3,180.0,241.66091947189145,61.66091947189145,474.4845299742131,-85.0,56.13403405673117,500.0,-85.0,0.0,38.02263355872494,3.621203196069042,tension,0.7193773938387336
M054-L02-P01,54,diagonal,2,1,0.0,120.0,120.0,400.0,-85.0,220.0,449.6563533161421,-85.0,110.75602270448744,38.02263355872494,3.621203196069042,tension,1.4
M054-L02-P02,54,diagonal,2,2,90.0,210.0,120.0,437.2422649871066,-85.0,138.06701702836557,486.89861830324867,-85.0,28.823039732853005,38.02263355872494,3.621203196069042,tension,1.4
M054-L02-P03,54,diagonal,2,3,180.0,241.66091947189145,61.66091947189145,474.4845299742131,-85.0,56.13403405673117,500.0,-85.0,0.0,38.02263355872494,3.621203196069042,tension,0.7193773938387336
M054-L03-P01,54,diagonal,3,1,0.0,120.0,120.0,400.0,-85.0,220.0,449.6563533161421,-85.0,110.75602270448744,38.02263355872494,3.621203196069042,tension,1.4
M054-L03-P02,54,diagonal,3,2,90.0,210.0,120.0,437.2422649871066,-85.0,138.06701702836557,486.89861830324867,-85.0,28.823039732853005,38.02263355872494,3.621203196069042,tension,1.4
M054-L03-P03,54,diagonal,3,3,180.0,241.66091947189145,61.66091947189145,474.4845299742131,-85.0,56.13403405673117,500.0,-85.0,0.0,38.02263355872494,3.621203196069042,tension,0.7193773938387336
M055-L01-P01,55,chord_lacing,1,1,0.0,120.0,120.0,400.0,-85.0,220.0,449.6563533161421,-85.0,110.75602270448744,38.02263355872494,3.621203196069042,tension,1.4
M055-L01-P02,55,chord_lacing,1,2,90.0,210.0,120.0,437.2422649871066,-85.0,138.06701702836557,486.89861830324867,-85.0,28.823039732853005,38.02263355872494,3.621203196069042,tension,1.4
M055-L01-P03,55,chord_lacing,1,3,180.0,241.66091947189145,61.66091947189145,474.4845299742131,-85.0,56.13403405673117,500.0,-85.0,0.0,38.02263355872494,3.621203196069042,tension,0.7193773938387336
M056-L01-P01,56,diagonal,1,1,0.0,120.0,120.0,500.0,-85.0,220.0,549.656353316142,-85.0,110.75602270448744,13.670673766768687,1.3019689301684463,tension,1.4
M056-L01-P02,56,diagonal,1,2,90.0,210.0,120.0,537.2422649871065,-85.0,138.06701702836557,586.8986183032487,-85.0,28.823039732853005,13.670673766768687,1.3019689301684463,tension,1.4
M056-L01-P03,56,diagonal,1,3,180.0,241.66091947189145,61.66091947189145,574.4845299742132,-85.0,56.13403405673117,600.0,-85.0,0.0,13.670673766768687,1.3019689301684463,tension,0.7193773938387336
M056-L02-P01,56,diagonal,2,1,0.0,120.0,120.0,500.0,-85.0,220.0,549.656353316142,-85.0,110.75602270448744,13.670673766768687,1.3019689301684463,tension,1.4
M056-L02-P02,56,diagonal,2,2,90.0,210.0,120.0,537.2422649871065,-85.0,138.06701702836557,586.8986183032487,-85.0,28.823039732853005,13.670673766768687,1.3019689301684463,tension,1.4
M056-L02-P03,56,diagonal,2,3,180.0,241.66091947189145,61.66091947189145,574.4845299742132,-85.0,56.13403405673117,600.0,-85.0,0.0,13.670673766768687,1.3019689301684463,tension,0.7193773938387336
M056-L03-P01,56,diagonal,3,1,0.0,120.0,120.0,500.0,-85.0,220.0,549.656353316142,-85.0,110.75602270448744,13.670673766768687,1.3019689301684463,tension,1.4
M056-L03-P02,56,diagonal,3,2,90.0,210.0,120.0,537.2422649871065,-85.0,138.06701702836557,586.8986183032487,-85.0,28.823039732853005,13.670673766768687,1.3019689301684463,tension,1.4
M056-L03-P03,56,diagonal,3,3,180.0,241.66091947189145,61.66091947189145,574.4845299742132,-85.0,56.13403405673117,600.0,-85.0,0.0,13.670673766768687,1.3019689301684463,tension,0.7193773938387336
M057-L01-P01,57,chord_lacing,1,1,0.0,120.0,120.0,500.0,-85.0,220.0,549.656353316142,-85.0,110.75602270448744,13.670673766768688,1.3019689301684465,tension,1.4
M057-L01-P02,57,chord_lacing,1,2,90.0,210.0,120.0,537.2422649871065,-85.0,138.06701702836557,586.8986183032487,-85.0,28.823039732853005,13.670673766768688,1.3019689301684465,tension,1.4
M057-L01-P03,57,chord_lacing,1,3,180.0,241.66091947189145,61.66091947189145,574.4845299742132,-85.0,56.13403405673117,600.0,-85.0,0.0,13.670673766768688,1.3019689301684465,tension,0.7193773938387336
M058-L01-P01,58,diagonal,1,1,0.0,120.0,120.0,600.0,-85.0,0.0,649.656353316142,-85.0,109.24397729551256,10.566762900987364,1.006358371522606,tension,1.4
M058-L01-P02,58,diagonal,1,2,90.0,210.0,120.0,637.2422649871065,-85.0,81.93298297163442,686.8986183032487,-85.0,191.176960267147,10.566762900987364,1.006358371522606,tension,1.4
M058-L01-P03,58,diagonal,1,3,180.0,241.66091947189145,61.66091947189145,674.4845299742132,-85.0,163.86596594326883,700.0,-85.0,220.0,10.566762900987364,1.006358371522606,tension,0.7193773938387336
M058-L02-P01,58,diagonal,2,1,0.0,120.0,120.0,600.0,-85.0,0.0,649.656353316142,-85.0,109.24397729551256,10.566762900987364,1.006358371522606,tension,1.4
M058-L02-P02,58,diagonal,2,2,90.0,210.0,120.0,637.2422649871065,-85.0,81.93298297163442,686.8986183032487,-85.0,191.176960267147,10.566762900987364,1.006358371522606,tension,1.4
M058-L02-P03,58,diagonal,2,3,180.0,241.66091947189145,61.66091947189145,674.4845299742132,-85.0,163.86596594326883,700.0,-85.0,220.0,10.566762900987364,1.006358371522606,tension,0.7193773938387336
M058-L03-P01,58,diagonal,3,1,0.0,120.0,120.0,600.0,-85.0,0.0,649.656353316142,-85.0,109.24397729551256,10.566762900987364,1.006358371522606,tension,1.4
M058-L03-P02,58,diagonal,3,2,90.0,210.0,120.0,637.2422649871065,-85.0,81.93298297163442,686.8986183032487,-85.0,191.176960267147,10.566762900987364,1.006358371522606,tension,1.4
M058-L03-P03,58,diagonal,3,3,180.0,241.66091947189145,61.66091947189145,674.4845299742132,-85.0,163.86596594326883,700.0,-85.0,220.0,10.566762900987364,1.006358371522606,tension,0.7193773938387336
M059-L01-P01,59,chord_lacing,1,1,0.0,120.0,120.0,600.0,-85.0,0.0,649.656353316142,-85.0,109.24397729551256,10.566762900987364,1.006358371522606,tension,1.4
M059-L01-P02,59,chord_lacing,1,2,90.0,210.0,120.0,637.2422649871065,-85.0,81.93298297163442,686.8986183032487,-85.0,191.176960267147,10.566762900987364,1.006358371522606,tension,1.4
M059-L01-P03,59,chord_lacing,1,3,180.0,241.66091947189145,61.66091947189145,674.4845299742132,-85.0,163.86596594326883,700.0,-85.0,220.0,10.566762900987364,1.006358371522606,tension,0.7193773938387336
M060-L01-P01,60,diagonal,1,1,0.0,120.0,120.0,700.0,-85.0,0.0,749.656353316142,-85.0,109.24397729551256,34.68967887697784,3.303778940664556,tension,1.4
M060-L01-P02,60,diagonal,1,2,90.0,210.0,120.0,737.2422649871065,-85.0,81.93298297163442,786.8986183032487,-85.0,191.176960267147,34.68967887697784,3.303778940664556,tension,1.4
M060-L01-P03,60,diagonal,1,3,180.0,241.66091947189145,61.66091947189145,774.4845299742132,-85.0,163.86596594326883,800.0,-85.0,220.0,34.68967887697784,3.303778940664556,tension,0.7193773938387336
M060-L02-P01,60,diagonal,2,1,0.0,120.0,120.0,700.0,-85.0,0.0,749.656353316142,-85.0,109.24397729551256,34.68967887697784,3.303778940664556,tension,1.4
M060-L02-P02,60,diagonal,2,2,90.0,210.0,120.0,737.2422649871065,-85.0,81.93298297163442,786.8986183032487,-85.0,191.176960267147,34.68967887697784,3.303778940664556,tension,1.4
M060-L02-P03,60,diagonal,2,3,180.0,241.66091947189145,61.66091947189145,774.4845299742132,-85.0,163.86596594326883,800.0,-85.0,220.0,34.68967887697784,3.303778940664556,tension,0.7193773938387336
M060-L03-P01,60,diagonal,3,1,0.0,120.0,120.0,700.0,-85.0,0.0,749.656353316142,-85.0,109.24397729551256,34.68967887697784,3.303778940664556,tension,1.4
M060-L03-P02,60,diagonal,3,2,90.0,210.0,120.0,737.2422649871065,-85.0,81.93298297163442,786.8986183032487,-85.0,191.176960267147,34.68967887697784,3.303778940664556,tension,1.4
M060-L03-P03,60,diagonal,3,3,180.0,241.66091947189145,61.66091947189145,774.4845299742132,-85.0,163.86596594326883,800.0,-85.0,220.0,34.68967887697784,3.303778940664556,tension,0.7193773938387336
M061-L01-P01,61,chord_lacing,1,1,0.0,120.0,120.0,700.0,-85.0,0.0,749.656353316142,-85.0,109.24397729551256,34.68967887697784,3.303778940664556,tension,1.4
M061-L01-P02,61,chord_lacing,1,2,90.0,210.0,120.0,737.2422649871065,-85.0,81.93298297163442,786.8986183032487,-85.0,191.176960267147,34.68967887697784,3.303778940664556,tension,1.4
M061-L01-P03,61,chord_lacing,1,3,180.0,241.66091947189145,61.66091947189145,774.4845299742132,-85.0,163.86596594326883,800.0,-85.0,220.0,34.68967887697784,3.303778940664556,tension,0.7193773938387336
M062-L01-P01,62,diagonal,1,1,0.0,120.0,120.0,800.0,-85.0,0.0,857.4622556816688,-85.0,105.34746874972612,19.87407876659422,1.8927694063423066,tension,1.4
M062-L01-P02,62,diagonal,1,2,90.0,208.83273476902778,118.83273476902778,843.0966917612516,-85.0,79.0106015622946,900.0,-85.0,183.33333333333331,19.87407876659422,1.8927694063423066,tension,1.3863819056386573
M062-L02-P01,62,diagonal,2,1,0.0,120.0,120.0,800.0,-85.0,0.0,857.4622556816688,-85.0,105.34746874972612,19.87407876659422,1.8927694063423066,tension,1.4
M062-L02-P02,62,diagonal,2,2,90.0,208.83273476902778,118.83273476902778,843.0966917612516,-85.0,79.0106015622946,900.0,-85.0,183.33333333333331,19.87407876659422,1.8927694063423066,tension,1.3863819056386573
M062-L03-P01,62,diagonal,3,1,0.0,120.0,120.0,800.0,-85.0,0.0,857.4622556816688,-85.0,105.34746874972612,19.87407876659422,1.8927694063423066,tension,1.4
M062-L03-P02,62,diagonal,3,2,90.0,208.83273476902778,118.83273476902778,843.0966917612516,-85.0,79.0106015622946,900.0,-85.0,183.33333333333331,19.87407876659422,1.8927694063423066,tension,1.3863819056386573
M063-L01-P01,63,chord_lacing,1,1,0.0,120.0,120.0,800.0,-85.0,0.0,857.4622556816688,-85.0,105.34746874972612,19.874078766594224,1.892769406342307,tension,1.4
M063-L01-P02,63,chord_lacing,1,2,90.0,208.83273476902778,118.83273476902778,843.0966917612516,-85.0,79.0106015622946,900.0,-85.0,183.33333333333331,19.874078766594224,1.892769406342307,tension,1.3863819056386573
M064-L01-P01,64,diagonal,1,1,0.0,120.0,120.0,900.0,-85.0,0.0,967.6004189569812,-85.0,99.14728113690572,25.28330629571943,2.40793393292566,tension,1.4
M064-L01-P02,64,diagonal,1,2,90.0,177.5136927425913,87.5136927425913,950.7003142177359,-85.0,74.36046085267928,1000.0,-85.0,146.66666666666666,25.28330629571943,2.40793393292566,tension,1.0209930819968984
M064-L02-P01,64,diagonal,2,1,0.0,120.0,120.0,900.0,-85.0,0.0,967.6004189569812,-85.0,99.14728113690572,25.28330629571943,2.40793393292566,tension,1.4
M064-L02-P02,64,diagonal,2,2,90.0,177.5136927425913,87.5136927425913,950.7003142177359,-85.0,74.36046085267928,1000.0,-85.0,146.66666666666666,25.28330629571943,2.40793393292566,tension,1.0209930819968984
M064-L03-P01,64,diagonal,3,1,0.0,120.0,120.0,900.0,-85.0,0.0,967.6004189569812,-85.0,99.14728113690572,25.28330629571943,2.40793393292566,tension,1.4
M064-L03-P02,64,diagonal,3,2,90.0,177.5136927425913,87.5136927425913,950.7003142177359,-85.0,74.36046085267928,1000.0,-85.0,146.66666666666666,25.28330629571943,2.40793393292566,tension,1.0209930819968984
M065-L01-P01,65,chord_lacing,1,1,0.0,120.0,120.0,900.0,-85.0,0.0,967.6004189569812,-85.0,99.14728113690572,25.283306295719434,2.4079339329256606,tension,1.4
M065-L01-P02,65,chord_lacing,1,2,90.0,177.5136927425913,87.5136927425913,950.7003142177359,-85.0,74.36046085267928,1000.0,-85.0,146.66666666666666,25.283306295719434,2.4079339329256606,tension,1.0209930819968984
M066-L01-P01,66,diagonal,1,1,0.0,120.0,120.0,1000.0,-85.0,0.0,1080.7207352795574,-85.0,88.79280880751324,34.955776621575644,3.329121583007204,tension,1.4
M066-L01-P02,66,diagonal,1,2,90.0,148.66068747318505,58.66068747318505,1060.5405514596682,-85.0,66.59460660563494,1100.0,-85.0,110.0,34.955776621575644,3.329121583007204,tension,0.6843746871871589
M066-L02-P01,66,diagonal,2,1,0.0,120.0,120.0,1000.0,-85.0,0.0,1080.7207352795574,-85.0,88.79280880751324,34.955776621575644,3.329121583007204,tension,1.4
M066-L02-P02,66,diagonal,2,2,90.0,148.66068747318505,58.66068747318505,1060.5405514596682,-85.0,66.59460660563494,1100.0,-85.0,110.0,34.955776621575644,3.329121583007204,tension,0.6843746871871589
M066-L03-P01,66,diagonal,3,1,0.0,120.0,120.0,1000.0,-85.0,0.0,1080.7207352795574,-85.0,88.79280880751324,34.955776621575644,3.329121583007204,tension,1.4
M066-L03-P02,66,diagonal,3,2,90.0,148.66068747318505,58.66068747318505,1060.5405514596682,-85.0,66.59460660563494,1100.0,-85.0,110.0,34.955776621575644,3.329121583007204,tension,0.6843746871871589
M067-L01-P01,67,chord_lacing,1,1,0.0,120.0,120.0,1000.0,-85.0,0.0,1080.7207352795574,-85.0,88.79280880751324,34.955776621575644,3.329121583007204,tension,1.4
M067-L01-P02,67,chord_lacing,1,2,90.0,148.66068747318505,58.66068747318505,1060.5405514596682,-85.0,66.59460660563494,1100.0,-85.0,110.0,34.955776621575644,3.329121583007204,tension,0.6843746871871589
M068-L01-P01,68,diagonal,1,1,0.0,120.0,120.0,1100.0,-85.0,0.0,1196.7685995026848,-85.0,70.96363963530209,57.17061332863174,5.444820317012547,tension,1.4
M068-L01-P02,68,diagonal,1,2,90.0,124.00716825158848,34.00716825158848,1172.5764496270135,-85.0,53.222729726476565,1200.0,-85.0,73.33333333333331,57.17061332863174,5.444820317012547,tension,0.39675029626853225
M068-L02-P01,68,diagonal,2,1,0.0,120.0,120.0,1100.0,-85.0,0.0,1196.7685995026848,-85.0,70.96363963530209,57.17061332863174,5.444820317012547,tension,1.4
M068-L02-P02,68,diagonal,2,2,90.0,124.00716825158848,34.00716825158848,1172.5764496270135,-85.0,53.222729726476565,1200.0,-85.0,73.33333333333331,57.17061332863174,5.444820317012547,tension,0.39675029626853225
M068-L03-P01,68,diagonal,3,1,0.0,120.0,120.0,1100.0,-85.0,0.0,1196.7685995026848,-85.0,70.96363963530209,57.17061332863174,5.444820317012547,tension,1.4
M068-L03-P02,68,diagonal,3,2,90.0,124.00716825158848,34.00716825158848,1172.5764496270135,-85.0,53.222729726476565,1200.0,-85.0,73.33333333333331,57.17061332863174,5.444820317012547,tension,0.39675029626853225
M069-L01-P01,69,chord_lacing,1,1,0.0,120.0,120.0,1100.0,-85.0,0.0,1196.7685995026848,-85.0,70.96363963530209,57.170613328631745,5.444820317012547,tension,1.4
M069-L01-P02,69,chord_lacing,1,2,90.0,124.00716825158848,34.00716825158848,1172.5764496270135,-85.0,53.222729726476565,1200.0,-85.0,73.33333333333331,57.170613328631745,5.444820317012547,tension,0.39675029626853225
M070-L01-P01,70,diagonal,1,1,0.0,120.0,120.0,1200.0,-85.0,0.0,1296.7685995026848,-85.0,70.96363963530209,-0.055999668506070716,-0.005333301762482925,compression,1.4
M070-L01-P02,70,diagonal,1,2,90.0,124.00716825158848,34.00716825158848,1272.5764496270135,-85.0,53.222729726476565,1300.0,-85.0,73.33333333333331,-0.055999668506070716,-0.005333301762482925,compression,0.39675029626853225
M070-L02-P01,70,diagonal,2,1,0.0,120.0,120.0,1200.0,-85.0,0.0,1296.7685995026848,-85.0,70.96363963530209,-0.055999668506070716,-0.005333301762482925,compression,1.4
M070-L02-P02,70,diagonal,2,2,90.0,124.00716825158848,34.00716825158848,1272.5764496270135,-85.0,53.222729726476565,1300.0,-85.0,73.33333333333331,-0.055999668506070716,-0.005333301762482925,compression,0.39675029626853225
M070-L03-P01,70,diagonal,3,1,0.0,120.0,120.0,1200.0,-85.0,0.0,1296.7685995026848,-85.0,70.96363963530209,-0.055999668506070716,-0.005333301762482925,compression,1.4
M070-L03-P02,70,diagonal,3,2,90.0,124.00716825158848,34.00716825158848,1272.5764496270135,-85.0,53.222729726476565,1300.0,-85.0,73.33333333333331,-0.055999668506070716,-0.005333301762482925,compression,0.39675029626853225
M071-L01-P01,71,chord_lacing,1,1,0.0,120.0,120.0,1200.0,-85.0,0.0,1296.7685995026848,-85.0,70.96363963530209,-0.055999668506070716,-0.005333301762482925,compression,1.4
M071-L01-P02,71,chord_lacing,1,2,90.0,124.00716825158848,34.00716825158848,1272.5764496270135,-85.0,53.222729726476565,1300.0,-85.0,73.33333333333331,-0.055999668506070716,-0.005333301762482925,compression,0.39675029626853225
M072-L01-P01,72,bottom_chord,1,1,0.0,100.0,100.0,-100.0,85.0,0.0,0.0,85.0,0.0,0.0,0.0,tension,1.1666666666666667
M072-L02-P01,72,bottom_chord,2,1,0.0,100.0,100.0,-100.0,85.0,0.0,0.0,85.0,0.0,0.0,0.0,tension,1.1666666666666667
M072-L03-P01,72,bottom_chord,3,1,0.0,100.0,100.0,-100.0,85.0,0.0,0.0,85.0,0.0,0.0,0.0,tension,1.1666666666666667
M072-L04-P01,72,bottom_chord,4,1,0.0,100.0,100.0,-100.0,85.0,0.0,0.0,85.0,0.0,0.0,0.0,tension,1.1666666666666667
M073-L01-P01,73,top_chord,1,1,0.0,100.0,100.0,-100.0,85.0,73.33333333333333,0.0,85.0,73.33333333333333,0.036928682082765785,0.003517017341215789,tension,1.1666666666666667
M073-L02-P01,73,top_chord,2,1,0.0,100.0,100.0,-100.0,85.0,73.33333333333333,0.0,85.0,73.33333333333333,0.036928682082765785,0.003517017341215789,tension,1.1666666666666667
M073-L03-P01,73,top_chord,3,1,0.0,100.0,100.0,-100.0,85.0,73.33333333333333,0.0,85.0,73.33333333333333,0.036928682082765785,0.003517017341215789,tension,1.1666666666666667
M073-L04-P01,73,top_chord,4,1,0.0,100.0,100.0,-100.0,85.0,73.33333333333333,0.0,85.0,73.33333333333333,0.036928682082765785,0.003517017341215789,tension,1.1666666666666667
M073-L05-P01,73,top_chord,5,1,0.0,100.0,100.0,-100.0,85.0,73.33333333333333,0.0,85.0,73.33333333333333,0.036928682082765785,0.003517017341215789,tension,1.1666666666666667
M074-L01-P01,74,bottom_chord,1,1,0.0,100.0,100.0,0.0,85.0,0.0,100.0,85.0,0.0,-0.09232170520675709,-0.008792543353024485,compression,1.1666666666666667
M074-L02-P01,74,bottom_chord,2,1,0.0,100.0,100.0,0.0,85.0,0.0,100.0,85.0,0.0,-0.09232170520675709,-0.008792543353024485,compression,1.1666666666666667
M074-L03-P01,74,bottom_chord,3,1,0.0,100.0,100.0,0.0,85.0,0.0,100.0,85.0,0.0,-0.09232170520675709,-0.008792543353024485,compression,1.1666666666666667
M074-L04-P01,74,bottom_chord,4,1,0.0,100.0,100.0,0.0,85.0,0.0,100.0,85.0,0.0,-0.09232170520675709,-0.008792543353024485,compression,1.1666666666666667
M075-L01-P01,75,top_chord,1,1,0.0,106.51030205780306,106.51030205780306,0.0,85.0,73.33333333333333,100.0,85.0,110.0,-39.205236525611056,-3.733832050058196,compression,1.242620190674369
M075-L02-P01,75,top_chord,2,1,0.0,106.51030205780306,106.51030205780306,0.0,85.0,73.33333333333333,100.0,85.0,110.0,-39.205236525611056,-3.733832050058196,compression,1.242620190674369
M075-L03-P01,75,top_chord,3,1,0.0,106.51030205780306,106.51030205780306,0.0,85.0,73.33333333333333,100.0,85.0,110.0,-39.205236525611056,-3.733832050058196,compression,1.242620190674369
M075-L04-P01,75,top_chord,4,1,0.0,106.51030205780306,106.51030205780306,0.0,85.0,73.33333333333333,100.0,85.0,110.0,-39.205236525611056,-3.733832050058196,compression,1.242620190674369
M075-L05-P01,75,top_chord,5,1,0.0,106.51030205780306,106.51030205780306,0.0,85.0,73.33333333333333,100.0,85.0,110.0,-39.205236525611056,-3.733832050058196,compression,1.242620190674369
M076-L01-P01,76,bottom_chord,1,1,0.0,100.0,100.0,100.0,85.0,0.0,200.0,85.0,0.0,46.73668711358491,4.451113058436658,tension,1.1666666666666667
M076-L02-P01,76,bottom_chord,2,1,0.0,100.0,100.0,100.0,85.0,0.0,200.0,85.0,0.0,46.73668711358491,4.451113058436658,tension,1.1666666666666667
M076-L03-P01,76,bottom_chord,3,1,0.0,100.0,100.0,100.0,85.0,0.0,200.0,85.0,0.0,46.73668711358491,4.451113058436658,tension,1.1666666666666667
M076-L04-P01,76,bottom_chord,4,1,0.0,100.0,100.0,100.0,85.0,0.0,200.0,85.0,0.0,46.73668711358491,4.451113058436658,tension,1.1666666666666667
M077-L01-P01,77,top_chord,1,1,0.0,106.51030205780306,106.51030205780306,100.0,85.0,110.0,200.0,85.0,146.66666666666669,-59.85952161427408,-5.700906820407055,compression,1.242620190674369
M077-L02-P01,77,top_chord,2,1,0.0,106.51030205780306,106.51030205780306,100.0,85.0,110.0,200.0,85.0,146.66666666666669,-59.85952161427408,-5.700906820407055,compression,1.242620190674369
M077-L03-P01,77,top_chord,3,1,0.0,106.51030205780306,106.51030205780306,100.0,85.0,110.0,200.0,85.0,146.66666666666669,-59.85952161427408,-5.700906820407055,compression,1.242620190674369
M077-L04-P01,77,top_chord,4,1,0.0,106.51030205780306,106.51030205780306,100.0,85.0,110.0,200.0,85.0,146.66666666666669,-59.85952161427408,-5.700906820407055,compression,1.242620190674369
M077-L05-P01,77,top_chord,5,1,0.0,106.51030205780306,106.51030205780306,100.0,85.0,110.0,200.0,85.0,146.66666666666669,-59.85952161427408,-5.700906820407055,compression,1.242620190674369
M078-L01-P01,78,bottom_chord,1,1,0.0,100.0,100.0,200.0,85.0,0.0,300.0,85.0,0.0,71.59308553552884,6.818389098621795,tension,1.1666666666666667
M078-L02-P01,78,bottom_chord,2,1,0.0,100.0,100.0,200.0,85.0,0.0,300.0,85.0,0.0,71.59308553552884,6.818389098621795,tension,1.1666666666666667
M078-L03-P01,78,bottom_chord,3,1,0.0,100.0,100.0,200.0,85.0,0.0,300.0,85.0,0.0,71.59308553552884,6.818389098621795,tension,1.1666666666666667
M078-L04-P01,78,bottom_chord,4,1,0.0,100.0,100.0,200.0,85.0,0.0,300.0,85.0,0.0,71.59308553552884,6.818389098621795,tension,1.1666666666666667
M079-L01-P01,79,top_chord,1,1,0.0,106.51030205780305,106.51030205780305,200.0,85.0,146.66666666666669,300.0,85.0,183.33333333333334,-73.13959255239902,-6.96567548118086,compression,1.2426201906743688
M079-L02-P01,79,top_chord,2,1,0.0,106.51030205780305,106.51030205780305,200.0,85.0,146.66666666666669,300.0,85.0,183.33333333333334,-73.13959255239902,-6.96567548118086,compression,1.2426201906743688
M079-L03-P01,79,top_chord,3,1,0.0,106.51030205780305,106.51030205780305,200.0,85.0,146.66666666666669,300.0,85.0,183.33333333333334,-73.13959255239902,-6.96567548118086,compression,1.2426201906743688
M079-L04-P01,79,top_chord,4,1,0.0,106.51030205780305,106.51030205780305,200.0,85.0,146.66666666666669,300.0,85.0,183.33333333333334,-73.13959255239902,-6.96567548118086,compression,1.2426201906743688
M079-L05-P01,79,top_chord,5,1,0.0,106.51030205780305,106.51030205780305,200.0,85.0,146.66666666666669,300.0,85.0,183.33333333333334,-73.13959255239902,-6.96567548118086,compression,1.2426201906743688
M080-L01-P01,80,bottom_chord,1,1,0.0,100.0,100.0,300.0,85.0,0.0,400.0,85.0,0.0,87.34689112061456,8.318751535296624,tension,1.1666666666666667
M080-L02-P01,80,bottom_chord,2,1,0.0,100.0,100.0,300.0,85.0,0.0,400.0,85.0,0.0,87.34689112061456,8.318751535296624,tension,1.1666666666666667
M080-L03-P01,80,bottom_chord,3,1,0.0,100.0,100.0,300.0,85.0,0.0,400.0,85.0,0.0,87.34689112061456,8.318751535296624,tension,1.1666666666666667
M080-L04-P01,80,bottom_chord,4,1,0.0,100.0,100.0,300.0,85.0,0.0,400.0,85.0,0.0,87.34689112061456,8.318751535296624,tension,1.1666666666666667
M081-L01-P01,81,top_chord,1,1,0.0,106.51030205780305,106.51030205780305,300.0,85.0,183.33333333333334,400.0,85.0,220.0,-82.53588288274577,-7.860560274547216,compression,1.2426201906743688
M081-L02-P01,81,top_chord,2,1,0.0,106.51030205780305,106.51030205780305,300.0,85.0,183.33333333333334,400.0,85.0,220.0,-82.53588288274577,-7.860560274547216,compression,1.2426201906743688
M081-L03-P01,81,top_chord,3,1,0.0,106.51030205780305,106.51030205780305,300.0,85.0,183.33333333333334,400.0,85.0,220.0,-82.53588288274577,-7.860560274547216,compression,1.2426201906743688
M081-L04-P01,81,top_chord,4,1,0.0,106.51030205780305,106.51030205780305,300.0,85.0,183.33333333333334,400.0,85.0,220.0,-82.53588288274577,-7.860560274547216,compression,1.2426201906743688
M081-L05-P01,81,top_chord,5,1,0.0,106.51030205780305,106.51030205780305,300.0,85.0,183.33333333333334,400.0,85.0,220.0,-82.53588288274577,-7.860560274547216,compression,1.2426201906743688
M082-L01-P01,82,bottom_chord,1,1,0.0,100.0,100.0,400.0,85.0,0.0,500.0,85.0,0.0,98.3999805378036,9.371426717886058,tension,1.1666666666666667
M082-L02-P01,82,bottom_chord,2,1,0.0,100.0,100.0,400.0,85.0,0.0,500.0,85.0,0.0,98.3999805378036,9.371426717886058,tension,1.1666666666666667
M082-L03-P01,82,bottom_chord,3,1,0.0,100.0,100.0,400.0,85.0,0.0,500.0,85.0,0.0,98.3999805378036,9.371426717886058,tension,1.1666666666666667
M082-L04-P01,82,bottom_chord,4,1,0.0,100.0,100.0,400.0,85.0,0.0,500.0,85.0,0.0,98.3999805378036,9.371426717886058,tension,1.1666666666666667
M083-L01-P01,83,top_chord,1,1,0.0,100.0,100.0,400.0,85.0,220.0,500.0,85.0,220.0,-90.20375043871258,-8.590833375115484,compression,1.1666666666666667
M083-L02-P01,83,top_chord,2,1,0.0,100.0,100.0,400.0,85.0,220.0,500.0,85.0,220.0,-90.20375043871258,-8.590833375115484,compression,1.1666666666666667
M083-L03-P01,83,top_chord,3,1,0.0,100.0,100.0,400.0,85.0,220.0,500.0,85.0,220.0,-90.20375043871258,-8.590833375115484,compression,1.1666666666666667
M083-L04-P01,83,top_chord,4,1,0.0,100.0,100.0,400.0,85.0,220.0,500.0,85.0,220.0,-90.20375043871258,-8.590833375115484,compression,1.1666666666666667
M083-L05-P01,83,top_chord,5,1,0.0,100.0,100.0,400.0,85.0,220.0,500.0,85.0,220.0,-90.20375043871258,-8.590833375115484,compression,1.1666666666666667
M084-L01-P01,84,bottom_chord,1,1,0.0,100.0,100.0,500.0,85.0,0.0,600.0,85.0,0.0,114.34447490354036,10.889949990813367,tension,1.1666666666666667
M084-L02-P01,84,bottom_chord,2,1,0.0,100.0,100.0,500.0,85.0,0.0,600.0,85.0,0.0,114.34447490354036,10.889949990813367,tension,1.1666666666666667
M084-L03-P01,84,bottom_chord,3,1,0.0,100.0,100.0,500.0,85.0,0.0,600.0,85.0,0.0,114.34447490354036,10.889949990813367,tension,1.1666666666666667
M084-L04-P01,84,bottom_chord,4,1,0.0,100.0,100.0,500.0,85.0,0.0,600.0,85.0,0.0,114.34447490354036,10.889949990813367,tension,1.1666666666666667
M085-L01-P01,85,top_chord,1,1,0.0,100.0,100.0,500.0,85.0,220.0,600.0,85.0,220.0,-94.97363060588849,-9.045107676751284,compression,1.1666666666666667
M085-L02-P01,85,top_chord,2,1,0.0,100.0,100.0,500.0,85.0,220.0,600.0,85.0,220.0,-94.97363060588849,-9.045107676751284,compression,1.1666666666666667
M085-L03-P01,85,top_chord,3,1,0.0,100.0,100.0,500.0,85.0,220.0,600.0,85.0,220.0,-94.97363060588849,-9.045107676751284,compression,1.1666666666666667
M085-L04-P01,85,top_chord,4,1,0.0,100.0,100.0,500.0,85.0,220.0,600.0,85.0,220.0,-94.97363060588849,-9.045107676751284,compression,1.1666666666666667
M085-L05-P01,85,top_chord,5,1,0.0,100.0,100.0,500.0,85.0,220.0,600.0,85.0,220.0,-94.97363060588849,-9.045107676751284,compression,1.1666666666666667
M086-L01-P01,86,bottom_chord,1,1,0.0,100.0,100.0,600.0,85.0,0.0,700.0,85.0,0.0,114.69723855590509,10.923546529133818,tension,1.1666666666666667
M086-L02-P01,86,bottom_chord,2,1,0.0,100.0,100.0,600.0,85.0,0.0,700.0,85.0,0.0,114.69723855590509,10.923546529133818,tension,1.1666666666666667
M086-L03-P01,86,bottom_chord,3,1,0.0,100.0,100.0,600.0,85.0,0.0,700.0,85.0,0.0,114.69723855590509,10.923546529133818,tension,1.1666666666666667
M086-L04-P01,86,bottom_chord,4,1,0.0,100.0,100.0,600.0,85.0,0.0,700.0,85.0,0.0,114.69723855590509,10.923546529133818,tension,1.1666666666666667
M087-L01-P01,87,top_chord,1,1,0.0,100.0,100.0,600.0,85.0,220.0,700.0,85.0,220.0,-96.28336749186764,-9.169844523035014,compression,1.1666666666666667
M087-L02-P01,87,top_chord,2,1,0.0,100.0,100.0,600.0,85.0,220.0,700.0,85.0,220.0,-96.28336749186764,-9.169844523035014,compression,1.1666666666666667
M087-L03-P01,87,top_chord,3,1,0.0,100.0,100.0,600.0,85.0,220.0,700.0,85.0,220.0,-96.28336749186764,-9.169844523035014,compression,1.1666666666666667
M087-L04-P01,87,top_chord,4,1,0.0,100.0,100.0,600.0,85.0,220.0,700.0,85.0,220.0,-96.28336749186764,-9.169844523035014,compression,1.1666666666666667
M087-L05-P01,87,top_chord,5,1,0.0,100.0,100.0,600.0,85.0,220.0,700.0,85.0,220.0,-96.28336749186764,-9.169844523035014,compression,1.1666666666666667
M088-L01-P01,88,bottom_chord,1,1,0.0,100.0,100.0,700.0,85.0,0.0,800.0,85.0,0.0,100.60050993860149,9.581000946533475,tension,1.1666666666666667
M088-L02-P01,88,bottom_chord,2,1,0.0,100.0,100.0,700.0,85.0,0.0,800.0,85.0,0.0,100.60050993860149,9.581000946533475,tension,1.1666666666666667
M088-L03-P01,88,bottom_chord,3,1,0.0,100.0,100.0,700.0,85.0,0.0,800.0,85.0,0.0,100.60050993860149,9.581000946533475,tension,1.1666666666666667
M088-L04-P01,88,bottom_chord,4,1,0.0,100.0,100.0,700.0,85.0,0.0,800.0,85.0,0.0,100.60050993860149,9.581000946533475,tension,1.1666666666666667
M089-L01-P01,89,top_chord,1,1,0.0,100.0,100.0,700.0,85.0,220.0,800.0,85.0,220.0,-93.06752312777444,-8.863573631216614,compression,1.1666666666666667
M089-L02-P01,89,top_chord,2,1,0.0,100.0,100.0,700.0,85.0,220.0,800.0,85.0,220.0,-93.06752312777444,-8.863573631216614,compression,1.1666666666666667
M089-L03-P01,89,top_chord,3,1,0.0,100.0,100.0,700.0,85.0,220.0,800.0,85.0,220.0,-93.06752312777444,-8.863573631216614,compression,1.1666666666666667
M089-L04-P01,89,top_chord,4,1,0.0,100.0,100.0,700.0,85.0,220.0,800.0,85.0,220.0,-93.06752312777444,-8.863573631216614,compression,1.1666666666666667
M089-L05-P01,89,top_chord,5,1,0.0,100.0,100.0,700.0,85.0,220.0,800.0,85.0,220.0,-93.06752312777444,-8.863573631216614,compression,1.1666666666666667
M090-L01-P01,90,bottom_chord,1,1,0.0,100.0,100.0,800.0,85.0,0.0,900.0,85.0,0.0,91.64796868383392,8.728377969888944,tension,1.1666666666666667
M090-L02-P01,90,bottom_chord,2,1,0.0,100.0,100.0,800.0,85.0,0.0,900.0,85.0,0.0,91.64796868383392,8.728377969888944,tension,1.1666666666666667
M090-L03-P01,90,bottom_chord,3,1,0.0,100.0,100.0,800.0,85.0,0.0,900.0,85.0,0.0,91.64796868383392,8.728377969888944,tension,1.1666666666666667
M090-L04-P01,90,bottom_chord,4,1,0.0,100.0,100.0,800.0,85.0,0.0,900.0,85.0,0.0,91.64796868383392,8.728377969888944,tension,1.1666666666666667
M091-L01-P01,91,top_chord,1,1,0.0,106.51030205780306,106.51030205780306,800.0,85.0,220.0,900.0,85.0,183.33333333333331,-87.07454118091559,-8.292813445801485,compression,1.242620190674369
M091-L02-P01,91,top_chord,2,1,0.0,106.51030205780306,106.51030205780306,800.0,85.0,220.0,900.0,85.0,183.33333333333331,-87.07454118091559,-8.292813445801485,compression,1.242620190674369
M091-L03-P01,91,top_chord,3,1,0.0,106.51030205780306,106.51030205780306,800.0,85.0,220.0,900.0,85.0,183.33333333333331,-87.07454118091559,-8.292813445801485,compression,1.242620190674369
M091-L04-P01,91,top_chord,4,1,0.0,106.51030205780306,106.51030205780306,800.0,85.0,220.0,900.0,85.0,183.33333333333331,-87.07454118091559,-8.292813445801485,compression,1.242620190674369
M091-L05-P01,91,top_chord,5,1,0.0,106.51030205780306,106.51030205780306,800.0,85.0,220.0,900.0,85.0,183.33333333333331,-87.07454118091559,-8.292813445801485,compression,1.242620190674369
M092-L01-P01,92,bottom_chord,1,1,0.0,100.0,100.0,900.0,85.0,0.0,1000.0,85.0,0.0,77.3386206197648,7.3655829161680755,tension,1.1666666666666667
M092-L02-P01,92,bottom_chord,2,1,0.0,100.0,100.0,900.0,85.0,0.0,1000.0,85.0,0.0,77.3386206197648,7.3655829161680755,tension,1.1666666666666667
M092-L03-P01,92,bottom_chord,3,1,0.0,100.0,100.0,900.0,85.0,0.0,1000.0,85.0,0.0,77.3386206197648,7.3655829161680755,tension,1.1666666666666667
M092-L04-P01,92,bottom_chord,4,1,0.0,100.0,100.0,900.0,85.0,0.0,1000.0,85.0,0.0,77.3386206197648,7.3655829161680755,tension,1.1666666666666667
M093-L01-P01,93,top_chord,1,1,0.0,106.51030205780305,106.51030205780305,900.0,85.0,183.33333333333331,1000.0,85.0,146.66666666666666,-79.40060839555574,-7.561962704338642,compression,1.2426201906743688
M093-L02-P01,93,top_chord,2,1,0.0,106.51030205780305,106.51030205780305,900.0,85.0,183.33333333333331,1000.0,85.0,146.66666666666666,-79.40060839555574,-7.561962704338642,compression,1.2426201906743688
M093-L03-P01,93,top_chord,3,1,0.0,106.51030205780305,106.51030205780305,900.0,85.0,183.33333333333331,1000.0,85.0,146.66666666666666,-79.40060839555574,-7.561962704338642,compression,1.2426201906743688
M093-L04-P01,93,top_chord,4,1,0.0,106.51030205780305,106.51030205780305,900.0,85.0,183.33333333333331,1000.0,85.0,146.66666666666666,-79.40060839555574,-7.561962704338642,compression,1.2426201906743688
M093-L05-P01,93,top_chord,5,1,0.0,106.51030205780305,106.51030205780305,900.0,85.0,183.33333333333331,1000.0,85.0,146.66666666666666,-79.40060839555574,-7.561962704338642,compression,1.2426201906743688
M094-L01-P01,94,bottom_chord,1,1,0.0,100.0,100.0,1000.0,85.0,0.0,1100.0,85.0,0.0,52.215318211610246,4.972887448724785,tension,1.1666666666666667
M094-L02-P01,94,bottom_chord,2,1,0.0,100.0,100.0,1000.0,85.0,0.0,1100.0,85.0,0.0,52.215318211610246,4.972887448724785,tension,1.1666666666666667
M094-L03-P01,94,bottom_chord,3,1,0.0,100.0,100.0,1000.0,85.0,0.0,1100.0,85.0,0.0,52.215318211610246,4.972887448724785,tension,1.1666666666666667
M094-L04-P01,94,bottom_chord,4,1,0.0,100.0,100.0,1000.0,85.0,0.0,1100.0,85.0,0.0,52.215318211610246,4.972887448724785,tension,1.1666666666666667
M095-L01-P01,95,top_chord,1,1,0.0,106.51030205780306,106.51030205780306,1000.0,85.0,146.66666666666666,1100.0,85.0,109.99999999999999,-67.18598307063193,-6.398665054345899,compression,1.242620190674369
M095-L02-P01,95,top_chord,2,1,0.0,106.51030205780306,106.51030205780306,1000.0,85.0,146.66666666666666,1100.0,85.0,109.99999999999999,-67.18598307063193,-6.398665054345899,compression,1.242620190674369
M095-L03-P01,95,top_chord,3,1,0.0,106.51030205780306,106.51030205780306,1000.0,85.0,146.66666666666666,1100.0,85.0,109.99999999999999,-67.18598307063193,-6.398665054345899,compression,1.242620190674369
M095-L04-P01,95,top_chord,4,1,0.0,106.51030205780306,106.51030205780306,1000.0,85.0,146.66666666666666,1100.0,85.0,109.99999999999999,-67.18598307063193,-6.398665054345899,compression,1.242620190674369
M095-L05-P01,95,top_chord,5,1,0.0,106.51030205780306,106.51030205780306,1000.0,85.0,146.66666666666666,1100.0,85.0,109.99999999999999,-67.18598307063193,-6.398665054345899,compression,1.242620190674369
M096-L01-P01,96,bottom_chord,1,1,0.0,100.0,100.0,1100.0,85.0,0.0,1200.0,85.0,0.0,-0.635179875578955,-0.060493321483710005,compression,1.1666666666666667
M096-L02-P01,96,bottom_chord,2,1,0.0,100.0,100.0,1100.0,85.0,0.0,1200.0,85.0,0.0,-0.635179875578955,-0.060493321483710005,compression,1.1666666666666667
M096-L03-P01,96,bottom_chord,3,1,0.0,100.0,100.0,1100.0,85.0,0.0,1200.0,85.0,0.0,-0.635179875578955,-0.060493321483710005,compression,1.1666666666666667
M096-L04-P01,96,bottom_chord,4,1,0.0,100.0,100.0,1100.0,85.0,0.0,1200.0,85.0,0.0,-0.635179875578955,-0.060493321483710005,compression,1.1666666666666667
M097-L01-P01,97,top_chord,1,1,0.0,106.51030205780306,106.51030205780306,1100.0,85.0,109.99999999999999,1200.0,85.0,73.33333333333331,-45.63534949577354,-4.346223761502242,compression,1.242620190674369
M097-L02-P01,97,top_chord,2,1,0.0,106.51030205780306,106.51030205780306,1100.0,85.0,109.99999999999999,1200.0,85.0,73.33333333333331,-45.63534949577354,-4.346223761502242,compression,1.242620190674369
M097-L03-P01,97,top_chord,3,1,0.0,106.51030205780306,106.51030205780306,1100.0,85.0,109.99999999999999,1200.0,85.0,73.33333333333331,-45.63534949577354,-4.346223761502242,compression,1.242620190674369
M097-L04-P01,97,top_chord,4,1,0.0,106.51030205780306,106.51030205780306,1100.0,85.0,109.99999999999999,1200.0,85.0,73.33333333333331,-45.63534949577354,-4.346223761502242,compression,1.242620190674369
M097-L05-P01,97,top_chord,5,1,0.0,106.51030205780306,106.51030205780306,1100.0,85.0,109.99999999999999,1200.0,85.0,73.33333333333331,-45.63534949577354,-4.346223761502242,compression,1.242620190674369
M098-L01-P01,98,bottom_chord,1,1,0.0,100.0,100.0,1200.0,85.0,0.0,1300.0,85.0,0.0,0.022579206224746518,0.0021504005928330017,tension,1.1666666666666667
M098-L02-P01,98,bottom_chord,2,1,0.0,100.0,100.0,1200.0,85.0,0.0,1300.0,85.0,0.0,0.022579206224746518,0.0021504005928330017,tension,1.1666666666666667
M098-L03-P01,98,bottom_chord,3,1,0.0,100.0,100.0,1200.0,85.0,0.0,1300.0,85.0,0.0,0.022579206224746518,0.0021504005928330017,tension,1.1666666666666667
M098-L04-P01,98,bottom_chord,4,1,0.0,100.0,100.0,1200.0,85.0,0.0,1300.0,85.0,0.0,0.022579206224746518,0.0021504005928330017,tension,1.1666666666666667
M099-L01-P01,99,top_chord,1,1,0.0,100.0,100.0,1200.0,85.0,73.33333333333331,1300.0,85.0,73.33333333333331,-0.07225345991889509,-0.006881281897037628,compression,1.1666666666666667
M099-L02-P01,99,top_chord,2,1,0.0,100.0,100.0,1200.0,85.0,73.33333333333331,1300.0,85.0,73.33333333333331,-0.07225345991889509,-0.006881281897037628,compression,1.1666666666666667
M099-L03-P01,99,top_chord,3,1,0.0,100.0,100.0,1200.0,85.0,73.33333333333331,1300.0,85.0,73.33333333333331,-0.07225345991889509,-0.006881281897037628,compression,1.1666666666666667
M099-L04-P01,99,top_chord,4,1,0.0,100.0,100.0,1200.0,85.0,73.33333333333331,1300.0,85.0,73.33333333333331,-0.07225345991889509,-0.006881281897037628,compression,1.1666666666666667
M099-L05-P01,99,top_chord,5,1,0.0,100.0,100.0,1200.0,85.0,73.33333333333331,1300.0,85.0,73.33333333333331,-0.07225345991889509,-0.006881281897037628,compression,1.1666666666666667
M100-L01-P01,100,vertical,1,1,0.0,73.33333333333333,73.33333333333333,-100.0,85.0,0.0,-100.0,85.0,73.33333333333333,0.026164546674946967,0.0024918615880901874,tension,0.8555555555555555
M100-L02-P01,100,vertical,2,1,0.0,73.33333333333333,73.33333333333333,-100.0,85.0,0.0,-100.0,85.0,73.33333333333333,0.026164546674946967,0.0024918615880901874,tension,0.8555555555555555
M100-L03-P01,100,vertical,3,1,0.0,73.33333333333333,73.33333333333333,-100.0,85.0,0.0,-100.0,85.0,73.33333333333333,0.026164546674946967,0.0024918615880901874,tension,0.8555555555555555
M101-L01-P01,101,vertical,1,1,0.0,73.33333333333333,73.33333333333333,0.0,85.0,0.0,0.0,85.0,73.33333333333333,-66.11368815667063,-6.296541729206727,compression,0.8555555555555555
M101-L02-P01,101,vertical,2,1,0.0,73.33333333333333,73.33333333333333,0.0,85.0,0.0,0.0,85.0,73.33333333333333,-66.11368815667063,-6.296541729206727,compression,0.8555555555555555
M101-L03-P01,101,vertical,3,1,0.0,73.33333333333333,73.33333333333333,0.0,85.0,0.0,0.0,85.0,73.33333333333333,-66.11368815667063,-6.296541729206727,compression,0.8555555555555555
M102-L01-P01,102,vertical,1,1,0.0,110.0,110.0,100.0,85.0,0.0,100.0,85.0,110.0,-43.58907180582656,-4.151340171983482,compression,1.2833333333333334
M102-L02-P01,102,vertical,2,1,0.0,110.0,110.0,100.0,85.0,0.0,100.0,85.0,110.0,-43.58907180582656,-4.151340171983482,compression,1.2833333333333334
M102-L03-P01,102,vertical,3,1,0.0,110.0,110.0,100.0,85.0,0.0,100.0,85.0,110.0,-43.58907180582656,-4.151340171983482,compression,1.2833333333333334
M103-L01-P01,103,vertical,1,1,0.0,120.0,120.0,200.0,85.0,0.0,200.0,85.0,120.0,-32.043642552674626,-3.051775481207107,compression,1.4
M103-L01-P02,103,vertical,1,2,90.0,146.66666666666669,56.666666666666686,200.0,85.0,90.0,200.0,85.0,146.66666666666669,-32.043642552674626,-3.051775481207107,compression,0.6611111111111113
M103-L02-P01,103,vertical,2,1,0.0,120.0,120.0,200.0,85.0,0.0,200.0,85.0,120.0,-32.043642552674626,-3.051775481207107,compression,1.4
M103-L02-P02,103,vertical,2,2,90.0,146.66666666666669,56.666666666666686,200.0,85.0,90.0,200.0,85.0,146.66666666666669,-32.043642552674626,-3.051775481207107,compression,0.6611111111111113
M103-L03-P01,103,vertical,3,1,0.0,120.0,120.0,200.0,85.0,0.0,200.0,85.0,120.0,-32.043642552674626,-3.051775481207107,compression,1.4
M103-L03-P02,103,vertical,3,2,90.0,146.66666666666669,56.666666666666686,200.0,85.0,90.0,200.0,85.0,146.66666666666669,-32.043642552674626,-3.051775481207107,compression,0.6611111111111113
M104-L01-P01,104,vertical,1,1,0.0,120.0,120.0,300.0,85.0,0.0,300.0,85.0,120.0,-24.88422950179877,-2.3699266192189308,compression,1.4
M104-L01-P02,104,vertical,1,2,90.0,183.33333333333334,93.33333333333334,300.0,85.0,90.0,300.0,85.0,183.33333333333334,-24.88422950179877,-2.3699266192189308,compression,1.088888888888889
M104-L02-P01,104,vertical,2,1,0.0,120.0,120.0,300.0,85.0,0.0,300.0,85.0,120.0,-24.88422950179877,-2.3699266192189308,compression,1.4
M104-L02-P02,104,vertical,2,2,90.0,183.33333333333334,93.33333333333334,300.0,85.0,90.0,300.0,85.0,183.33333333333334,-24.88422950179877,-2.3699266192189308,compression,1.088888888888889
M104-L03-P01,104,vertical,3,1,0.0,120.0,120.0,300.0,85.0,0.0,300.0,85.0,120.0,-24.88422950179877,-2.3699266192189308,compression,1.4
M104-L03-P02,104,vertical,3,2,90.0,183.33333333333334,93.33333333333334,300.0,85.0,90.0,300.0,85.0,183.33333333333334,-24.88422950179877,-2.3699266192189308,compression,1.088888888888889
M105-L01-P01,105,vertical,1,1,0.0,120.0,120.0,400.0,85.0,0.0,400.0,85.0,120.0,-20.17734029809185,-1.9216514569611285,compression,1.4
M105-L01-P02,105,vertical,1,2,90.0,210.0,120.0,400.0,85.0,90.0,400.0,85.0,210.0,-20.17734029809185,-1.9216514569611285,compression,1.4
M105-L01-P03,105,vertical,1,3,180.0,220.0,40.0,400.0,85.0,180.0,400.0,85.0,220.0,-20.17734029809185,-1.9216514569611285,compression,0.4666666666666667
M105-L02-P01,105,vertical,2,1,0.0,120.0,120.0,400.0,85.0,0.0,400.0,85.0,120.0,-20.17734029809185,-1.9216514569611285,compression,1.4
M105-L02-P02,105,vertical,2,2,90.0,210.0,120.0,400.0,85.0,90.0,400.0,85.0,210.0,-20.17734029809185,-1.9216514569611285,compression,1.4
M105-L02-P03,105,vertical,2,3,180.0,220.0,40.0,400.0,85.0,180.0,400.0,85.0,220.0,-20.17734029809185,-1.9216514569611285,compression,0.4666666666666667
M105-L03-P01,105,vertical,3,1,0.0,120.0,120.0,400.0,85.0,0.0,400.0,85.0,120.0,-20.17734029809185,-1.9216514569611285,compression,1.4
M105-L03-P02,105,vertical,3,2,90.0,210.0,120.0,400.0,85.0,90.0,400.0,85.0,210.0,-20.17734029809185,-1.9216514569611285,compression,1.4
M105-L03-P03,105,vertical,3,3,180.0,220.0,40.0,400.0,85.0,180.0,400.0,85.0,220.0,-20.17734029809185,-1.9216514569611285,compression,0.4666666666666667
M106-L01-P01,106,vertical,1,1,0.0,120.0,120.0,500.0,85.0,0.0,500.0,85.0,120.0,-36.48041000921331,-3.47432476278222,compression,1.4
M106-L01-P02,106,vertical,1,2,90.0,210.0,120.0,500.0,85.0,90.0,500.0,85.0,210.0,-36.48041000921331,-3.47432476278222,compression,1.4
M106-L01-P03,106,vertical,1,3,180.0,220.0,40.0,500.0,85.0,180.0,500.0,85.0,220.0,-36.48041000921331,-3.47432476278222,compression,0.4666666666666667
M106-L02-P01,106,vertical,2,1,0.0,120.0,120.0,500.0,85.0,0.0,500.0,85.0,120.0,-36.48041000921331,-3.47432476278222,compression,1.4
M106-L02-P02,106,vertical,2,2,90.0,210.0,120.0,500.0,85.0,90.0,500.0,85.0,210.0,-36.48041000921331,-3.47432476278222,compression,1.4
M106-L02-P03,106,vertical,2,3,180.0,220.0,40.0,500.0,85.0,180.0,500.0,85.0,220.0,-36.48041000921331,-3.47432476278222,compression,0.4666666666666667
M106-L03-P01,106,vertical,3,1,0.0,120.0,120.0,500.0,85.0,0.0,500.0,85.0,120.0,-36.48041000921331,-3.47432476278222,compression,1.4
M106-L03-P02,106,vertical,3,2,90.0,210.0,120.0,500.0,85.0,90.0,500.0,85.0,210.0,-36.48041000921331,-3.47432476278222,compression,1.4
M106-L03-P03,106,vertical,3,3,180.0,220.0,40.0,500.0,85.0,180.0,500.0,85.0,220.0,-36.48041000921331,-3.47432476278222,compression,0.4666666666666667
M107-L01-P01,107,vertical,1,1,0.0,120.0,120.0,600.0,85.0,0.0,600.0,85.0,120.0,-25.62247248853345,-2.4402354750984236,compression,1.4
M107-L01-P02,107,vertical,1,2,90.0,210.0,120.0,600.0,85.0,90.0,600.0,85.0,210.0,-25.62247248853345,-2.4402354750984236,compression,1.4
M107-L01-P03,107,vertical,1,3,180.0,220.0,40.0,600.0,85.0,180.0,600.0,85.0,220.0,-25.62247248853345,-2.4402354750984236,compression,0.4666666666666667
M107-L02-P01,107,vertical,2,1,0.0,120.0,120.0,600.0,85.0,0.0,600.0,85.0,120.0,-25.62247248853345,-2.4402354750984236,compression,1.4
M107-L02-P02,107,vertical,2,2,90.0,210.0,120.0,600.0,85.0,90.0,600.0,85.0,210.0,-25.62247248853345,-2.4402354750984236,compression,1.4
M107-L02-P03,107,vertical,2,3,180.0,220.0,40.0,600.0,85.0,180.0,600.0,85.0,220.0,-25.62247248853345,-2.4402354750984236,compression,0.4666666666666667
M107-L03-P01,107,vertical,3,1,0.0,120.0,120.0,600.0,85.0,0.0,600.0,85.0,120.0,-25.62247248853345,-2.4402354750984236,compression,1.4
M107-L03-P02,107,vertical,3,2,90.0,210.0,120.0,600.0,85.0,90.0,600.0,85.0,210.0,-25.62247248853345,-2.4402354750984236,compression,1.4
M107-L03-P03,107,vertical,3,3,180.0,220.0,40.0,600.0,85.0,180.0,600.0,85.0,220.0,-25.62247248853345,-2.4402354750984236,compression,0.4666666666666667
M108-L01-P01,108,vertical,1,1,0.0,120.0,120.0,700.0,85.0,0.0,700.0,85.0,120.0,-40.387014418816996,-3.8463823256016187,compression,1.4
M108-L01-P02,108,vertical,1,2,90.0,210.0,120.0,700.0,85.0,90.0,700.0,85.0,210.0,-40.387014418816996,-3.8463823256016187,compression,1.4
M108-L01-P03,108,vertical,1,3,180.0,220.0,40.0,700.0,85.0,180.0,700.0,85.0,220.0,-40.387014418816996,-3.8463823256016187,compression,0.4666666666666667
M108-L02-P01,108,vertical,2,1,0.0,120.0,120.0,700.0,85.0,0.0,700.0,85.0,120.0,-40.387014418816996,-3.8463823256016187,compression,1.4
M108-L02-P02,108,vertical,2,2,90.0,210.0,120.0,700.0,85.0,90.0,700.0,85.0,210.0,-40.387014418816996,-3.8463823256016187,compression,1.4
M108-L02-P03,108,vertical,2,3,180.0,220.0,40.0,700.0,85.0,180.0,700.0,85.0,220.0,-40.387014418816996,-3.8463823256016187,compression,0.4666666666666667
M108-L03-P01,108,vertical,3,1,0.0,120.0,120.0,700.0,85.0,0.0,700.0,85.0,120.0,-40.387014418816996,-3.8463823256016187,compression,1.4
M108-L03-P02,108,vertical,3,2,90.0,210.0,120.0,700.0,85.0,90.0,700.0,85.0,210.0,-40.387014418816996,-3.8463823256016187,compression,1.4
M108-L03-P03,108,vertical,3,3,180.0,220.0,40.0,700.0,85.0,180.0,700.0,85.0,220.0,-40.387014418816996,-3.8463823256016187,compression,0.4666666666666667
M109-L01-P01,109,vertical,1,1,0.0,120.0,120.0,800.0,85.0,0.0,800.0,85.0,120.0,-22.52698266847986,-2.1454269208076058,compression,1.4
M109-L01-P02,109,vertical,1,2,90.0,210.0,120.0,800.0,85.0,90.0,800.0,85.0,210.0,-22.52698266847986,-2.1454269208076058,compression,1.4
M109-L01-P03,109,vertical,1,3,180.0,220.0,40.0,800.0,85.0,180.0,800.0,85.0,220.0,-22.52698266847986,-2.1454269208076058,compression,0.4666666666666667
M109-L02-P01,109,vertical,2,1,0.0,120.0,120.0,800.0,85.0,0.0,800.0,85.0,120.0,-22.52698266847986,-2.1454269208076058,compression,1.4
M109-L02-P02,109,vertical,2,2,90.0,210.0,120.0,800.0,85.0,90.0,800.0,85.0,210.0,-22.52698266847986,-2.1454269208076058,compression,1.4
M109-L02-P03,109,vertical,2,3,180.0,220.0,40.0,800.0,85.0,180.0,800.0,85.0,220.0,-22.52698266847986,-2.1454269208076058,compression,0.4666666666666667
M109-L03-P01,109,vertical,3,1,0.0,120.0,120.0,800.0,85.0,0.0,800.0,85.0,120.0,-22.52698266847986,-2.1454269208076058,compression,1.4
M109-L03-P02,109,vertical,3,2,90.0,210.0,120.0,800.0,85.0,90.0,800.0,85.0,210.0,-22.52698266847986,-2.1454269208076058,compression,1.4
M109-L03-P03,109,vertical,3,3,180.0,220.0,40.0,800.0,85.0,180.0,800.0,85.0,220.0,-22.52698266847986,-2.1454269208076058,compression,0.4666666666666667
M110-L01-P01,110,vertical,1,1,0.0,120.0,120.0,900.0,85.0,0.0,900.0,85.0,120.0,-27.955009690904458,-2.662381875324234,compression,1.4
M110-L01-P02,110,vertical,1,2,90.0,183.33333333333331,93.33333333333331,900.0,85.0,90.0,900.0,85.0,183.33333333333331,-27.955009690904458,-2.662381875324234,compression,1.0888888888888886
M110-L02-P01,110,vertical,2,1,0.0,120.0,120.0,900.0,85.0,0.0,900.0,85.0,120.0,-27.955009690904458,-2.662381875324234,compression,1.4
M110-L02-P02,110,vertical,2,2,90.0,183.33333333333331,93.33333333333331,900.0,85.0,90.0,900.0,85.0,183.33333333333331,-27.955009690904458,-2.662381875324234,compression,1.0888888888888886
M110-L03-P01,110,vertical,3,1,0.0,120.0,120.0,900.0,85.0,0.0,900.0,85.0,120.0,-27.955009690904458,-2.662381875324234,compression,1.4
M110-L03-P02,110,vertical,3,2,90.0,183.33333333333331,93.33333333333331,900.0,85.0,90.0,900.0,85.0,183.33333333333331,-27.955009690904458,-2.662381875324234,compression,1.0888888888888886
M111-L01-P01,111,vertical,1,1,0.0,120.0,120.0,1000.0,85.0,0.0,1000.0,85.0,120.0,-36.28984601977809,-3.4561758114074372,compression,1.4
M111-L01-P02,111,vertical,1,2,90.0,146.66666666666666,56.66666666666666,1000.0,85.0,90.0,1000.0,85.0,146.66666666666666,-36.28984601977809,-3.4561758114074372,compression,0.661111111111111
M111-L02-P01,111,vertical,2,1,0.0,120.0,120.0,1000.0,85.0,0.0,1000.0,85.0,120.0,-36.28984601977809,-3.4561758114074372,compression,1.4
M111-L02-P02,111,vertical,2,2,90.0,146.66666666666666,56.66666666666666,1000.0,85.0,90.0,1000.0,85.0,146.66666666666666,-36.28984601977809,-3.4561758114074372,compression,0.661111111111111
M111-L03-P01,111,vertical,3,1,0.0,120.0,120.0,1000.0,85.0,0.0,1000.0,85.0,120.0,-36.28984601977809,-3.4561758114074372,compression,1.4
M111-L03-P02,111,vertical,3,2,90.0,146.66666666666666,56.66666666666666,1000.0,85.0,90.0,1000.0,85.0,146.66666666666666,-36.28984601977809,-3.4561758114074372,compression,0.661111111111111
M112-L01-P01,112,vertical,1,1,0.0,109.99999999999999,109.99999999999999,1100.0,85.0,0.0,1100.0,85.0,109.99999999999999,-50.594140595030346,-4.81848958047908,compression,1.283333333333333
M112-L02-P01,112,vertical,2,1,0.0,109.99999999999999,109.99999999999999,1100.0,85.0,0.0,1100.0,85.0,109.99999999999999,-50.594140595030346,-4.81848958047908,compression,1.283333333333333
M112-L03-P01,112,vertical,3,1,0.0,109.99999999999999,109.99999999999999,1100.0,85.0,0.0,1100.0,85.0,109.99999999999999,-50.594140595030346,-4.81848958047908,compression,1.283333333333333
M113-L01-P01,113,vertical,1,1,0.0,73.33333333333331,73.33333333333331,1200.0,85.0,0.0,1200.0,85.0,73.33333333333331,-78.8212225518569,-7.506783100176849,compression,0.8555555555555553
M113-L02-P01,113,vertical,2,1,0.0,73.33333333333331,73.33333333333331,1200.0,85.0,0.0,1200.0,85.0,73.33333333333331,-78.8212225518569,-7.506783100176849,compression,0.8555555555555553
M113-L03-P01,113,vertical,3,1,0.0,73.33333333333331,73.33333333333331,1200.0,85.0,0.0,1200.0,85.0,73.33333333333331,-78.8212225518569,-7.506783100176849,compression,0.8555555555555553
M114-L01-P01,114,vertical,1,1,0.0,73.33333333333331,73.33333333333331,1300.0,85.0,0.0,1300.0,85.0,73.33333333333331,-0.022077446086383637,-0.0021026139129889177,compression,0.8555555555555553
M114-L02-P01,114,vertical,2,1,0.0,73.33333333333331,73.33333333333331,1300.0,85.0,0.0,1300.0,85.0,73.33333333333331,-0.022077446086383637,-0.0021026139129889177,compression,0.8555555555555553
M114-L03-P01,114,vertical,3,1,0.0,73.33333333333331,73.33333333333331,1300.0,85.0,0.0,1300.0,85.0,73.33333333333331,-0.022077446086383637,-0.0021026139129889177,compression,0.8555555555555553
M115-L01-P01,115,diagonal,1,1,0.0,120.0,120.0,-100.0,85.0,73.33333333333333,-3.2314004973153345,85.0,2.3696936980312415,-0.05724276615429905,-0.005451692014695148,compression,1.4
M115-L01-P02,115,diagonal,1,2,90.0,124.0071682515885,34.007168251588496,-27.423550372986497,85.0,20.110603606856763,0.0,85.0,0.0,-0.05724276615429905,-0.005451692014695148,compression,0.3967502962685324
M115-L02-P01,115,diagonal,2,1,0.0,120.0,120.0,-100.0,85.0,73.33333333333333,-3.2314004973153345,85.0,2.3696936980312415,-0.05724276615429905,-0.005451692014695148,compression,1.4
M115-L02-P02,115,diagonal,2,2,90.0,124.0071682515885,34.007168251588496,-27.423550372986497,85.0,20.110603606856763,0.0,85.0,0.0,-0.05724276615429905,-0.005451692014695148,compression,0.3967502962685324
M115-L03-P01,115,diagonal,3,1,0.0,120.0,120.0,-100.0,85.0,73.33333333333333,-3.2314004973153345,85.0,2.3696936980312415,-0.05724276615429905,-0.005451692014695148,compression,1.4
M115-L03-P02,115,diagonal,3,2,90.0,124.0071682515885,34.007168251588496,-27.423550372986497,85.0,20.110603606856763,0.0,85.0,0.0,-0.05724276615429905,-0.005451692014695148,compression,0.3967502962685324
M116-L01-P01,116,chord_lacing,1,1,0.0,120.0,120.0,-100.0,85.0,73.33333333333333,-3.2314004973153345,85.0,2.3696936980312415,-0.05724276615429906,-0.005451692014695149,compression,1.4
M116-L01-P02,116,chord_lacing,1,2,90.0,124.0071682515885,34.007168251588496,-27.423550372986497,85.0,20.110603606856763,0.0,85.0,0.0,-0.05724276615429906,-0.005451692014695149,compression,0.3967502962685324
M117-L01-P01,117,diagonal,1,1,0.0,120.0,120.0,0.0,85.0,73.33333333333333,96.76859950268467,85.0,2.3696936980312415,57.17152917321757,5.444907540306436,tension,1.4
M117-L01-P02,117,diagonal,1,2,90.0,124.0071682515885,34.007168251588496,72.5764496270135,85.0,20.110603606856763,100.0,85.0,0.0,57.17152917321757,5.444907540306436,tension,0.3967502962685324
M117-L02-P01,117,diagonal,2,1,0.0,120.0,120.0,0.0,85.0,73.33333333333333,96.76859950268467,85.0,2.3696936980312415,57.17152917321757,5.444907540306436,tension,1.4
M117-L02-P02,117,diagonal,2,2,90.0,124.0071682515885,34.007168251588496,72.5764496270135,85.0,20.110603606856763,100.0,85.0,0.0,57.17152917321757,5.444907540306436,tension,0.3967502962685324
M117-L03-P01,117,diagonal,3,1,0.0,120.0,120.0,0.0,85.0,73.33333333333333,96.76859950268467,85.0,2.3696936980312415,57.17152917321757,5.444907540306436,tension,1.4
M117-L03-P02,117,diagonal,3,2,90.0,124.0071682515885,34.007168251588496,72.5764496270135,85.0,20.110603606856763,100.0,85.0,0.0,57.17152917321757,5.444907540306436,tension,0.3967502962685324
M118-L01-P01,118,chord_lacing,1,1,0.0,120.0,120.0,0.0,85.0,73.33333333333333,96.76859950268467,85.0,2.3696936980312415,57.17152917321757,5.444907540306436,tension,1.4
M118-L01-P02,118,chord_lacing,1,2,90.0,124.0071682515885,34.007168251588496,72.5764496270135,85.0,20.110603606856763,100.0,85.0,0.0,57.17152917321757,5.444907540306436,tension,0.3967502962685324
M119-L01-P01,119,diagonal,1,1,0.0,120.0,120.0,100.0,85.0,110.0,180.72073527955752,85.0,21.20719119248676,34.95632943864057,3.329174232251483,tension,1.4
M119-L01-P02,119,diagonal,1,2,90.0,148.66068747318505,58.66068747318505,160.54055145966814,85.0,43.40539339436506,200.0,85.0,0.0,34.95632943864057,3.329174232251483,tension,0.6843746871871589
M119-L02-P01,119,diagonal,2,1,0.0,120.0,120.0,100.0,85.0,110.0,180.72073527955752,85.0,21.20719119248676,34.95632943864057,3.329174232251483,tension,1.4
M119-L02-P02,119,diagonal,2,2,90.0,148.66068747318505,58.66068747318505,160.54055145966814,85.0,43.40539339436506,200.0,85.0,0.0,34.95632943864057,3.329174232251483,tension,0.6843746871871589
M119-L03-P01,119,diagonal,3,1,0.0,120.0,120.0,100.0,85.0,110.0,180.72073527955752,85.0,21.20719119248676,34.95632943864057,3.329174232251483,tension,1.4
M119-L03-P02,119,diagonal,3,2,90.0,148.66068747318505,58.66068747318505,160.54055145966814,85.0,43.40539339436506,200.0,85.0,0.0,34.95632943864057,3.329174232251483,tension,0.6843746871871589
M120-L01-P01,120,chord_lacing,1,1,0.0,120.0,120.0,100.0,85.0,110.0,180.72073527955752,85.0,21.20719119248676,34.95632943864057,3.329174232251483,tension,1.4
M120-L01-P02,120,chord_lacing,1,2,90.0,148.66068747318505,58.66068747318505,160.54055145966814,85.0,43.40539339436506,200.0,85.0,0.0,34.95632943864057,3.329174232251483,tension,0.6843746871871589
M121-L01-P01,121,diagonal,1,1,0.0,120.0,120.0,200.0,85.0,146.66666666666669,267.6004189569812,85.0,47.51938552976095,25.28363643694063,2.4079653749467265,tension,1.4
M121-L01-P02,121,diagonal,1,2,90.0,177.5136927425913,87.5136927425913,250.70031421773587,85.0,72.30620581398739,300.0,85.0,0.0,25.28363643694063,2.4079653749467265,tension,1.0209930819968984
M121-L02-P01,121,diagonal,2,1,0.0,120.0,120.0,200.0,85.0,146.66666666666669,267.6004189569812,85.0,47.51938552976095,25.28363643694063,2.4079653749467265,tension,1.4
M121-L02-P02,121,diagonal,2,2,90.0,177.5136927425913,87.5136927425913,250.70031421773587,85.0,72.30620581398739,300.0,85.0,0.0,25.28363643694063,2.4079653749467265,tension,1.0209930819968984
M121-L03-P01,121,diagonal,3,1,0.0,120.0,120.0,200.0,85.0,146.66666666666669,267.6004189569812,85.0,47.51938552976095,25.28363643694063,2.4079653749467265,tension,1.4
M121-L03-P02,121,diagonal,3,2,90.0,177.5136927425913,87.5136927425913,250.70031421773587,85.0,72.30620581398739,300.0,85.0,0.0,25.28363643694063,2.4079653749467265,tension,1.0209930819968984
M122-L01-P01,122,chord_lacing,1,1,0.0,120.0,120.0,200.0,85.0,146.66666666666669,267.6004189569812,85.0,47.51938552976095,25.283636436940633,2.407965374946727,tension,1.4
M122-L01-P02,122,chord_lacing,1,2,90.0,177.5136927425913,87.5136927425913,250.70031421773587,85.0,72.30620581398739,300.0,85.0,0.0,25.283636436940633,2.407965374946727,tension,1.0209930819968984
M123-L01-P01,123,diagonal,1,1,0.0,120.0,120.0,300.0,85.0,183.33333333333334,357.4622556816688,85.0,77.98586458360722,19.874279200994426,1.8927884953328025,tension,1.4
M123-L01-P02,123,diagonal,1,2,90.0,208.8327347690278,118.83273476902781,343.0966917612516,85.0,104.32273177103875,400.0,85.0,0.0,19.874279200994426,1.8927884953328025,tension,1.3863819056386577
M123-L02-P01,123,diagonal,2,1,0.0,120.0,120.0,300.0,85.0,183.33333333333334,357.4622556816688,85.0,77.98586458360722,19.874279200994426,1.8927884953328025,tension,1.4
M123-L02-P02,123,diagonal,2,2,90.0,208.8327347690278,118.83273476902781,343.0966917612516,85.0,104.32273177103875,400.0,85.0,0.0,19.874279200994426,1.8927884953328025,tension,1.3863819056386577
M123-L03-P01,123,diagonal,3,1,0.0,120.0,120.0,300.0,85.0,183.33333333333334,357.4622556816688,85.0,77.98586458360722,19.874279200994426,1.8927884953328025,tension,1.4
M123-L03-P02,123,diagonal,3,2,90.0,208.8327347690278,118.83273476902781,343.0966917612516,85.0,104.32273177103875,400.0,85.0,0.0,19.874279200994426,1.8927884953328025,tension,1.3863819056386577
M124-L01-P01,124,chord_lacing,1,1,0.0,120.0,120.0,300.0,85.0,183.33333333333334,357.4622556816688,85.0,77.98586458360722,19.874279200994426,1.8927884953328025,tension,1.4
M124-L01-P02,124,chord_lacing,1,2,90.0,208.8327347690278,118.83273476902781,343.0966917612516,85.0,104.32273177103875,400.0,85.0,0.0,19.874279200994426,1.8927884953328025,tension,1.3863819056386577
M125-L01-P01,125,diagonal,1,1,0.0,120.0,120.0,400.0,85.0,220.0,449.6563533161421,85.0,110.75602270448744,34.68971815758629,3.303782681674885,tension,1.4
M125-L01-P02,125,diagonal,1,2,90.0,210.0,120.0,437.2422649871066,85.0,138.06701702836557,486.89861830324867,85.0,28.823039732853005,34.68971815758629,3.303782681674885,tension,1.4
M125-L01-P03,125,diagonal,1,3,180.0,241.66091947189145,61.66091947189145,474.4845299742131,85.0,56.13403405673117,500.0,85.0,0.0,34.68971815758629,3.303782681674885,tension,0.7193773938387336
M125-L02-P01,125,diagonal,2,1,0.0,120.0,120.0,400.0,85.0,220.0,449.6563533161421,85.0,110.75602270448744,34.68971815758629,3.303782681674885,tension,1.4
M125-L02-P02,125,diagonal,2,2,90.0,210.0,120.0,437.2422649871066,85.0,138.06701702836557,486.89861830324867,85.0,28.823039732853005,34.68971815758629,3.303782681674885,tension,1.4
M125-L02-P03,125,diagonal,2,3,180.0,241.66091947189145,61.66091947189145,474.4845299742131,85.0,56.13403405673117,500.0,85.0,0.0,34.68971815758629,3.303782681674885,tension,0.7193773938387336
M125-L03-P01,125,diagonal,3,1,0.0,120.0,120.0,400.0,85.0,220.0,449.6563533161421,85.0,110.75602270448744,34.68971815758629,3.303782681674885,tension,1.4
M125-L03-P02,125,diagonal,3,2,90.0,210.0,120.0,437.2422649871066,85.0,138.06701702836557,486.89861830324867,85.0,28.823039732853005,34.68971815758629,3.303782681674885,tension,1.4
M125-L03-P03,125,diagonal,3,3,180.0,241.66091947189145,61.66091947189145,474.4845299742131,85.0,56.13403405673117,500.0,85.0,0.0,34.68971815758629,3.303782681674885,tension,0.7193773938387336
M126-L01-P01,126,chord_lacing,1,1,0.0,120.0,120.0,400.0,85.0,220.0,449.6563533161421,85.0,110.75602270448744,34.68971815758629,3.303782681674885,tension,1.4
M126-L01-P02,126,chord_lacing,1,2,90.0,210.0,120.0,437.2422649871066,85.0,138.06701702836557,486.89861830324867,85.0,28.823039732853005,34.68971815758629,3.303782681674885,tension,1.4
M126-L01-P03,126,chord_lacing,1,3,180.0,241.66091947189145,61.66091947189145,474.4845299742131,85.0,56.13403405673117,500.0,85.0,0.0,34.68971815758629,3.303782681674885,tension,0.7193773938387336
M127-L01-P01,127,diagonal,1,1,0.0,120.0,120.0,500.0,85.0,220.0,549.656353316142,85.0,110.75602270448744,10.566776805334586,1.006359695746151,tension,1.4
M127-L01-P02,127,diagonal,1,2,90.0,210.0,120.0,537.2422649871065,85.0,138.06701702836557,586.8986183032487,85.0,28.823039732853005,10.566776805334586,1.006359695746151,tension,1.4
M127-L01-P03,127,diagonal,1,3,180.0,241.66091947189145,61.66091947189145,574.4845299742132,85.0,56.13403405673117,600.0,85.0,0.0,10.566776805334586,1.006359695746151,tension,0.7193773938387336
M127-L02-P01,127,diagonal,2,1,0.0,120.0,120.0,500.0,85.0,220.0,549.656353316142,85.0,110.75602270448744,10.566776805334586,1.006359695746151,tension,1.4
M127-L02-P02,127,diagonal,2,2,90.0,210.0,120.0,537.2422649871065,85.0,138.06701702836557,586.8986183032487,85.0,28.823039732853005,10.566776805334586,1.006359695746151,tension,1.4
M127-L02-P03,127,diagonal,2,3,180.0,241.66091947189145,61.66091947189145,574.4845299742132,85.0,56.13403405673117,600.0,85.0,0.0,10.566776805334586,1.006359695746151,tension,0.7193773938387336
M127-L03-P01,127,diagonal,3,1,0.0,120.0,120.0,500.0,85.0,220.0,549.656353316142,85.0,110.75602270448744,10.566776805334586,1.006359695746151,tension,1.4
M127-L03-P02,127,diagonal,3,2,90.0,210.0,120.0,537.2422649871065,85.0,138.06701702836557,586.8986183032487,85.0,28.823039732853005,10.566776805334586,1.006359695746151,tension,1.4
M127-L03-P03,127,diagonal,3,3,180.0,241.66091947189145,61.66091947189145,574.4845299742132,85.0,56.13403405673117,600.0,85.0,0.0,10.566776805334586,1.006359695746151,tension,0.7193773938387336
M128-L01-P01,128,chord_lacing,1,1,0.0,120.0,120.0,500.0,85.0,220.0,549.656353316142,85.0,110.75602270448744,10.566776805334586,1.006359695746151,tension,1.4
M128-L01-P02,128,chord_lacing,1,2,90.0,210.0,120.0,537.2422649871065,85.0,138.06701702836557,586.8986183032487,85.0,28.823039732853005,10.566776805334586,1.006359695746151,tension,1.4
M128-L01-P03,128,chord_lacing,1,3,180.0,241.66091947189145,61.66091947189145,574.4845299742132,85.0,56.13403405673117,600.0,85.0,0.0,10.566776805334586,1.006359695746151,tension,0.7193773938387336
M129-L01-P01,129,diagonal,1,1,0.0,120.0,120.0,600.0,85.0,0.0,649.656353316142,85.0,109.24397729551256,13.67068767111713,1.3019702543921077,tension,1.4
M129-L01-P02,129,diagonal,1,2,90.0,210.0,120.0,637.2422649871065,85.0,81.93298297163442,686.8986183032487,85.0,191.176960267147,13.67068767111713,1.3019702543921077,tension,1.4
M129-L01-P03,129,diagonal,1,3,180.0,241.66091947189145,61.66091947189145,674.4845299742132,85.0,163.86596594326883,700.0,85.0,220.0,13.67068767111713,1.3019702543921077,tension,0.7193773938387336
M129-L02-P01,129,diagonal,2,1,0.0,120.0,120.0,600.0,85.0,0.0,649.656353316142,85.0,109.24397729551256,13.67068767111713,1.3019702543921077,tension,1.4
M129-L02-P02,129,diagonal,2,2,90.0,210.0,120.0,637.2422649871065,85.0,81.93298297163442,686.8986183032487,85.0,191.176960267147,13.67068767111713,1.3019702543921077,tension,1.4
M129-L02-P03,129,diagonal,2,3,180.0,241.66091947189145,61.66091947189145,674.4845299742132,85.0,163.86596594326883,700.0,85.0,220.0,13.67068767111713,1.3019702543921077,tension,0.7193773938387336
M129-L03-P01,129,diagonal,3,1,0.0,120.0,120.0,600.0,85.0,0.0,649.656353316142,85.0,109.24397729551256,13.67068767111713,1.3019702543921077,tension,1.4
M129-L03-P02,129,diagonal,3,2,90.0,210.0,120.0,637.2422649871065,85.0,81.93298297163442,686.8986183032487,85.0,191.176960267147,13.67068767111713,1.3019702543921077,tension,1.4
M129-L03-P03,129,diagonal,3,3,180.0,241.66091947189145,61.66091947189145,674.4845299742132,85.0,163.86596594326883,700.0,85.0,220.0,13.67068767111713,1.3019702543921077,tension,0.7193773938387336
M130-L01-P01,130,chord_lacing,1,1,0.0,120.0,120.0,600.0,85.0,0.0,649.656353316142,85.0,109.24397729551256,13.67068767111713,1.3019702543921077,tension,1.4
M130-L01-P02,130,chord_lacing,1,2,90.0,210.0,120.0,637.2422649871065,85.0,81.93298297163442,686.8986183032487,85.0,191.176960267147,13.67068767111713,1.3019702543921077,tension,1.4
M130-L01-P03,130,chord_lacing,1,3,180.0,241.66091947189145,61.66091947189145,674.4845299742132,85.0,163.86596594326883,700.0,85.0,220.0,13.67068767111713,1.3019702543921077,tension,0.7193773938387336
M131-L01-P01,131,diagonal,1,1,0.0,120.0,120.0,700.0,85.0,0.0,749.656353316142,85.0,109.24397729551256,38.02267283933385,3.6212069370794144,tension,1.4
M131-L01-P02,131,diagonal,1,2,90.0,210.0,120.0,737.2422649871065,85.0,81.93298297163442,786.8986183032487,85.0,191.176960267147,38.02267283933385,3.6212069370794144,tension,1.4
M131-L01-P03,131,diagonal,1,3,180.0,241.66091947189145,61.66091947189145,774.4845299742132,85.0,163.86596594326883,800.0,85.0,220.0,38.02267283933385,3.6212069370794144,tension,0.7193773938387336
M131-L02-P01,131,diagonal,2,1,0.0,120.0,120.0,700.0,85.0,0.0,749.656353316142,85.0,109.24397729551256,38.02267283933385,3.6212069370794144,tension,1.4
M131-L02-P02,131,diagonal,2,2,90.0,210.0,120.0,737.2422649871065,85.0,81.93298297163442,786.8986183032487,85.0,191.176960267147,38.02267283933385,3.6212069370794144,tension,1.4
M131-L02-P03,131,diagonal,2,3,180.0,241.66091947189145,61.66091947189145,774.4845299742132,85.0,163.86596594326883,800.0,85.0,220.0,38.02267283933385,3.6212069370794144,tension,0.7193773938387336
M131-L03-P01,131,diagonal,3,1,0.0,120.0,120.0,700.0,85.0,0.0,749.656353316142,85.0,109.24397729551256,38.02267283933385,3.6212069370794144,tension,1.4
M131-L03-P02,131,diagonal,3,2,90.0,210.0,120.0,737.2422649871065,85.0,81.93298297163442,786.8986183032487,85.0,191.176960267147,38.02267283933385,3.6212069370794144,tension,1.4
M131-L03-P03,131,diagonal,3,3,180.0,241.66091947189145,61.66091947189145,774.4845299742132,85.0,163.86596594326883,800.0,85.0,220.0,38.02267283933385,3.6212069370794144,tension,0.7193773938387336
M132-L01-P01,132,chord_lacing,1,1,0.0,120.0,120.0,700.0,85.0,0.0,749.656353316142,85.0,109.24397729551256,38.02267283933385,3.6212069370794144,tension,1.4
M132-L01-P02,132,chord_lacing,1,2,90.0,210.0,120.0,737.2422649871065,85.0,81.93298297163442,786.8986183032487,85.0,191.176960267147,38.02267283933385,3.6212069370794144,tension,1.4
M132-L01-P03,132,chord_lacing,1,3,180.0,241.66091947189145,61.66091947189145,774.4845299742132,85.0,163.86596594326883,800.0,85.0,220.0,38.02267283933385,3.6212069370794144,tension,0.7193773938387336
M133-L01-P01,133,diagonal,1,1,0.0,120.0,120.0,800.0,85.0,0.0,857.4622556816688,85.0,105.34746874972612,22.015798155688714,2.096742681494163,tension,1.4
M133-L01-P02,133,diagonal,1,2,90.0,208.83273476902778,118.83273476902778,843.0966917612516,85.0,79.0106015622946,900.0,85.0,183.33333333333331,22.015798155688714,2.096742681494163,tension,1.3863819056386573
M133-L02-P01,133,diagonal,2,1,0.0,120.0,120.0,800.0,85.0,0.0,857.4622556816688,85.0,105.34746874972612,22.015798155688714,2.096742681494163,tension,1.4
M133-L02-P02,133,diagonal,2,2,90.0,208.83273476902778,118.83273476902778,843.0966917612516,85.0,79.0106015622946,900.0,85.0,183.33333333333331,22.015798155688714,2.096742681494163,tension,1.3863819056386573
M133-L03-P01,133,diagonal,3,1,0.0,120.0,120.0,800.0,85.0,0.0,857.4622556816688,85.0,105.34746874972612,22.015798155688714,2.096742681494163,tension,1.4
M133-L03-P02,133,diagonal,3,2,90.0,208.83273476902778,118.83273476902778,843.0966917612516,85.0,79.0106015622946,900.0,85.0,183.33333333333331,22.015798155688714,2.096742681494163,tension,1.3863819056386573
M134-L01-P01,134,chord_lacing,1,1,0.0,120.0,120.0,800.0,85.0,0.0,857.4622556816688,85.0,105.34746874972612,22.015798155688714,2.096742681494163,tension,1.4
M134-L01-P02,134,chord_lacing,1,2,90.0,208.83273476902778,118.83273476902778,843.0966917612516,85.0,79.0106015622946,900.0,85.0,183.33333333333331,22.015798155688714,2.096742681494163,tension,1.3863819056386573
M135-L01-P01,135,diagonal,1,1,0.0,120.0,120.0,900.0,85.0,0.0,967.6004189569812,85.0,99.14728113690572,28.128052435214688,2.6788621366871133,tension,1.4
M135-L01-P02,135,diagonal,1,2,90.0,177.5136927425913,87.5136927425913,950.7003142177359,85.0,74.36046085267928,1000.0,85.0,146.66666666666666,28.128052435214688,2.6788621366871133,tension,1.0209930819968984
M135-L02-P01,135,diagonal,2,1,0.0,120.0,120.0,900.0,85.0,0.0,967.6004189569812,85.0,99.14728113690572,28.128052435214688,2.6788621366871133,tension,1.4
M135-L02-P02,135,diagonal,2,2,90.0,177.5136927425913,87.5136927425913,950.7003142177359,85.0,74.36046085267928,1000.0,85.0,146.66666666666666,28.128052435214688,2.6788621366871133,tension,1.0209930819968984
M135-L03-P01,135,diagonal,3,1,0.0,120.0,120.0,900.0,85.0,0.0,967.6004189569812,85.0,99.14728113690572,28.128052435214688,2.6788621366871133,tension,1.4
M135-L03-P02,135,diagonal,3,2,90.0,177.5136927425913,87.5136927425913,950.7003142177359,85.0,74.36046085267928,1000.0,85.0,146.66666666666666,28.128052435214688,2.6788621366871133,tension,1.0209930819968984
M136-L01-P01,136,chord_lacing,1,1,0.0,120.0,120.0,900.0,85.0,0.0,967.6004189569812,85.0,99.14728113690572,28.12805243521469,2.6788621366871133,tension,1.4
M136-L01-P02,136,chord_lacing,1,2,90.0,177.5136927425913,87.5136927425913,950.7003142177359,85.0,74.36046085267928,1000.0,85.0,146.66666666666666,28.12805243521469,2.6788621366871133,tension,1.0209930819968984
M137-L01-P01,137,diagonal,1,1,0.0,120.0,120.0,1000.0,85.0,0.0,1080.7207352795574,85.0,88.79280880751324,39.59405279478944,3.7708621709323276,tension,1.4
M137-L01-P02,137,diagonal,1,2,90.0,148.66068747318505,58.66068747318505,1060.5405514596682,85.0,66.59460660563494,1100.0,85.0,110.0,39.59405279478944,3.7708621709323276,tension,0.6843746871871589
M137-L02-P01,137,diagonal,2,1,0.0,120.0,120.0,1000.0,85.0,0.0,1080.7207352795574,85.0,88.79280880751324,39.59405279478944,3.7708621709323276,tension,1.4
M137-L02-P02,137,diagonal,2,2,90.0,148.66068747318505,58.66068747318505,1060.5405514596682,85.0,66.59460660563494,1100.0,85.0,110.0,39.59405279478944,3.7708621709323276,tension,0.6843746871871589
M137-L03-P01,137,diagonal,3,1,0.0,120.0,120.0,1000.0,85.0,0.0,1080.7207352795574,85.0,88.79280880751324,39.59405279478944,3.7708621709323276,tension,1.4
M137-L03-P02,137,diagonal,3,2,90.0,148.66068747318505,58.66068747318505,1060.5405514596682,85.0,66.59460660563494,1100.0,85.0,110.0,39.59405279478944,3.7708621709323276,tension,0.6843746871871589
M138-L01-P01,138,chord_lacing,1,1,0.0,120.0,120.0,1000.0,85.0,0.0,1080.7207352795574,85.0,88.79280880751324,39.59405279478944,3.7708621709323276,tension,1.4
M138-L01-P02,138,chord_lacing,1,2,90.0,148.66068747318505,58.66068747318505,1060.5405514596682,85.0,66.59460660563494,1100.0,85.0,110.0,39.59405279478944,3.7708621709323276,tension,0.6843746871871589
M139-L01-P01,139,diagonal,1,1,0.0,120.0,120.0,1100.0,85.0,0.0,1196.7685995026848,85.0,70.96363963530209,67.20272836239094,6.400259844037232,tension,1.4
M139-L01-P02,139,diagonal,1,2,90.0,124.00716825158848,34.00716825158848,1172.5764496270135,85.0,53.222729726476565,1200.0,85.0,73.33333333333331,67.20272836239094,6.400259844037232,tension,0.39675029626853225
M139-L02-P01,139,diagonal,2,1,0.0,120.0,120.0,1100.0,85.0,0.0,1196.7685995026848,85.0,70.96363963530209,67.20272836239094,6.400259844037232,tension,1.4
M139-L02-P02,139,diagonal,2,2,90.0,124.00716825158848,34.00716825158848,1172.5764496270135,85.0,53.222729726476565,1200.0,85.0,73.33333333333331,67.20272836239094,6.400259844037232,tension,0.39675029626853225
M139-L03-P01,139,diagonal,3,1,0.0,120.0,120.0,1100.0,85.0,0.0,1196.7685995026848,85.0,70.96363963530209,67.20272836239094,6.400259844037232,tension,1.4
M139-L03-P02,139,diagonal,3,2,90.0,124.00716825158848,34.00716825158848,1172.5764496270135,85.0,53.222729726476565,1200.0,85.0,73.33333333333331,67.20272836239094,6.400259844037232,tension,0.39675029626853225
M140-L01-P01,140,chord_lacing,1,1,0.0,120.0,120.0,1100.0,85.0,0.0,1196.7685995026848,85.0,70.96363963530209,67.20272836239094,6.400259844037232,tension,1.4
M140-L01-P02,140,chord_lacing,1,2,90.0,124.00716825158848,34.00716825158848,1172.5764496270135,85.0,53.222729726476565,1200.0,85.0,73.33333333333331,67.20272836239094,6.400259844037232,tension,0.39675029626853225
M141-L01-P01,141,diagonal,1,1,0.0,120.0,120.0,1200.0,85.0,0.0,1296.7685995026848,85.0,70.96363963530209,0.05599966850592971,0.005333301762469496,tension,1.4
M141-L01-P02,141,diagonal,1,2,90.0,124.00716825158848,34.00716825158848,1272.5764496270135,85.0,53.222729726476565,1300.0,85.0,73.33333333333331,0.05599966850592971,0.005333301762469496,tension,0.39675029626853225
M141-L02-P01,141,diagonal,2,1,0.0,120.0,120.0,1200.0,85.0,0.0,1296.7685995026848,85.0,70.96363963530209,0.05599966850592971,0.005333301762469496,tension,1.4
M141-L02-P02,141,diagonal,2,2,90.0,124.00716825158848,34.00716825158848,1272.5764496270135,85.0,53.222729726476565,1300.0,85.0,73.33333333333331,0.05599966850592971,0.005333301762469496,tension,0.39675029626853225
M141-L03-P01,141,diagonal,3,1,0.0,120.0,120.0,1200.0,85.0,0.0,1296.7685995026848,85.0,70.96363963530209,0.05599966850592971,0.005333301762469496,tension,1.4
M141-L03-P02,141,diagonal,3,2,90.0,124.00716825158848,34.00716825158848,1272.5764496270135,85.0,53.222729726476565,1300.0,85.0,73.33333333333331,0.05599966850592971,0.005333301762469496,tension,0.39675029626853225
M142-L01-P01,142,chord_lacing,1,1,0.0,120.0,120.0,1200.0,85.0,0.0,1296.7685995026848,85.0,70.96363963530209,0.05599966850592971,0.005333301762469496,tension,1.4
M142-L01-P02,142,chord_lacing,1,2,90.0,124.00716825158848,34.00716825158848,1272.5764496270135,85.0,53.222729726476565,1300.0,85.0,73.33333333333331,0.05599966850592971,0.005333301762469496,tension,0.39675029626853225
M143-L01-P01,143,bottom_transverse,1,1,0.0,120.0,120.0,-100.0,-85.0,0.0,-100.0,35.0,0.0,0.0,0.0,tension,1.4
M143-L01-P02,143,bottom_transverse,1,2,90.0,170.0,80.0,-100.0,5.0,0.0,-100.0,85.0,0.0,0.0,0.0,tension,0.9333333333333333
M143-L02-P01,143,bottom_transverse,2,1,0.0,120.0,120.0,-100.0,-85.0,0.0,-100.0,35.0,0.0,0.0,0.0,tension,1.4
M143-L02-P02,143,bottom_transverse,2,2,90.0,170.0,80.0,-100.0,5.0,0.0,-100.0,85.0,0.0,0.0,0.0,tension,0.9333333333333333
M144-L01-P01,144,top_transverse,1,1,0.0,120.0,120.0,-100.0,-85.0,73.33333333333333,-100.0,35.0,73.33333333333333,-0.06596563427717295,-0.006282441359730757,compression,1.4
M144-L01-P02,144,top_transverse,1,2,90.0,170.0,80.0,-100.0,5.0,73.33333333333333,-100.0,85.0,73.33333333333333,-0.06596563427717295,-0.006282441359730757,compression,0.9333333333333333
M144-L02-P01,144,top_transverse,2,1,0.0,120.0,120.0,-100.0,-85.0,73.33333333333333,-100.0,35.0,73.33333333333333,-0.06596563427717295,-0.006282441359730757,compression,1.4
M144-L02-P02,144,top_transverse,2,2,90.0,170.0,80.0,-100.0,5.0,73.33333333333333,-100.0,85.0,73.33333333333333,-0.06596563427717295,-0.006282441359730757,compression,0.9333333333333333
M145-L01-P01,145,bottom_transverse,1,1,0.0,120.0,120.0,0.0,-85.0,0.0,0.0,35.0,0.0,2.6080557315914175,0.24838626015156356,tension,1.4
M145-L01-P02,145,bottom_transverse,1,2,90.0,170.0,80.0,0.0,5.0,0.0,0.0,85.0,0.0,2.6080557315914175,0.24838626015156356,tension,0.9333333333333333
M145-L02-P01,145,bottom_transverse,2,1,0.0,120.0,120.0,0.0,-85.0,0.0,0.0,35.0,0.0,2.6080557315914175,0.24838626015156356,tension,1.4
M145-L02-P02,145,bottom_transverse,2,2,90.0,170.0,80.0,0.0,5.0,0.0,0.0,85.0,0.0,2.6080557315914175,0.24838626015156356,tension,0.9333333333333333
M146-L01-P01,146,top_transverse,1,1,0.0,120.0,120.0,0.0,-85.0,73.33333333333333,0.0,35.0,73.33333333333333,4.918155880256087,0.46839579811962734,tension,1.4
M146-L01-P02,146,top_transverse,1,2,90.0,170.0,80.0,0.0,5.0,73.33333333333333,0.0,85.0,73.33333333333333,4.918155880256087,0.46839579811962734,tension,0.9333333333333333
M146-L02-P01,146,top_transverse,2,1,0.0,120.0,120.0,0.0,-85.0,73.33333333333333,0.0,35.0,73.33333333333333,4.918155880256087,0.46839579811962734,tension,1.4
M146-L02-P02,146,top_transverse,2,2,90.0,170.0,80.0,0.0,5.0,73.33333333333333,0.0,85.0,73.33333333333333,4.918155880256087,0.46839579811962734,tension,0.9333333333333333
M147-L01-P01,147,bottom_transverse,1,1,0.0,120.0,120.0,100.0,-85.0,0.0,100.0,35.0,0.0,0.9866145117124795,0.09396328682975995,tension,1.4
M147-L01-P02,147,bottom_transverse,1,2,90.0,170.0,80.0,100.0,5.0,0.0,100.0,85.0,0.0,0.9866145117124795,0.09396328682975995,tension,0.9333333333333333
M147-L02-P01,147,bottom_transverse,2,1,0.0,120.0,120.0,100.0,-85.0,0.0,100.0,35.0,0.0,0.9866145117124795,0.09396328682975995,tension,1.4
M147-L02-P02,147,bottom_transverse,2,2,90.0,170.0,80.0,100.0,5.0,0.0,100.0,85.0,0.0,0.9866145117124795,0.09396328682975995,tension,0.9333333333333333
M148-L01-P01,148,top_transverse,1,1,0.0,120.0,120.0,100.0,-85.0,110.0,100.0,35.0,110.0,8.01723210326154,0.7635459145963371,tension,1.4
M148-L01-P02,148,top_transverse,1,2,90.0,170.0,80.0,100.0,5.0,110.0,100.0,85.0,110.0,8.01723210326154,0.7635459145963371,tension,0.9333333333333333
M148-L02-P01,148,top_transverse,2,1,0.0,120.0,120.0,100.0,-85.0,110.0,100.0,35.0,110.0,8.01723210326154,0.7635459145963371,tension,1.4
M148-L02-P02,148,top_transverse,2,2,90.0,170.0,80.0,100.0,5.0,110.0,100.0,85.0,110.0,8.01723210326154,0.7635459145963371,tension,0.9333333333333333
M149-L01-P01,149,bottom_transverse,1,1,0.0,120.0,120.0,200.0,-85.0,0.0,200.0,35.0,0.0,-0.3146746415464543,-0.029969013480614697,compression,1.4
M149-L01-P02,149,bottom_transverse,1,2,90.0,170.0,80.0,200.0,5.0,0.0,200.0,85.0,0.0,-0.3146746415464543,-0.029969013480614697,compression,0.9333333333333333
M149-L02-P01,149,bottom_transverse,2,1,0.0,120.0,120.0,200.0,-85.0,0.0,200.0,35.0,0.0,-0.3146746415464543,-0.029969013480614697,compression,1.4
M149-L02-P02,149,bottom_transverse,2,2,90.0,170.0,80.0,200.0,5.0,0.0,200.0,85.0,0.0,-0.3146746415464543,-0.029969013480614697,compression,0.9333333333333333
M150-L01-P01,150,top_transverse,1,1,0.0,120.0,120.0,200.0,-85.0,146.66666666666669,200.0,35.0,146.66666666666669,9.384943108138096,0.8938041055369614,tension,1.4
M150-L01-P02,150,top_transverse,1,2,90.0,170.0,80.0,200.0,5.0,146.66666666666669,200.0,85.0,146.66666666666669,9.384943108138096,0.8938041055369614,tension,0.9333333333333333
M150-L02-P01,150,top_transverse,2,1,0.0,120.0,120.0,200.0,-85.0,146.66666666666669,200.0,35.0,146.66666666666669,9.384943108138096,0.8938041055369614,tension,1.4
M150-L02-P02,150,top_transverse,2,2,90.0,170.0,80.0,200.0,5.0,146.66666666666669,200.0,85.0,146.66666666666669,9.384943108138096,0.8938041055369614,tension,0.9333333333333333
M151-L01-P01,151,bottom_transverse,1,1,0.0,120.0,120.0,300.0,-85.0,0.0,300.0,35.0,0.0,-1.006234813059131,-0.09583188695801248,compression,1.4
M151-L01-P02,151,bottom_transverse,1,2,90.0,170.0,80.0,300.0,5.0,0.0,300.0,85.0,0.0,-1.006234813059131,-0.09583188695801248,compression,0.9333333333333333
M151-L02-P01,151,bottom_transverse,2,1,0.0,120.0,120.0,300.0,-85.0,0.0,300.0,35.0,0.0,-1.006234813059131,-0.09583188695801248,compression,1.4
M151-L02-P02,151,bottom_transverse,2,2,90.0,170.0,80.0,300.0,5.0,0.0,300.0,85.0,0.0,-1.006234813059131,-0.09583188695801248,compression,0.9333333333333333
M152-L01-P01,152,top_transverse,1,1,0.0,120.0,120.0,300.0,-85.0,183.33333333333334,300.0,35.0,183.33333333333334,9.353057211169528,0.8907673534447169,tension,1.4
M152-L01-P02,152,top_transverse,1,2,90.0,170.0,80.0,300.0,5.0,183.33333333333334,300.0,85.0,183.33333333333334,9.353057211169528,0.8907673534447169,tension,0.9333333333333333
M152-L02-P01,152,top_transverse,2,1,0.0,120.0,120.0,300.0,-85.0,183.33333333333334,300.0,35.0,183.33333333333334,9.353057211169528,0.8907673534447169,tension,1.4
M152-L02-P02,152,top_transverse,2,2,90.0,170.0,80.0,300.0,5.0,183.33333333333334,300.0,85.0,183.33333333333334,9.353057211169528,0.8907673534447169,tension,0.9333333333333333
M153-L01-P01,153,bottom_transverse,1,1,0.0,120.0,120.0,400.0,-85.0,0.0,400.0,35.0,0.0,-1.6462338611753902,-0.15678417725479907,compression,1.4
M153-L01-P02,153,bottom_transverse,1,2,90.0,170.0,80.0,400.0,5.0,0.0,400.0,85.0,0.0,-1.6462338611753902,-0.15678417725479907,compression,0.9333333333333333
M153-L02-P01,153,bottom_transverse,2,1,0.0,120.0,120.0,400.0,-85.0,0.0,400.0,35.0,0.0,-1.6462338611753902,-0.15678417725479907,compression,1.4
M153-L02-P02,153,bottom_transverse,2,2,90.0,170.0,80.0,400.0,5.0,0.0,400.0,85.0,0.0,-1.6462338611753902,-0.15678417725479907,compression,0.9333333333333333
M154-L01-P01,154,top_transverse,1,1,0.0,120.0,120.0,400.0,-85.0,220.0,400.0,35.0,220.0,8.98228626490909,0.8554558347532467,tension,1.4
M154-L01-P02,154,top_transverse,1,2,90.0,170.0,80.0,400.0,5.0,220.0,400.0,85.0,220.0,8.98228626490909,0.8554558347532467,tension,0.9333333333333333
M154-L02-P01,154,top_transverse,2,1,0.0,120.0,120.0,400.0,-85.0,220.0,400.0,35.0,220.0,8.98228626490909,0.8554558347532467,tension,1.4
M154-L02-P02,154,top_transverse,2,2,90.0,170.0,80.0,400.0,5.0,220.0,400.0,85.0,220.0,8.98228626490909,0.8554558347532467,tension,0.9333333333333333
M155-L01-P01,155,bottom_transverse,1,1,0.0,120.0,120.0,500.0,-85.0,0.0,500.0,35.0,0.0,1.1166186269013478,0.1063446311334617,tension,1.4
M155-L01-P02,155,bottom_transverse,1,2,90.0,170.0,80.0,500.0,5.0,0.0,500.0,85.0,0.0,1.1166186269013478,0.1063446311334617,tension,0.9333333333333333
M155-L02-P01,155,bottom_transverse,2,1,0.0,120.0,120.0,500.0,-85.0,0.0,500.0,35.0,0.0,1.1166186269013478,0.1063446311334617,tension,1.4
M155-L02-P02,155,bottom_transverse,2,2,90.0,170.0,80.0,500.0,5.0,0.0,500.0,85.0,0.0,1.1166186269013478,0.1063446311334617,tension,0.9333333333333333
M156-L01-P01,156,top_transverse,1,1,0.0,120.0,120.0,500.0,-85.0,220.0,500.0,35.0,220.0,12.088275699819745,1.151264352363785,tension,1.4
M156-L01-P02,156,top_transverse,1,2,90.0,170.0,80.0,500.0,5.0,220.0,500.0,85.0,220.0,12.088275699819745,1.151264352363785,tension,0.9333333333333333
M156-L02-P01,156,top_transverse,2,1,0.0,120.0,120.0,500.0,-85.0,220.0,500.0,35.0,220.0,12.088275699819745,1.151264352363785,tension,1.4
M156-L02-P02,156,top_transverse,2,2,90.0,170.0,80.0,500.0,5.0,220.0,500.0,85.0,220.0,12.088275699819745,1.151264352363785,tension,0.9333333333333333
M157-L01-P01,157,bottom_transverse,1,1,0.0,120.0,120.0,600.0,-85.0,0.0,600.0,35.0,0.0,-1.1647405419485992,-0.11092767066177135,compression,1.4
M157-L01-P02,157,bottom_transverse,1,2,90.0,170.0,80.0,600.0,5.0,0.0,600.0,85.0,0.0,-1.1647405419485992,-0.11092767066177135,compression,0.9333333333333333
M157-L02-P01,157,bottom_transverse,2,1,0.0,120.0,120.0,600.0,-85.0,0.0,600.0,35.0,0.0,-1.1647405419485992,-0.11092767066177135,compression,1.4
M157-L02-P02,157,bottom_transverse,2,2,90.0,170.0,80.0,600.0,5.0,0.0,600.0,85.0,0.0,-1.1647405419485992,-0.11092767066177135,compression,0.9333333333333333
M158-L01-P01,158,top_transverse,1,1,0.0,120.0,120.0,600.0,-85.0,220.0,600.0,35.0,220.0,9.968003426429153,0.9493336596599193,tension,1.4
M158-L01-P02,158,top_transverse,1,2,90.0,170.0,80.0,600.0,5.0,220.0,600.0,85.0,220.0,9.968003426429153,0.9493336596599193,tension,0.9333333333333333
M158-L02-P01,158,top_transverse,2,1,0.0,120.0,120.0,600.0,-85.0,220.0,600.0,35.0,220.0,9.968003426429153,0.9493336596599193,tension,1.4
M158-L02-P02,158,top_transverse,2,2,90.0,170.0,80.0,600.0,5.0,220.0,600.0,85.0,220.0,9.968003426429153,0.9493336596599193,tension,0.9333333333333333
M159-L01-P01,159,bottom_transverse,1,1,0.0,120.0,120.0,700.0,-85.0,0.0,700.0,35.0,0.0,1.1166560406574197,0.1063481943483257,tension,1.4
M159-L01-P02,159,bottom_transverse,1,2,90.0,170.0,80.0,700.0,5.0,0.0,700.0,85.0,0.0,1.1166560406574197,0.1063481943483257,tension,0.9333333333333333
M159-L02-P01,159,bottom_transverse,2,1,0.0,120.0,120.0,700.0,-85.0,0.0,700.0,35.0,0.0,1.1166560406574197,0.1063481943483257,tension,1.4
M159-L02-P02,159,bottom_transverse,2,2,90.0,170.0,80.0,700.0,5.0,0.0,700.0,85.0,0.0,1.1166560406574197,0.1063481943483257,tension,0.9333333333333333
M160-L01-P01,160,top_transverse,1,1,0.0,120.0,120.0,700.0,-85.0,220.0,700.0,35.0,220.0,12.088238286063689,1.1512607891489228,tension,1.4
M160-L01-P02,160,top_transverse,1,2,90.0,170.0,80.0,700.0,5.0,220.0,700.0,85.0,220.0,12.088238286063689,1.1512607891489228,tension,0.9333333333333333
M160-L02-P01,160,top_transverse,2,1,0.0,120.0,120.0,700.0,-85.0,220.0,700.0,35.0,220.0,12.088238286063689,1.1512607891489228,tension,1.4
M160-L02-P02,160,top_transverse,2,2,90.0,170.0,80.0,700.0,5.0,220.0,700.0,85.0,220.0,12.088238286063689,1.1512607891489228,tension,0.9333333333333333
M161-L01-P01,161,bottom_transverse,1,1,0.0,120.0,120.0,800.0,-85.0,0.0,800.0,35.0,0.0,-1.6461572721822746,-0.15677688306497853,compression,1.4
M161-L01-P02,161,bottom_transverse,1,2,90.0,170.0,80.0,800.0,5.0,0.0,800.0,85.0,0.0,-1.6461572721822746,-0.15677688306497853,compression,0.9333333333333333
M161-L02-P01,161,bottom_transverse,2,1,0.0,120.0,120.0,800.0,-85.0,0.0,800.0,35.0,0.0,-1.6461572721822746,-0.15677688306497853,compression,1.4
M161-L02-P02,161,bottom_transverse,2,2,90.0,170.0,80.0,800.0,5.0,0.0,800.0,85.0,0.0,-1.6461572721822746,-0.15677688306497853,compression,0.9333333333333333
M162-L01-P01,162,top_transverse,1,1,0.0,120.0,120.0,800.0,-85.0,220.0,800.0,35.0,220.0,8.982209675916133,0.8554485405634412,tension,1.4
M162-L01-P02,162,top_transverse,1,2,90.0,170.0,80.0,800.0,5.0,220.0,800.0,85.0,220.0,8.982209675916133,0.8554485405634412,tension,0.9333333333333333
M162-L02-P01,162,top_transverse,2,1,0.0,120.0,120.0,800.0,-85.0,220.0,800.0,35.0,220.0,8.982209675916133,0.8554485405634412,tension,1.4
M162-L02-P02,162,top_transverse,2,2,90.0,170.0,80.0,800.0,5.0,220.0,800.0,85.0,220.0,8.982209675916133,0.8554485405634412,tension,0.9333333333333333
M163-L01-P01,163,bottom_transverse,1,1,0.0,120.0,120.0,900.0,-85.0,0.0,900.0,35.0,0.0,-1.006079762395532,-0.0958171202281459,compression,1.4
M163-L01-P02,163,bottom_transverse,1,2,90.0,170.0,80.0,900.0,5.0,0.0,900.0,85.0,0.0,-1.006079762395532,-0.0958171202281459,compression,0.9333333333333333
M163-L02-P01,163,bottom_transverse,2,1,0.0,120.0,120.0,900.0,-85.0,0.0,900.0,35.0,0.0,-1.006079762395532,-0.0958171202281459,compression,1.4
M163-L02-P02,163,bottom_transverse,2,2,90.0,170.0,80.0,900.0,5.0,0.0,900.0,85.0,0.0,-1.006079762395532,-0.0958171202281459,compression,0.9333333333333333
M164-L01-P01,164,top_transverse,1,1,0.0,120.0,120.0,900.0,-85.0,183.33333333333331,900.0,35.0,183.33333333333331,9.352902160505888,0.8907525867148465,tension,1.4
M164-L01-P02,164,top_transverse,1,2,90.0,170.0,80.0,900.0,5.0,183.33333333333331,900.0,85.0,183.33333333333331,9.352902160505888,0.8907525867148465,tension,0.9333333333333333
M164-L02-P01,164,top_transverse,2,1,0.0,120.0,120.0,900.0,-85.0,183.33333333333331,900.0,35.0,183.33333333333331,9.352902160505888,0.8907525867148465,tension,1.4
M164-L02-P02,164,top_transverse,2,2,90.0,170.0,80.0,900.0,5.0,183.33333333333331,900.0,85.0,183.33333333333331,9.352902160505888,0.8907525867148465,tension,0.9333333333333333
M165-L01-P01,165,bottom_transverse,1,1,0.0,120.0,120.0,1000.0,-85.0,0.0,1000.0,35.0,0.0,-0.31438353426635074,-0.02994128897774769,compression,1.4
M165-L01-P02,165,bottom_transverse,1,2,90.0,170.0,80.0,1000.0,5.0,0.0,1000.0,85.0,0.0,-0.31438353426635074,-0.02994128897774769,compression,0.9333333333333333
M165-L02-P01,165,bottom_transverse,2,1,0.0,120.0,120.0,1000.0,-85.0,0.0,1000.0,35.0,0.0,-0.31438353426635074,-0.02994128897774769,compression,1.4
M165-L02-P02,165,bottom_transverse,2,2,90.0,170.0,80.0,1000.0,5.0,0.0,1000.0,85.0,0.0,-0.31438353426635074,-0.02994128897774769,compression,0.9333333333333333
M166-L01-P01,166,top_transverse,1,1,0.0,120.0,120.0,1000.0,-85.0,146.66666666666666,1000.0,35.0,146.66666666666666,9.384652000857953,0.8937763810340907,tension,1.4
M166-L01-P02,166,top_transverse,1,2,90.0,170.0,80.0,1000.0,5.0,146.66666666666666,1000.0,85.0,146.66666666666666,9.384652000857953,0.8937763810340907,tension,0.9333333333333333
M166-L02-P01,166,top_transverse,2,1,0.0,120.0,120.0,1000.0,-85.0,146.66666666666666,1000.0,35.0,146.66666666666666,9.384652000857953,0.8937763810340907,tension,1.4
M166-L02-P02,166,top_transverse,2,2,90.0,170.0,80.0,1000.0,5.0,146.66666666666666,1000.0,85.0,146.66666666666666,9.384652000857953,0.8937763810340907,tension,0.9333333333333333
M167-L01-P01,167,bottom_transverse,1,1,0.0,120.0,120.0,1100.0,-85.0,0.0,1100.0,35.0,0.0,0.9869786577344222,0.0939979674032783,tension,1.4
M167-L01-P02,167,bottom_transverse,1,2,90.0,170.0,80.0,1100.0,5.0,0.0,1100.0,85.0,0.0,0.9869786577344222,0.0939979674032783,tension,0.9333333333333333
M167-L02-P01,167,bottom_transverse,2,1,0.0,120.0,120.0,1100.0,-85.0,0.0,1100.0,35.0,0.0,0.9869786577344222,0.0939979674032783,tension,1.4
M167-L02-P02,167,bottom_transverse,2,2,90.0,170.0,80.0,1100.0,5.0,0.0,1100.0,85.0,0.0,0.9869786577344222,0.0939979674032783,tension,0.9333333333333333
M168-L01-P01,168,top_transverse,1,1,0.0,120.0,120.0,1100.0,-85.0,109.99999999999999,1100.0,35.0,109.99999999999999,8.016867957239445,0.7635112340228043,tension,1.4
M168-L01-P02,168,top_transverse,1,2,90.0,170.0,80.0,1100.0,5.0,109.99999999999999,1100.0,85.0,109.99999999999999,8.016867957239445,0.7635112340228043,tension,0.9333333333333333
M168-L02-P01,168,top_transverse,2,1,0.0,120.0,120.0,1100.0,-85.0,109.99999999999999,1100.0,35.0,109.99999999999999,8.016867957239445,0.7635112340228043,tension,1.4
M168-L02-P02,168,top_transverse,2,2,90.0,170.0,80.0,1100.0,5.0,109.99999999999999,1100.0,85.0,109.99999999999999,8.016867957239445,0.7635112340228043,tension,0.9333333333333333
M169-L01-P01,169,bottom_transverse,1,1,0.0,120.0,120.0,1200.0,-85.0,0.0,1200.0,35.0,0.0,2.606530716275703,0.248241020597686,tension,1.4
M169-L01-P02,169,bottom_transverse,1,2,90.0,170.0,80.0,1200.0,5.0,0.0,1200.0,85.0,0.0,2.606530716275703,0.248241020597686,tension,0.9333333333333333
M169-L02-P01,169,bottom_transverse,2,1,0.0,120.0,120.0,1200.0,-85.0,0.0,1200.0,35.0,0.0,2.606530716275703,0.248241020597686,tension,1.4
M169-L02-P02,169,bottom_transverse,2,2,90.0,170.0,80.0,1200.0,5.0,0.0,1200.0,85.0,0.0,2.606530716275703,0.248241020597686,tension,0.9333333333333333
M170-L01-P01,170,top_transverse,1,1,0.0,120.0,120.0,1200.0,-85.0,73.33333333333331,1200.0,35.0,73.33333333333331,4.91968089557165,0.4685410376734905,tension,1.4
M170-L01-P02,170,top_transverse,1,2,90.0,170.0,80.0,1200.0,5.0,73.33333333333331,1200.0,85.0,73.33333333333331,4.91968089557165,0.4685410376734905,tension,0.9333333333333333
M170-L02-P01,170,top_transverse,2,1,0.0,120.0,120.0,1200.0,-85.0,73.33333333333331,1200.0,35.0,73.33333333333331,4.91968089557165,0.4685410376734905,tension,1.4
M170-L02-P02,170,top_transverse,2,2,90.0,170.0,80.0,1200.0,5.0,73.33333333333331,1200.0,85.0,73.33333333333331,4.91968089557165,0.4685410376734905,tension,0.9333333333333333
M171-L01-P01,171,bottom_transverse,1,1,0.0,120.0,120.0,1300.0,-85.0,0.0,1300.0,35.0,0.0,0.07676930116374034,0.007311362015594318,tension,1.4
M171-L01-P02,171,bottom_transverse,1,2,90.0,170.0,80.0,1300.0,5.0,0.0,1300.0,85.0,0.0,0.07676930116374034,0.007311362015594318,tension,0.9333333333333333
M171-L02-P01,171,bottom_transverse,2,1,0.0,120.0,120.0,1300.0,-85.0,0.0,1300.0,35.0,0.0,0.07676930116374034,0.007311362015594318,tension,1.4
M171-L02-P02,171,bottom_transverse,2,2,90.0,170.0,80.0,1300.0,5.0,0.0,1300.0,85.0,0.0,0.07676930116374034,0.007311362015594318,tension,0.9333333333333333
M172-L01-P01,172,top_transverse,1,1,0.0,120.0,120.0,1300.0,-85.0,73.33333333333331,1300.0,35.0,73.33333333333331,-0.07676930116394586,-0.007311362015613891,compression,1.4
M172-L01-P02,172,top_transverse,1,2,90.0,170.0,80.0,1300.0,5.0,73.33333333333331,1300.0,85.0,73.33333333333331,-0.07676930116394586,-0.007311362015613891,compression,0.9333333333333333
M172-L02-P01,172,top_transverse,2,1,0.0,120.0,120.0,1300.0,-85.0,73.33333333333331,1300.0,35.0,73.33333333333331,-0.07676930116394586,-0.007311362015613891,compression,1.4
M172-L02-P02,172,top_transverse,2,2,90.0,170.0,80.0,1300.0,5.0,73.33333333333331,1300.0,85.0,73.33333333333331,-0.07676930116394586,-0.007311362015613891,compression,0.9333333333333333
M173-L01-P01,173,bottom_bracing,1,1,0.0,120.0,120.0,-100.0,-85.0,0.0,-39.15758481239274,18.432105818932342,0.0,-0.3641737294822922,-0.034683212331646875,compression,1.4
M173-L01-P02,173,bottom_bracing,1,2,90.0,197.2308292331602,107.2308292331602,-54.368188609294556,-7.425920635800736,0.0,-1.4210854715202004e-14,85.0,0.0,-0.3641737294822922,-0.034683212331646875,compression,1.2510263410535354
M174-L01-P01,174,top_bracing,1,1,0.0,120.0,120.0,-100.0,-85.0,73.33333333333333,-39.15758481239274,18.432105818932342,73.33333333333333,0.3641737294826103,0.03468321233167717,tension,1.4
M174-L01-P02,174,top_bracing,1,2,90.0,197.2308292331602,107.2308292331602,-54.368188609294556,-7.425920635800736,73.33333333333333,-1.4210854715202004e-14,85.0,73.33333333333333,0.3641737294826103,0.03468321233167717,tension,1.2510263410535354
M175-L01-P01,175,bottom_bracing,1,1,0.0,120.0,120.0,0.0,-85.0,0.0,60.84241518760726,18.432105818932342,0.0,5.724443940456469,0.5451851371863304,tension,1.4
M175-L01-P02,175,bottom_bracing,1,2,90.0,197.2308292331602,107.2308292331602,45.631811390705444,-7.425920635800736,0.0,99.99999999999999,85.0,0.0,5.724443940456469,0.5451851371863304,tension,1.2510263410535354
M176-L01-P01,176,top_bracing,1,1,0.0,120.0,120.0,0.0,-85.0,73.33333333333333,59.81750268800871,16.689754569614806,95.26641765226987,-5.822526506330321,-0.554526333936221,compression,1.4
M176-L01-P02,176,top_bracing,1,2,90.0,200.61018031108102,110.61018031108102,44.86312701600653,-8.7326840727889,89.78314657253573,100.0,85.0,110.0,-5.822526506330321,-0.554526333936221,compression,1.2904521036292784
M177-L01-P01,177,bottom_bracing,1,1,0.0,120.0,120.0,100.0,-85.0,0.0,160.84241518760726,18.432105818932342,0.0,10.589138854867006,1.0084894147492387,tension,1.4
M177-L01-P02,177,bottom_bracing,1,2,90.0,197.2308292331602,107.2308292331602,145.63181139070545,-7.425920635800736,0.0,200.0,85.0,0.0,10.589138854867006,1.0084894147492387,tension,1.2510263410535354
M178-L01-P01,178,top_bracing,1,1,0.0,120.0,120.0,100.0,-85.0,110.0,159.81750268800872,16.689754569614806,131.93308431893655,-10.77057305530366,-1.0257688624098722,compression,1.4
M178-L01-P02,178,top_bracing,1,2,90.0,200.61018031108102,110.61018031108102,144.86312701600653,-8.7326840727889,126.4498132392024,200.0,85.0,146.66666666666669,-10.77057305530366,-1.0257688624098722,compression,1.2904521036292784
M179-L01-P01,179,bottom_bracing,1,1,0.0,120.0,120.0,200.0,-85.0,0.0,260.84241518760723,18.432105818932342,0.0,11.91749234530947,1.1349992709818542,tension,1.4
M179-L01-P02,179,bottom_bracing,1,2,90.0,197.2308292331602,107.2308292331602,245.63181139070545,-7.425920635800736,0.0,300.0,85.0,0.0,11.91749234530947,1.1349992709818542,tension,1.2510263410535354
M180-L01-P01,180,top_bracing,1,1,0.0,120.0,120.0,200.0,-85.0,146.66666666666669,259.8175026880087,16.689754569614806,168.5997509856032,-12.121686541316882,-1.1544463372682745,compression,1.4
M180-L01-P02,180,top_bracing,1,2,90.0,200.61018031108102,110.61018031108102,244.86312701600653,-8.7326840727889,163.11647990586908,300.0,85.0,183.33333333333334,-12.121686541316882,-1.1544463372682745,compression,1.2904521036292784
M181-L01-P01,181,bottom_bracing,1,1,0.0,120.0,120.0,300.0,-85.0,0.0,360.84241518760723,18.432105818932342,0.0,12.11982243359797,1.1542688031998065,tension,1.4
M181-L01-P02,181,bottom_bracing,1,2,90.0,197.2308292331602,107.2308292331602,345.6318113907054,-7.425920635800736,0.0,400.0,85.0,0.0,12.11982243359797,1.1542688031998065,tension,1.2510263410535354
M182-L01-P01,182,top_bracing,1,1,0.0,120.0,120.0,300.0,-85.0,183.33333333333334,359.8175026880087,16.689754569614806,205.26641765226987,-12.327483351337298,-1.174046033460695,compression,1.4
M182-L01-P02,182,top_bracing,1,2,90.0,200.61018031108102,110.61018031108102,344.8631270160065,-8.7326840727889,199.78314657253574,400.0,85.0,220.0,-12.327483351337298,-1.174046033460695,compression,1.2904521036292784
M183-L01-P01,183,bottom_bracing,1,1,0.0,120.0,120.0,400.0,-85.0,0.0,460.84241518760723,18.432105818932342,0.0,12.542199189802565,1.1944951609335777,tension,1.4
M183-L01-P02,183,bottom_bracing,1,2,90.0,197.2308292331602,107.2308292331602,445.6318113907054,-7.425920635800736,0.0,500.0,85.0,0.0,12.542199189802565,1.1944951609335777,tension,1.2510263410535354
M184-L01-P01,184,top_bracing,1,1,0.0,120.0,120.0,400.0,-85.0,220.0,460.84241518760723,18.432105818932342,220.0,-12.542199189801837,-1.1944951609335082,compression,1.4
M184-L01-P02,184,top_bracing,1,2,90.0,197.2308292331602,107.2308292331602,445.6318113907054,-7.425920635800736,220.0,500.0,85.0,220.0,-12.542199189801837,-1.1944951609335082,compression,1.2510263410535354
M185-L01-P01,185,bottom_bracing,1,1,0.0,120.0,120.0,500.0,-85.0,0.0,560.8424151876072,18.432105818932342,0.0,12.916024604946124,1.2300975814234403,tension,1.4
M185-L01-P02,185,bottom_bracing,1,2,90.0,197.2308292331602,107.2308292331602,545.6318113907055,-7.425920635800736,0.0,600.0,85.0,0.0,12.916024604946124,1.2300975814234403,tension,1.2510263410535354
M186-L01-P01,186,top_bracing,1,1,0.0,120.0,120.0,500.0,-85.0,220.0,560.8424151876072,18.432105818932342,220.0,-12.916024604945587,-1.2300975814233892,compression,1.4
M186-L01-P02,186,top_bracing,1,2,90.0,197.2308292331602,107.2308292331602,545.6318113907055,-7.425920635800736,220.0,600.0,85.0,220.0,-12.916024604945587,-1.2300975814233892,compression,1.2510263410535354
M187-L01-P01,187,bottom_bracing,1,1,0.0,120.0,120.0,600.0,-85.0,0.0,660.8424151876072,18.432105818932342,0.0,12.915979212979126,1.2300932583789643,tension,1.4
M187-L01-P02,187,bottom_bracing,1,2,90.0,197.2308292331602,107.2308292331602,645.6318113907055,-7.425920635800736,0.0,700.0,85.0,0.0,12.915979212979126,1.2300932583789643,tension,1.2510263410535354
M188-L01-P01,188,top_bracing,1,1,0.0,120.0,120.0,600.0,-85.0,220.0,660.8424151876072,18.432105818932342,220.0,-12.915979212978288,-1.2300932583788846,compression,1.4
M188-L01-P02,188,top_bracing,1,2,90.0,197.2308292331602,107.2308292331602,645.6318113907055,-7.425920635800736,220.0,700.0,85.0,220.0,-12.915979212978288,-1.2300932583788846,compression,1.2510263410535354
M189-L01-P01,189,bottom_bracing,1,1,0.0,120.0,120.0,700.0,-85.0,0.0,760.8424151876072,18.432105818932342,0.0,12.542070954801654,1.194482948076348,tension,1.4
M189-L01-P02,189,bottom_bracing,1,2,90.0,197.2308292331602,107.2308292331602,745.6318113907055,-7.425920635800736,0.0,800.0,85.0,0.0,12.542070954801654,1.194482948076348,tension,1.2510263410535354
M190-L01-P01,190,top_bracing,1,1,0.0,120.0,120.0,700.0,-85.0,220.0,760.8424151876072,18.432105818932342,220.0,-12.542070954800922,-1.1944829480762782,compression,1.4
M190-L01-P02,190,top_bracing,1,2,90.0,197.2308292331602,107.2308292331602,745.6318113907055,-7.425920635800736,220.0,800.0,85.0,220.0,-12.542070954800922,-1.1944829480762782,compression,1.2510263410535354
M191-L01-P01,191,bottom_bracing,1,1,0.0,120.0,120.0,800.0,-85.0,0.0,860.8424151876072,18.432105818932342,0.0,12.11959524011367,1.1542471657251114,tension,1.4
M191-L01-P02,191,bottom_bracing,1,2,90.0,197.2308292331602,107.2308292331602,845.6318113907055,-7.425920635800736,0.0,900.0,85.0,0.0,12.11959524011367,1.1542471657251114,tension,1.2510263410535354
M192-L01-P01,192,top_bracing,1,1,0.0,120.0,120.0,800.0,-85.0,220.0,859.8175026880087,16.689754569614806,198.06691568106345,-12.327252265122073,-1.1740240252497212,compression,1.4
M192-L01-P02,192,top_bracing,1,2,90.0,200.61018031108102,110.61018031108102,844.8631270160065,-8.7326840727889,203.5501867607976,900.0,85.0,183.33333333333331,-12.327252265122073,-1.1740240252497212,compression,1.2904521036292784
M193-L01-P01,193,bottom_bracing,1,1,0.0,120.0,120.0,900.0,-85.0,0.0,960.8424151876072,18.432105818932342,0.0,11.916999991242037,1.1349523801182893,tension,1.4
M193-L01-P02,193,bottom_bracing,1,2,90.0,197.2308292331602,107.2308292331602,945.6318113907055,-7.425920635800736,0.0,1000.0,85.0,0.0,11.916999991242037,1.1349523801182893,tension,1.2510263410535354
M194-L01-P01,194,top_bracing,1,1,0.0,120.0,120.0,900.0,-85.0,183.33333333333331,959.8175026880087,16.689754569614806,161.4002490143968,-12.121185751259402,-1.1543986429770858,compression,1.4
M194-L01-P02,194,top_bracing,1,2,90.0,200.61018031108102,110.61018031108102,944.8631270160065,-8.7326840727889,166.88352009413092,1000.0,85.0,146.66666666666666,-12.121185751259402,-1.1543986429770858,compression,1.2904521036292784
M195-L01-P01,195,bottom_bracing,1,1,0.0,120.0,120.0,1000.0,-85.0,0.0,1060.8424151876072,18.432105818932342,0.0,10.58828025998754,1.0084076438083371,tension,1.4
M195-L01-P02,195,bottom_bracing,1,2,90.0,197.2308292331602,107.2308292331602,1045.6318113907055,-7.425920635800736,0.0,1100.0,85.0,0.0,10.58828025998754,1.0084076438083371,tension,1.2510263410535354
M196-L01-P01,196,top_bracing,1,1,0.0,120.0,120.0,1000.0,-85.0,146.66666666666666,1059.8175026880087,16.689754569614806,124.73358234773013,-10.769699749267668,-1.0256856904064446,compression,1.4
M196-L01-P02,196,top_bracing,1,2,90.0,200.61018031108102,110.61018031108102,1044.8631270160065,-8.7326840727889,130.21685342746426,1100.0,85.0,109.99999999999999,-10.769699749267668,-1.0256856904064446,compression,1.2904521036292784
M197-L01-P01,197,bottom_bracing,1,1,0.0,120.0,120.0,1100.0,-85.0,0.0,1160.8424151876072,18.432105818932342,0.0,5.723612633644951,0.545105965109043,tension,1.4
M197-L01-P02,197,bottom_bracing,1,2,90.0,197.2308292331602,107.2308292331602,1145.6318113907055,-7.425920635800736,0.0,1200.0,85.0,0.0,5.723612633644951,0.545105965109043,tension,1.2510263410535354
M198-L01-P01,198,top_bracing,1,1,0.0,120.0,120.0,1100.0,-85.0,109.99999999999999,1159.8175026880087,16.689754569614806,88.06691568106345,-5.821680955915745,-0.5544458053253091,compression,1.4
M198-L01-P02,198,top_bracing,1,2,90.0,200.61018031108102,110.61018031108102,1144.8631270160065,-8.7326840727889,93.55018676079759,1200.0,85.0,73.33333333333331,-5.821680955915745,-0.5544458053253091,compression,1.2904521036292784
M199-L01-P01,199,bottom_bracing,1,1,0.0,120.0,120.0,1200.0,-85.0,0.0,1260.8424151876072,18.432105818932342,0.0,-0.3562652453693058,-0.03393002336850531,compression,1.4
M199-L01-P02,199,bottom_bracing,1,2,90.0,197.2308292331602,107.2308292331602,1245.6318113907055,-7.425920635800736,0.0,1300.0,85.0,0.0,-0.3562652453693058,-0.03393002336850531,compression,1.2510263410535354
M200-L01-P01,200,top_bracing,1,1,0.0,120.0,120.0,1200.0,-85.0,73.33333333333331,1260.8424151876072,18.432105818932342,73.33333333333331,0.3562652453699574,0.033930023368567375,tension,1.4
M200-L01-P02,200,top_bracing,1,2,90.0,197.2308292331602,107.2308292331602,1245.6318113907055,-7.425920635800736,73.33333333333331,1300.0,85.0,73.33333333333331,0.3562652453699574,0.033930023368567375,tension,1.2510263410535354
M201-L01-P01,201,cross_frame_bracing,1,1,0.0,120.0,120.0,-100.0,-85.0,0.0,-100.0,25.18534554454814,47.53093337215802,0.14368292034006144,0.013684087651434423,tension,1.4
M201-L01-P02,201,cross_frame_bracing,1,2,90.0,185.14258769331755,95.14258769331755,-100.0,-2.3609908415888867,35.64820002911851,-100.0,85.0,73.33333333333333,0.14368292034006144,0.013684087651434423,tension,1.1099968564220382
M202-L01-P01,202,cross_frame_bracing,1,1,0.0,120.0,120.0,-100.0,-85.0,73.33333333333333,-100.0,25.18534554454814,25.80239996117531,-0.1981706677043741,-0.018873396924226106,compression,1.4
M202-L01-P02,202,cross_frame_bracing,1,2,90.0,185.14258769331755,95.14258769331755,-100.0,-2.3609908415888867,37.685133304214816,-100.0,85.0,0.0,-0.1981706677043741,-0.018873396924226106,compression,1.1099968564220382
M203-L01-P01,203,cross_frame_bracing,1,1,0.0,120.0,120.0,0.0,-85.0,0.0,0.0,25.18534554454814,47.53093337215802,-11.054325427452873,-1.0527928978526546,compression,1.4
M203-L01-P02,203,cross_frame_bracing,1,2,90.0,185.14258769331755,95.14258769331755,0.0,-2.3609908415888867,35.64820002911851,0.0,85.0,73.33333333333333,-11.054325427452873,-1.0527928978526546,compression,1.1099968564220382
M204-L01-P01,204,cross_frame_bracing,1,1,0.0,120.0,120.0,0.0,-85.0,73.33333333333333,0.0,25.18534554454814,25.80239996117531,-5.338878023664372,-0.5084645736823211,compression,1.4
M204-L01-P02,204,cross_frame_bracing,1,2,90.0,185.14258769331755,95.14258769331755,0.0,-2.3609908415888867,37.685133304214816,0.0,85.0,0.0,-5.338878023664372,-0.5084645736823211,compression,1.1099968564220382
M205-L01-P01,205,cross_frame_bracing,1,1,0.0,120.0,120.0,100.0,-85.0,0.0,100.0,15.748418858258134,65.1901533788729,-13.221491994360738,-1.2591897137486416,compression,1.4
M205-L01-P02,205,cross_frame_bracing,1,2,90.0,202.48456731316588,112.48456731316588,100.0,-9.438685856306407,48.89261503415468,100.0,85.0,110.0,-13.221491994360738,-1.2591897137486416,compression,1.3123199519869353
M206-L01-P01,206,cross_frame_bracing,1,1,0.0,120.0,120.0,100.0,-85.0,110.0,100.0,15.748418858258134,44.80984662112709,-8.227213723135186,-0.783544164108113,compression,1.4
M206-L01-P02,206,cross_frame_bracing,1,2,90.0,202.48456731316588,112.48456731316588,100.0,-9.438685856306407,61.10738496584532,100.0,85.0,0.0,-8.227213723135186,-0.783544164108113,compression,1.3123199519869353
M207-L01-P01,207,cross_frame_bracing,1,1,0.0,120.0,120.0,200.0,-85.0,0.0,200.0,5.858807501502596,78.3879907856101,-12.735467779126205,-1.2129016932501149,compression,1.4
M207-L01-P02,207,cross_frame_bracing,1,2,90.0,210.0,120.0,200.0,-16.855894373873056,58.790993089207575,200.0,74.00291312762954,137.17898387481767,-12.735467779126205,-1.2129016932501149,compression,1.4
M207-L01-P03,207,cross_frame_bracing,1,3,180.0,224.5241882539855,44.5241882539855,200.0,51.28821125225389,117.58198617841515,200.0,85.0,146.66666666666669,-12.735467779126205,-1.2129016932501149,compression,0.5194488629631642
M208-L01-P01,208,cross_frame_bracing,1,1,0.0,120.0,120.0,200.0,-85.0,146.66666666666669,200.0,5.858807501502596,68.27867588105659,-11.223292982135698,-1.0688850459176855,compression,1.4
M208-L01-P02,208,cross_frame_bracing,1,2,90.0,210.0,120.0,200.0,-16.855894373873056,87.87567357745911,200.0,74.00291312762954,9.48768279184901,-11.223292982135698,-1.0688850459176855,compression,1.4
M208-L01-P03,208,cross_frame_bracing,1,3,180.0,224.5241882539855,44.5241882539855,200.0,51.28821125225389,29.084680488251536,200.0,85.0,0.0,-11.223292982135698,-1.0688850459176855,compression,0.5194488629631642
M209-L01-P01,209,cross_frame_bracing,1,1,0.0,120.0,120.0,300.0,-85.0,0.0,300.0,-3.4072523663654692,87.99217882058625,-12.404073041746344,-1.181340289690128,compression,1.4
M209-L01-P02,209,cross_frame_bracing,1,2,90.0,210.0,120.0,300.0,-23.805439274774102,65.99413411543969,300.0,57.78730835886043,153.98631293602594,-12.404073041746344,-1.181340289690128,compression,1.4
M209-L01-P03,209,cross_frame_bracing,1,3,180.0,250.0222212346557,70.02222123465569,300.0,37.389121450451796,131.98826823087938,300.0,85.0,183.33333333333334,-12.404073041746344,-1.181340289690128,compression,0.8169259144043164
M210-L01-P01,210,cross_frame_bracing,1,1,0.0,120.0,120.0,300.0,-85.0,183.33333333333334,300.0,-3.4072523663654692,95.3411545127471,-12.147586678569017,-1.156913017006573,compression,1.4
M210-L01-P02,210,cross_frame_bracing,1,2,90.0,210.0,120.0,300.0,-23.805439274774102,117.33919921789365,300.0,57.78730835886043,29.347020397307404,-12.147586678569017,-1.156913017006573,compression,1.4
M210-L01-P03,210,cross_frame_bracing,1,3,180.0,250.0222212346557,70.02222123465569,300.0,37.389121450451796,51.34506510245396,300.0,85.0,0.0,-12.147586678569017,-1.156913017006573,compression,0.8169259144043164
M211-L01-P01,211,cross_frame_bracing,1,1,0.0,120.0,120.0,400.0,-85.0,0.0,400.0,-11.626299870908156,94.95420016706005,-12.295549298078614,-1.171004695055106,compression,1.4
M211-L01-P02,211,cross_frame_bracing,1,2,90.0,210.0,120.0,400.0,-29.969724903181117,71.21565012529504,400.0,43.40397522591073,166.16985029235508,-12.295549298078614,-1.171004695055106,compression,1.4
M211-L01-P03,211,cross_frame_bracing,1,3,180.0,278.0287754891569,98.02877548915689,400.0,25.060550193637766,142.43130025059008,400.0,85.0,220.0,-12.295549298078614,-1.171004695055106,compression,1.143669047373497
M212-L01-P01,212,cross_frame_bracing,1,1,0.0,120.0,120.0,400.0,-85.0,220.0,400.0,-11.626299870908156,125.04579983293995,-11.700140898797263,-1.114299133218787,compression,1.4
M212-L01-P02,212,cross_frame_bracing,1,2,90.0,210.0,120.0,400.0,-29.969724903181117,148.78434987470496,400.0,43.40397522591073,53.83014970764492,-11.700140898797263,-1.114299133218787,compression,1.4
M212-L01-P03,212,cross_frame_bracing,1,3,180.0,278.0287754891569,98.02877548915689,400.0,25.060550193637766,77.56869974940992,400.0,85.0,0.0,-11.700140898797263,-1.114299133218787,compression,1.143669047373497
M213-L01-P01,213,cross_frame_bracing,1,1,0.0,120.0,120.0,500.0,-85.0,0.0,500.0,-11.626299870908156,94.95420016706005,-21.85960489021475,-2.081867132401405,compression,1.4
M213-L01-P02,213,cross_frame_bracing,1,2,90.0,210.0,120.0,500.0,-29.969724903181117,71.21565012529504,500.0,43.40397522591073,166.16985029235508,-21.85960489021475,-2.081867132401405,compression,1.4
M213-L01-P03,213,cross_frame_bracing,1,3,180.0,278.0287754891569,98.02877548915689,500.0,25.060550193637766,142.43130025059008,500.0,85.0,220.0,-21.85960489021475,-2.081867132401405,compression,1.143669047373497
M214-L01-P01,214,cross_frame_bracing,1,1,0.0,120.0,120.0,500.0,-85.0,220.0,500.0,-11.626299870908156,125.04579983293995,-21.33263746416224,-2.031679758491642,compression,1.4
M214-L01-P02,214,cross_frame_bracing,1,2,90.0,210.0,120.0,500.0,-29.969724903181117,148.78434987470496,500.0,43.40397522591073,53.83014970764492,-21.33263746416224,-2.031679758491642,compression,1.4
M214-L01-P03,214,cross_frame_bracing,1,3,180.0,278.0287754891569,98.02877548915689,500.0,25.060550193637766,77.56869974940992,500.0,85.0,0.0,-21.33263746416224,-2.031679758491642,compression,1.143669047373497
M215-L01-P01,215,cross_frame_bracing,1,1,0.0,120.0,120.0,600.0,-85.0,0.0,600.0,-11.626299870908156,94.95420016706005,-14.397382124463405,-1.3711792499488957,compression,1.4
M215-L01-P02,215,cross_frame_bracing,1,2,90.0,210.0,120.0,600.0,-29.969724903181117,71.21565012529504,600.0,43.40397522591073,166.16985029235508,-14.397382124463405,-1.3711792499488957,compression,1.4
M215-L01-P03,215,cross_frame_bracing,1,3,180.0,278.0287754891569,98.02877548915689,600.0,25.060550193637766,142.43130025059008,600.0,85.0,220.0,-14.397382124463405,-1.3711792499488957,compression,1.143669047373497
M216-L01-P01,216,cross_frame_bracing,1,1,0.0,120.0,120.0,600.0,-85.0,220.0,600.0,-11.626299870908156,125.04579983293995,-14.397446111787904,-1.3711853439798003,compression,1.4
M216-L01-P02,216,cross_frame_bracing,1,2,90.0,210.0,120.0,600.0,-29.969724903181117,148.78434987470496,600.0,43.40397522591073,53.83014970764492,-14.397446111787904,-1.3711853439798003,compression,1.4
M216-L01-P03,216,cross_frame_bracing,1,3,180.0,278.0287754891569,98.02877548915689,600.0,25.060550193637766,77.56869974940992,600.0,85.0,0.0,-14.397446111787904,-1.3711853439798003,compression,1.143669047373497
M217-L01-P01,217,cross_frame_bracing,1,1,0.0,120.0,120.0,700.0,-85.0,0.0,700.0,-11.626299870908156,94.95420016706005,-21.33257907383066,-2.031674197507682,compression,1.4
M217-L01-P02,217,cross_frame_bracing,1,2,90.0,210.0,120.0,700.0,-29.969724903181117,71.21565012529504,700.0,43.40397522591073,166.16985029235508,-21.33257907383066,-2.031674197507682,compression,1.4
M217-L01-P03,217,cross_frame_bracing,1,3,180.0,278.0287754891569,98.02877548915689,700.0,25.060550193637766,142.43130025059008,700.0,85.0,220.0,-21.33257907383066,-2.031674197507682,compression,1.143669047373497
M218-L01-P01,218,cross_frame_bracing,1,1,0.0,120.0,120.0,700.0,-85.0,220.0,700.0,-11.626299870908156,125.04579983293995,-21.8596632805468,-2.0818726933854097,compression,1.4
M218-L01-P02,218,cross_frame_bracing,1,2,90.0,210.0,120.0,700.0,-29.969724903181117,148.78434987470496,700.0,43.40397522591073,53.83014970764492,-21.8596632805468,-2.0818726933854097,compression,1.4
M218-L01-P03,218,cross_frame_bracing,1,3,180.0,278.0287754891569,98.02877548915689,700.0,25.060550193637766,77.56869974940992,700.0,85.0,0.0,-21.8596632805468,-2.0818726933854097,compression,1.143669047373497
M219-L01-P01,219,cross_frame_bracing,1,1,0.0,120.0,120.0,800.0,-85.0,0.0,800.0,-11.626299870908156,94.95420016706005,-11.70007114979801,-1.1142924904569533,compression,1.4
M219-L01-P02,219,cross_frame_bracing,1,2,90.0,210.0,120.0,800.0,-29.969724903181117,71.21565012529504,800.0,43.40397522591073,166.16985029235508,-11.70007114979801,-1.1142924904569533,compression,1.4
M219-L01-P03,219,cross_frame_bracing,1,3,180.0,278.0287754891569,98.02877548915689,800.0,25.060550193637766,142.43130025059008,800.0,85.0,220.0,-11.70007114979801,-1.1142924904569533,compression,1.143669047373497
M220-L01-P01,220,cross_frame_bracing,1,1,0.0,120.0,120.0,800.0,-85.0,220.0,800.0,-11.626299870908156,125.04579983293995,-12.295619047078524,-1.1710113378170024,compression,1.4
M220-L01-P02,220,cross_frame_bracing,1,2,90.0,210.0,120.0,800.0,-29.969724903181117,148.78434987470496,800.0,43.40397522591073,53.83014970764492,-12.295619047078524,-1.1710113378170024,compression,1.4
M220-L01-P03,220,cross_frame_bracing,1,3,180.0,278.0287754891569,98.02877548915689,800.0,25.060550193637766,77.56869974940992,800.0,85.0,0.0,-12.295619047078524,-1.1710113378170024,compression,1.143669047373497
M221-L01-P01,221,cross_frame_bracing,1,1,0.0,120.0,120.0,900.0,-85.0,0.0,900.0,-3.4072523663654692,87.99217882058625,-12.14741861144115,-1.1568970106134429,compression,1.4
M221-L01-P02,221,cross_frame_bracing,1,2,90.0,210.0,120.0,900.0,-23.805439274774102,65.99413411543969,900.0,57.78730835886043,153.98631293602594,-12.14741861144115,-1.1568970106134429,compression,1.4
M221-L01-P03,221,cross_frame_bracing,1,3,180.0,250.02222123465566,70.02222123465566,900.0,37.389121450451796,131.98826823087938,900.0,85.0,183.33333333333331,-12.14741861144115,-1.1568970106134429,compression,0.816925914404316
M222-L01-P01,222,cross_frame_bracing,1,1,0.0,120.0,120.0,900.0,-85.0,183.33333333333331,900.0,-3.4072523663654692,95.34115451274707,-12.40424110887423,-1.18135629608326,compression,1.4
M222-L01-P02,222,cross_frame_bracing,1,2,90.0,210.0,120.0,900.0,-23.805439274774102,117.33919921789362,900.0,57.78730835886043,29.347020397307375,-12.40424110887423,-1.18135629608326,compression,1.4
M222-L01-P03,222,cross_frame_bracing,1,3,180.0,250.02222123465566,70.02222123465566,900.0,37.389121450451796,51.34506510245393,900.0,85.0,0.0,-12.40424110887423,-1.18135629608326,compression,0.816925914404316
M223-L01-P01,223,cross_frame_bracing,1,1,0.0,120.0,120.0,1000.0,-85.0,0.0,1000.0,5.858807501502611,78.3879907856101,-11.22308452101082,-1.068865192477221,compression,1.4
M223-L01-P02,223,cross_frame_bracing,1,2,90.0,210.0,120.0,1000.0,-16.855894373873042,58.790993089207575,1000.0,74.00291312762957,137.17898387481767,-11.22308452101082,-1.068865192477221,compression,1.4
M223-L01-P03,223,cross_frame_bracing,1,3,180.0,224.52418825398547,44.52418825398547,1000.0,51.288211252253916,117.58198617841515,1000.0,85.0,146.66666666666666,-11.22308452101082,-1.068865192477221,compression,0.5194488629631638
M224-L01-P01,224,cross_frame_bracing,1,1,0.0,120.0,120.0,1000.0,-85.0,146.66666666666666,1000.0,5.858807501502611,68.27867588105656,-12.735676240251147,-1.2129215466905854,compression,1.4
M224-L01-P02,224,cross_frame_bracing,1,2,90.0,210.0,120.0,1000.0,-16.855894373873042,87.87567357745908,1000.0,74.00291312762957,9.487682791848982,-12.735676240251147,-1.2129215466905854,compression,1.4
M224-L01-P03,224,cross_frame_bracing,1,3,180.0,224.52418825398547,44.52418825398547,1000.0,51.288211252253916,29.084680488251507,1000.0,85.0,0.0,-12.735676240251147,-1.2129215466905854,compression,0.5194488629631638
M225-L01-P01,225,cross_frame_bracing,1,1,0.0,120.0,120.0,1100.0,-85.0,0.0,1100.0,15.748418858258134,65.19015337887289,-8.227227730612292,-0.7835454981535516,compression,1.4
M225-L01-P02,225,cross_frame_bracing,1,2,90.0,202.48456731316588,112.48456731316588,1100.0,-9.438685856306407,48.89261503415467,1100.0,85.0,109.99999999999997,-8.227227730612292,-0.7835454981535516,compression,1.3123199519869353
M226-L01-P01,226,cross_frame_bracing,1,1,0.0,120.0,120.0,1100.0,-85.0,109.99999999999999,1100.0,15.748418858258134,44.80984662112709,-13.221477986883697,-1.2591883797032093,compression,1.4
M226-L01-P02,226,cross_frame_bracing,1,2,90.0,202.48456731316588,112.48456731316588,1100.0,-9.438685856306407,61.10738496584531,1100.0,85.0,1.4210854715202004e-14,-13.221477986883697,-1.2591883797032093,compression,1.3123199519869353
M227-L01-P01,227,cross_frame_bracing,1,1,0.0,120.0,120.0,1200.0,-85.0,0.0,1200.0,25.185345544548156,47.53093337215802,-5.3429800890310055,-0.5088552465743815,compression,1.4
M227-L01-P02,227,cross_frame_bracing,1,2,90.0,185.14258769331752,95.14258769331752,1200.0,-2.3609908415888867,35.64820002911851,1200.0,85.0,73.33333333333331,-5.3429800890310055,-0.5088552465743815,compression,1.1099968564220377
M228-L01-P01,228,cross_frame_bracing,1,1,0.0,120.0,120.0,1200.0,-85.0,73.33333333333331,1200.0,25.185345544548156,25.802399961175297,-11.050223362086259,-1.052402224960596,compression,1.4
M228-L01-P02,228,cross_frame_bracing,1,2,90.0,185.14258769331752,95.14258769331752,1200.0,-2.3609908415888867,37.6851333042148,1200.0,85.0,0.0,-11.050223362086259,-1.052402224960596,compression,1.1099968564220377
M229-L01-P01,229,cross_frame_bracing,1,1,0.0,120.0,120.0,1300.0,-85.0,0.0,1300.0,25.185345544548156,47.53093337215802,-0.16721490674015377,-0.015925229213347977,compression,1.4
M229-L01-P02,229,cross_frame_bracing,1,2,90.0,185.14258769331752,95.14258769331752,1300.0,-2.3609908415888867,35.64820002911851,1300.0,85.0,73.33333333333331,-0.16721490674015377,-0.015925229213347977,compression,1.1099968564220377
M230-L01-P01,230,cross_frame_bracing,1,1,0.0,120.0,120.0,1300.0,-85.0,73.33333333333331,1300.0,25.185345544548156,25.802399961175297,0.1672149067399956,0.015925229213332913,tension,1.4
M230-L01-P02,230,cross_frame_bracing,1,2,90.0,185.14258769331752,95.14258769331752,1300.0,-2.3609908415888867,37.6851333042148,1300.0,85.0,0.0,0.1672149067399956,0.015925229213332913,tension,1.1099968564220377
M231-L01-P01,231,support_pad,1,1,0.0,100.0,100.0,-100.0,-85.0,0.0,0.0,-85.0,0.0,0.023080426302691255,0.0021981358383515483,tension,1.1666666666666667
M231-L02-P01,231,support_pad,2,1,0.0,100.0,100.0,-100.0,-85.0,0.0,0.0,-85.0,0.0,0.023080426302691255,0.0021981358383515483,tension,1.1666666666666667
M231-L03-P01,231,support_pad,3,1,0.0,100.0,100.0,-100.0,-85.0,0.0,0.0,-85.0,0.0,0.023080426302691255,0.0021981358383515483,tension,1.1666666666666667
M231-L04-P01,231,support_pad,4,1,0.0,100.0,100.0,-100.0,-85.0,0.0,0.0,-85.0,0.0,0.023080426302691255,0.0021981358383515483,tension,1.1666666666666667
M232-L01-P01,232,support_pad,1,1,0.0,100.0,100.0,1200.0,-85.0,0.0,1300.0,-85.0,0.0,-1.3988810110276972e-13,-1.3322676295501878e-14,compression,1.1666666666666667
M232-L02-P01,232,support_pad,2,1,0.0,100.0,100.0,1200.0,-85.0,0.0,1300.0,-85.0,0.0,-1.3988810110276972e-13,-1.3322676295501878e-14,compression,1.1666666666666667
M232-L03-P01,232,support_pad,3,1,0.0,100.0,100.0,1200.0,-85.0,0.0,1300.0,-85.0,0.0,-1.3988810110276972e-13,-1.3322676295501878e-14,compression,1.1666666666666667
M232-L04-P01,232,support_pad,4,1,0.0,100.0,100.0,1200.0,-85.0,0.0,1300.0,-85.0,0.0,-1.3988810110276972e-13,-1.3322676295501878e-14,compression,1.1666666666666667
M233-L01-P01,233,support_pad,1,1,0.0,100.0,100.0,-100.0,85.0,0.0,0.0,85.0,0.0,0.0,0.0,tension,1.1666666666666667
M233-L02-P01,233,support_pad,2,1,0.0,100.0,100.0,-100.0,85.0,0.0,0.0,85.0,0.0,0.0,0.0,tension,1.1666666666666667
M233-L03-P01,233,support_pad,3,1,0.0,100.0,100.0,-100.0,85.0,0.0,0.0,85.0,0.0,0.0,0.0,tension,1.1666666666666667
M233-L04-P01,233,support_pad,4,1,0.0,100.0,100.0,-100.0,85.0,0.0,0.0,85.0,0.0,0.0,0.0,tension,1.1666666666666667
M234-L01-P01,234,support_pad,1,1,0.0,100.0,100.0,1200.0,85.0,0.0,1300.0,85.0,0.0,0.022579206224746518,0.0021504005928330017,tension,1.1666666666666667
M234-L02-P01,234,support_pad,2,1,0.0,100.0,100.0,1200.0,85.0,0.0,1300.0,85.0,0.0,0.022579206224746518,0.0021504005928330017,tension,1.1666666666666667
M234-L03-P01,234,support_pad,3,1,0.0,100.0,100.0,1200.0,85.0,0.0,1300.0,85.0,0.0,0.022579206224746518,0.0021504005928330017,tension,1.1666666666666667
M234-L04-P01,234,support_pad,4,1,0.0,100.0,100.0,1200.0,85.0,0.0,1300.0,85.0,0.0,0.022579206224746518,0.0021504005928330017,tension,1.1666666666666667
